{"type":"FeatureCollection","crs":{"type":"name","properties":{"name":"EPSG:4326"}},"features":[{"type":"Feature","id":249,"geometry":{"type":"Polygon","coordinates":[[[149.124931838896,-35.2315805825519],[149.124894224759,-35.2314571588093],[149.135674790155,-35.228350255386],[149.142116291642,-35.2255627124434],[149.143608192855,-35.2257631990721],[149.143606409205,-35.2257227588363],[149.151170667989,-35.2308921411134],[149.143584415602,-35.2361550388789],[149.136713123662,-35.2409207352163],[149.136425692793,-35.2411359634767],[149.136159027966,-35.2413684887283],[149.135914671431,-35.2416169663378],[149.135694036473,-35.2418799594094],[149.135498399238,-35.2421559470913],[149.135277009324,-35.2425290758987],[149.135088631927,-35.242914212055],[149.134934227609,-35.2433093926885],[149.134814583818,-35.2437126037045],[149.134730310873,-35.24412179005],[149.134721793408,-35.2441745553261],[149.134774938737,-35.244180330034],[149.134122049828,-35.2482243381595],[149.132136262448,-35.260521869898],[149.130614053103,-35.2603564742085],[149.130748241148,-35.2595256879442],[149.13075466584,-35.2594660198413],[149.13075472697,-35.2594061195154],[149.130748424085,-35.2593464426728],[149.130735805152,-35.2592874433186],[149.130716966184,-35.2592295703029],[149.130692050515,-35.2591732639058],[149.130661247709,-35.2591189524883],[149.130624792113,-35.2590670492337],[149.130582961079,-35.2590179490037],[149.12266976304,-35.2505412937513],[149.122482247388,-35.2503575862008],[149.122275930781,-35.250187981121],[149.122052382859,-35.250033768771],[149.121082717441,-35.2494220224473],[149.121050250653,-35.2493996896544],[149.121020193676,-35.2493751918439],[149.120992760353,-35.2493487033099],[149.120968145862,-35.2493204125101],[149.120946525323,-35.2492905207243],[149.120115624521,-35.248022736212],[149.120056610562,-35.2479413132292],[149.119989266981,-35.2478643625018],[149.119914094313,-35.2477924559462],[149.119831651277,-35.2477261279879],[149.1175628648,-35.2460518961285],[149.118130837862,-35.2441073322146],[149.116957338227,-35.2439530103768],[149.11706916708,-35.2433810697369],[149.115527109795,-35.2435110346367],[149.11509260678,-35.2435417018071],[149.114657104777,-35.2435605608239],[149.114221080525,-35.2435675910358],[149.114120877419,-35.2435675925827],[149.114020676196,-35.2435670880617],[149.113920480654,-35.243566077492],[149.114235203958,-35.2419121699064],[149.114779762957,-35.2392077827246],[149.116992964296,-35.2371799717391],[149.11774899831,-35.236291547274],[149.118159110452,-35.2349175889614],[149.120156906602,-35.2332524368002],[149.124103435127,-35.2323230860626],[149.124931838896,-35.2315805825519]]]},"properties":{"OBJECTID":249,"ID":50,"DIVISION_CODE":101,"DIVISION_NAME":"LYNEHAM","LAST_UPDATE_DATE":"Fri, 19 Feb 1999 09:45:39 GMT","DIVISION_SHORT":"LYNE","GlobalID":"db3adee8-d42a-4aa2-af9a-27bf3ff5e967"}},{"type":"Feature","id":250,"geometry":{"type":"Polygon","coordinates":[[[149.13628650579,-35.2609727159468],[149.132136262448,-35.260521869898],[149.134122049828,-35.2482243381595],[149.139400472847,-35.2487977152985],[149.139865517981,-35.2488369689988],[149.140332558829,-35.2488539725886],[149.14080001464,-35.2488486685312],[149.143415457265,-35.2487564964062],[149.143522951885,-35.2487512925087],[149.143630188515,-35.2487432701619],[149.143737057365,-35.2487324375797],[149.151159072412,-35.2478807610814],[149.151386354281,-35.2478481209671],[149.15161037531,-35.2478027815199],[149.15183008234,-35.2477449558924],[149.154100917589,-35.2470759967334],[149.155005094784,-35.2495706083126],[149.15509959834,-35.2497952624073],[149.155217419397,-35.250012375219],[149.155357676264,-35.250220321698],[149.155519319298,-35.2504175453919],[149.137417309494,-35.2583383995441],[149.137292901589,-35.258398613659],[149.137175283219,-35.2584673979971],[149.137065329616,-35.2585442407278],[149.136963858982,-35.2586285700553],[149.136871626404,-35.258719758473],[149.136789318234,-35.2588171274324],[149.136717546983,-35.2589199523915],[149.136656846757,-35.2590274682064],[149.136607669289,-35.259138874824],[149.136570380572,-35.2592533432353],[149.136545258133,-35.2593700216439],[149.13628650579,-35.2609727159468]]]},"properties":{"OBJECTID":250,"ID":43,"DIVISION_CODE":102,"DIVISION_NAME":"DICKSON","LAST_UPDATE_DATE":"Fri, 19 Feb 1999 09:45:39 GMT","DIVISION_SHORT":"DICK","GlobalID":"54ad1965-febc-4f7d-a95d-29a5c7877282"}},{"type":"Feature","id":251,"geometry":{"type":"Polygon","coordinates":[[[149.130504087248,-35.2610372781679],[149.13049152203,-35.2610956150081],[149.130472873898,-35.2611528466247],[149.130448281601,-35.2612085471548],[149.130417928119,-35.2612623021274],[149.130382039304,-35.261313711548],[149.130340882195,-35.2613623928743],[149.130294763039,-35.2614079838635],[149.130244025005,-35.2614501452677],[149.130189045634,-35.2614885633583],[149.13013023403,-35.2615229522607],[149.130068027812,-35.2615530560818],[149.113211136434,-35.2689241687534],[149.111961138482,-35.2670016761201],[149.11183540325,-35.2667861239053],[149.111732984444,-35.2665624255889],[149.111654656846,-35.2663322738294],[149.111601012931,-35.2660974101026],[149.111572458384,-35.2658596115237],[149.111569209046,-35.2656206773995],[149.11159128928,-35.2653824156132],[149.111492893646,-35.2653739550342],[149.111394005043,-35.2653714726834],[149.111295162704,-35.2653749820978],[149.11119690561,-35.2653844641415],[149.111099769549,-35.2653998671102],[149.110773488683,-35.2654619364206],[149.110659745507,-35.2654878285058],[149.110549119783,-35.2655216057151],[149.110442422502,-35.2655630204312],[149.110340435864,-35.2656117690463],[149.110243907538,-35.2656674941874],[149.110153545182,-35.265729787336],[149.110124513391,-35.265695501418],[149.11065019716,-35.2650188017168],[149.110703164311,-35.264944321714],[149.110748847772,-35.2648666647629],[149.110786966261,-35.2647863090502],[149.11081728508,-35.2647037493794],[149.11083961756,-35.2646194941235],[149.110853826213,-35.2645340620949],[149.110859823572,-35.2644479793503],[149.110857572734,-35.2643617759515],[149.110787016637,-35.2634088795696],[149.110759151478,-35.2631848364872],[149.110709004453,-35.2629634183487],[149.110636912774,-35.2627461132866],[149.110543361132,-35.2625343817786],[149.110428978431,-35.2623296468323],[149.11029453356,-35.2621332844234],[149.110140930222,-35.2619466142485],[149.109969200858,-35.2617708908574],[149.109780499704,-35.2616072952235],[149.109576095036,-35.2614569268078],[149.109357360643,-35.261320796172],[149.109125766594,-35.2611998181878],[149.108882869363,-35.2610948058907],[149.108630301365,-35.2610064650165],[149.108369759992,-35.2609353892599],[149.105074082273,-35.2601577786794],[149.104567033226,-35.2600555015831],[149.104051812527,-35.2599859281423],[149.103531550421,-35.2599494810746],[149.103009407767,-35.2599463818371],[149.102488556847,-35.2599766492819],[149.101972162105,-35.2600400995402],[149.101699889061,-35.2600814554304],[149.100682525406,-35.2602069734561],[149.099656420655,-35.2602681322901],[149.098627618562,-35.2602645716225],[149.097602178805,-35.2601963123403],[149.110528916224,-35.2468894799538],[149.113875199997,-35.2438040257428],[149.113920480654,-35.243566077492],[149.114020676196,-35.2435670880618],[149.114120877419,-35.2435675925827],[149.114221080525,-35.2435675910358],[149.114657104777,-35.2435605608239],[149.11509260678,-35.2435417018071],[149.115527109795,-35.2435110346367],[149.11706916708,-35.2433810697369],[149.116957338227,-35.2439530103768],[149.118130837862,-35.2441073322146],[149.1175628648,-35.2460518961285],[149.119831651277,-35.2477261279879],[149.119914094313,-35.2477924559462],[149.119989266981,-35.2478643625018],[149.120056610562,-35.2479413132292],[149.120115624521,-35.248022736212],[149.120946525323,-35.2492905207243],[149.120968145862,-35.2493204125101],[149.120992760353,-35.2493487033099],[149.121020193676,-35.2493751918439],[149.121050250653,-35.2493996896544],[149.121082717441,-35.2494220224473],[149.122052382859,-35.250033768771],[149.122275930781,-35.250187981121],[149.122482247388,-35.2503575862008],[149.12266976304,-35.2505412937513],[149.130582961079,-35.2590179490037],[149.130624792113,-35.2590670492337],[149.130661247709,-35.2591189524883],[149.130692050515,-35.2591732639058],[149.130716966184,-35.2592295703029],[149.130735805152,-35.2592874433186],[149.130748424085,-35.2593464426728],[149.13075472697,-35.2594061195154],[149.13075466584,-35.2594660198413],[149.130748241148,-35.2595256879442],[149.130614053103,-35.2603564742085],[149.130504087248,-35.2610372781679]]]},"properties":{"OBJECTID":251,"ID":52,"DIVISION_CODE":103,"DIVISION_NAME":"O'CONNOR","LAST_UPDATE_DATE":"Fri, 19 Feb 1999 09:45:39 GMT","DIVISION_SHORT":"O'CO","GlobalID":"3bcff109-3f69-4ad8-b884-f1f61d60c6ab"}},{"type":"Feature","id":252,"geometry":{"type":"Polygon","coordinates":[[[149.136545258133,-35.2593700216439],[149.136570380572,-35.2592533432353],[149.136607669289,-35.259138874824],[149.136656846757,-35.2590274682064],[149.136717546983,-35.2589199523915],[149.136789318234,-35.2588171274324],[149.136871626404,-35.258719758473],[149.136963858982,-35.2586285700553],[149.137065329616,-35.2585442407278],[149.137175283219,-35.2584673979971],[149.137292901589,-35.258398613659],[149.137417309494,-35.2583383995441],[149.155519319298,-35.2504175453919],[149.155685111009,-35.2505875214965],[149.155866790416,-35.2507461946934],[149.156063216609,-35.250892568475],[149.156273156043,-35.2510257235726],[149.159399557468,-35.2528509113996],[149.159567853332,-35.2529582675816],[149.159724444155,-35.2530769442968],[149.159868201703,-35.2532060865163],[149.159998090185,-35.253344763807],[149.160113173719,-35.2534919770343],[149.160212623075,-35.2536466655594],[149.16029572165,-35.25380771488],[149.160361870635,-35.2539739646592],[149.16041059333,-35.254144217085],[149.160441538582,-35.2543172454991],[149.160454483319,-35.2544918032354],[149.160449334157,-35.2546666326008],[149.16042612808,-35.2548404739372],[149.160385032175,-35.2550120746975],[149.160080038966,-35.2560504235694],[149.160018755554,-35.2562315909723],[149.159942507736,-35.2564088956688],[149.159851652582,-35.2565815071069],[149.158707798456,-35.2585651396568],[149.159455857067,-35.260047422154],[149.159343089078,-35.2600857087851],[149.159110573114,-35.2601733289316],[149.15888689098,-35.2602752529837],[149.158673348283,-35.2603908860444],[149.15847119146,-35.260519553198],[149.158281600513,-35.2606605034484],[149.158105682114,-35.2608129141011],[149.15794446315,-35.2609758955645],[149.152286841189,-35.267163742925],[149.152126311587,-35.2673557423726],[149.151986179842,-35.2675581996496],[149.151867452507,-35.2677696607577],[149.151770982432,-35.267988607023],[149.151697462638,-35.2682134660018],[149.151647421334,-35.2684426227721],[149.151621218117,-35.2686744315317],[149.151439146157,-35.2716550663113],[149.144527576962,-35.2758333516596],[149.144439322044,-35.2758832060578],[149.144347360054,-35.2759283303376],[149.144252067433,-35.2759685397813],[149.143792497418,-35.2761474449488],[149.136008011929,-35.2626976095608],[149.13628650579,-35.2609727159468],[149.136545258133,-35.2593700216439]]]},"properties":{"OBJECTID":252,"ID":36,"DIVISION_CODE":104,"DIVISION_NAME":"AINSLIE","LAST_UPDATE_DATE":"Fri, 19 Feb 1999 09:45:39 GMT","DIVISION_SHORT":"AINS","GlobalID":"9621868e-1373-4f51-8878-b4a826771545"}},{"type":"Feature","id":253,"geometry":{"type":"Polygon","coordinates":[[[149.125045100221,-35.2752704593387],[149.122187606023,-35.2735626790707],[149.121967364348,-35.2734410719683],[149.121736704364,-35.273333234345],[149.121496903675,-35.2732397634908],[149.121249290497,-35.2731611771203],[149.120995236307,-35.2730979105061],[149.120736148245,-35.2730503140683],[149.118667527458,-35.2727360646131],[149.118404780624,-35.2726870067046],[149.118147765318,-35.2726205979826],[149.117898182238,-35.2725372778782],[149.11765768289,-35.2724375977266],[149.116986473752,-35.2721306785942],[149.116846957942,-35.2719905755272],[149.116695325037,-35.2718592127611],[149.116532386734,-35.2717372934424],[149.116359015236,-35.2716254701671],[149.114734880534,-35.2706546002795],[149.114527221755,-35.2705203774412],[149.114332445686,-35.270373739854],[149.114151653137,-35.2702155163138],[149.113985865866,-35.2700466010963],[149.113836020805,-35.2698679489014],[149.113702964763,-35.2696805694562],[149.113211136434,-35.2689241687534],[149.130068027812,-35.2615530560818],[149.13013023403,-35.2615229522607],[149.130189045634,-35.2614885633583],[149.130244025005,-35.2614501452677],[149.130294763039,-35.2614079838635],[149.130340882195,-35.2613623928743],[149.130382039304,-35.261313711548],[149.130417928119,-35.2612623021274],[149.130448281601,-35.2612085471548],[149.130472873898,-35.2611528466247],[149.13049152203,-35.2610956150081],[149.130504087248,-35.2610372781679],[149.130614053103,-35.2603564742085],[149.132136262448,-35.260521869898],[149.129672641387,-35.2757733268631],[149.125045100221,-35.2752704593387]]]},"properties":{"OBJECTID":253,"ID":57,"DIVISION_CODE":105,"DIVISION_NAME":"TURNER","LAST_UPDATE_DATE":"Fri, 19 Feb 1999 09:45:39 GMT","DIVISION_SHORT":"TURN","GlobalID":"3d5ad066-9419-444a-8b16-08053374a668"}},{"type":"Feature","id":254,"geometry":{"type":"Polygon","coordinates":[[[149.133825412131,-35.2762244445383],[149.129672641387,-35.2757733268631],[149.132136262448,-35.260521869898],[149.13628650579,-35.2609727159468],[149.136008011929,-35.2626976095608],[149.143792497418,-35.2761474449488],[149.135621560885,-35.2793278768203],[149.133825412131,-35.2762244445383]]]},"properties":{"OBJECTID":254,"ID":38,"DIVISION_CODE":106,"DIVISION_NAME":"BRADDON","LAST_UPDATE_DATE":"Fri, 19 Feb 1999 09:45:39 GMT","DIVISION_SHORT":"BRAD","GlobalID":"e0b0d777-9eb6-4804-a182-eab41e7ef486"}},{"type":"Feature","id":255,"geometry":{"type":"Polygon","coordinates":[[[149.097511240519,-35.2951434441747],[149.097878175687,-35.2862261759913],[149.097960165498,-35.2842334027056],[149.10105151121,-35.2839646310093],[149.101211706269,-35.2839453236926],[149.10136948632,-35.2839155065721],[149.101523827537,-35.283875373132],[149.101673728414,-35.2838251837981],[149.101818216263,-35.2837652642476],[149.101956353527,-35.2836960032957],[149.102087243865,-35.2836178503716],[149.102210037967,-35.2835313126024],[149.102477083016,-35.2833431696944],[149.102761788287,-35.2831733283608],[149.103062293199,-35.2830228984631],[149.103376633957,-35.2828928630072],[149.103702756388,-35.2827840717223],[149.10403852936,-35.2826972355099],[149.104381758701,-35.2826329218006],[149.10645333351,-35.2823163772052],[149.106875103369,-35.2822363707143],[149.107286909152,-35.2821268932524],[149.107685694195,-35.2819887574539],[149.108068498524,-35.2818229886695],[149.108432480836,-35.2816308173518],[149.108774939595,-35.2814136699182],[149.109093333084,-35.2811731581591],[149.109385298275,-35.2809110672699],[149.110662224458,-35.2796606024624],[149.110727993149,-35.2795906670749],[149.110786700085,-35.2795166264218],[149.110837966035,-35.2794389588103],[149.110881459842,-35.2793581659766],[149.110916900559,-35.2792747698444],[149.110944059263,-35.279189309153],[149.110962760538,-35.2791023359771],[149.1109728836,-35.27901441216],[149.110974363083,-35.2789261056845],[149.110967189458,-35.2788379870034],[149.110742674446,-35.2771215896153],[149.110789611109,-35.276815953286],[149.11079878521,-35.2760839529248],[149.110734030082,-35.2751295353587],[149.110628001565,-35.2747670564871],[149.110498722304,-35.2744897475117],[149.110392598469,-35.2744458927489],[149.109951818394,-35.2710757147096],[149.109376373459,-35.2707316843162],[149.108417379618,-35.2706001787592],[149.108458782069,-35.2694643139249],[149.108604691655,-35.2685800354885],[149.109280299354,-35.2683300942083],[149.109541146234,-35.2679360969513],[149.109381169065,-35.2667133436292],[149.109371827396,-35.2665951916669],[149.109374644869,-35.2664768141109],[149.109389601433,-35.2663590511388],[149.109416590883,-35.2662427385626],[149.109455421614,-35.2661287018968],[149.109505817979,-35.2660177504993],[149.109567422253,-35.2659106718274],[149.109639797168,-35.2658082258493],[149.109917388699,-35.265450893583],[149.110153545182,-35.265729787336],[149.110243907538,-35.2656674941874],[149.110340435864,-35.2656117690463],[149.110442422502,-35.2655630204312],[149.110549119783,-35.2655216057151],[149.110659745507,-35.2654878285058],[149.110773488683,-35.2654619364206],[149.111099769549,-35.2653998671102],[149.11119690561,-35.2653844641415],[149.111295162704,-35.2653749820978],[149.111394005043,-35.2653714726834],[149.111492893646,-35.2653739550342],[149.11159128928,-35.2653824156132],[149.111569209046,-35.2656206773995],[149.111572458384,-35.2658596115237],[149.111601012931,-35.2660974101026],[149.111654656846,-35.2663322738294],[149.111732984444,-35.2665624255889],[149.11183540325,-35.2667861239053],[149.111961138482,-35.2670016761201],[149.113702964763,-35.2696805694562],[149.113836020805,-35.2698679489014],[149.113985865866,-35.2700466010963],[149.114151653137,-35.2702155163138],[149.114332445686,-35.270373739854],[149.114527221755,-35.2705203774412],[149.114734880534,-35.2706546002795],[149.116359015236,-35.2716254701671],[149.116532386734,-35.2717372934424],[149.116695325037,-35.2718592127611],[149.116846957942,-35.2719905755272],[149.116986473752,-35.2721306785942],[149.11765768289,-35.2724375977266],[149.117898182238,-35.2725372778782],[149.118147765318,-35.2726205979826],[149.118404780624,-35.2726870067046],[149.118667527458,-35.2727360646131],[149.120736148245,-35.2730503140683],[149.120995236307,-35.2730979105061],[149.121249290497,-35.2731611771203],[149.121496903675,-35.2732397634908],[149.121736704364,-35.273333234345],[149.121967364348,-35.2734410719683],[149.122187606023,-35.2735626790707],[149.125045100221,-35.2752704593387],[149.125171842575,-35.2752842344539],[149.124040906056,-35.2765568201015],[149.124679906784,-35.2769388615268],[149.124651372581,-35.2769783214735],[149.124621376321,-35.2770170453983],[149.124589946213,-35.277054996885],[149.124589899693,-35.2770550256487],[149.124583460475,-35.2770625070137],[149.124576966299,-35.2770699563656],[149.124570417401,-35.277077373433],[149.123337307605,-35.2784648764842],[149.123110407992,-35.2787201783864],[149.122433598915,-35.2783156970914],[149.122079657598,-35.2787139367554],[149.121052450325,-35.2798696785202],[149.120972463623,-35.2799683482376],[149.120903144399,-35.2800723034298],[149.120845008496,-35.280180770572],[149.120798488548,-35.2802929425626],[149.120763930761,-35.2804079847288],[149.120741592332,-35.2805250410373],[149.120731639537,-35.2806432404635],[149.120731167646,-35.2806647955036],[149.120731108397,-35.2806863539618],[149.120731461805,-35.2807079105268],[149.120739886025,-35.2808193027191],[149.120759311645,-35.2809297663191],[149.120789610448,-35.2810385719679],[149.120830582422,-35.2811450012508],[149.120881957078,-35.2812483514409],[149.120943395239,-35.2813479401392],[149.121014491277,-35.2814431097812],[149.121094775788,-35.281533231978],[149.121167908761,-35.2816036678177],[149.121246653427,-35.2816699109165],[149.121330653195,-35.2817316612858],[149.121419527672,-35.2817886392821],[149.121771611828,-35.2819988915879],[149.121860760401,-35.2820570836313],[149.121943557688,-35.2821212755777],[149.122019405014,-35.2821910032911],[149.12208775395,-35.282265762608],[149.122148110281,-35.2823450129832],[149.122200037579,-35.2824281813975],[149.122243160356,-35.2825146665007],[149.122277166785,-35.2826038429594],[149.122301810949,-35.2826950659784],[149.122316914627,-35.2827876759625],[149.122322368577,-35.282881003286],[149.12231813333,-35.2829743731338],[149.122304239476,-35.2830671103815],[149.122280787445,-35.283158544476],[149.122247946779,-35.283248014285],[149.122205954909,-35.2833348728769],[149.122119766805,-35.2834931509382],[149.122101591092,-35.2835306909941],[149.122087322718,-35.283569349626],[149.122077062413,-35.283608853934],[149.122070882611,-35.2836489250481],[149.122068826944,-35.2836892800966],[149.12207090993,-35.2837296342031],[149.12207711687,-35.2837697024971],[149.122087403954,-35.2838092021258],[149.122101698568,-35.28384785425],[149.122119899808,-35.2838853860131],[149.122141879191,-35.2839215324669],[149.122167481562,-35.2839560384425],[149.122196526191,-35.2839886603511],[149.122228808045,-35.2840191679041],[149.122264099241,-35.2840473457383],[149.122302150646,-35.2840729949368],[149.122368595836,-35.284117719634],[149.12243031202,-35.2841667888782],[149.122486877976,-35.2842198677727],[149.122537907634,-35.2842765940541],[149.122583052704,-35.2843365805653],[149.122622005056,-35.284399417897],[149.122654498827,-35.2844646771826],[149.122555742739,-35.2845491546637],[149.122466265953,-35.2846403182659],[149.122386738888,-35.2847374849652],[149.122317757426,-35.284839926758],[149.12225983844,-35.2849468761149],[149.122213415927,-35.2850575317311],[149.122178837752,-35.2851710645296],[149.122156363039,-35.2852866238729],[149.122123684748,-35.285446367465],[149.122077875871,-35.2856039274213],[149.122019147048,-35.2857585789764],[149.125854376506,-35.285799558337],[149.1265820262,-35.2858191345953],[149.127308161562,-35.2858623015094],[149.128031645655,-35.2859289914685],[149.126890348642,-35.2929906318912],[149.125484887309,-35.2928379215638],[149.119439721031,-35.296661391005],[149.111796107267,-35.2940564541063],[149.101417106085,-35.2968578984597],[149.097511240519,-35.2951434441747]]]},"properties":{"OBJECTID":255,"ID":630,"DIVISION_CODE":107,"DIVISION_NAME":"ACTON","LAST_UPDATE_DATE":"Mon, 19 Jun 2023 11:18:44 GMT","DIVISION_SHORT":"ACTO","GlobalID":"75af83f1-51f2-41b3-a24f-9e3fb1d7efb6"}},{"type":"Feature","id":256,"geometry":{"type":"Polygon","coordinates":[[[149.13370211201,-35.2873253149701],[149.133414335201,-35.2872171415087],[149.133125172313,-35.287111482864],[149.132834656029,-35.2870083509777],[149.131493250554,-35.2865890156646],[149.130116057008,-35.2862567175318],[149.12871146015,-35.2860134797993],[149.127288011328,-35.2858607834727],[149.125854376506,-35.285799558337],[149.122019147048,-35.2857585789764],[149.122077875871,-35.2856039274213],[149.122123684748,-35.285446367465],[149.122156363039,-35.2852866238729],[149.122178837752,-35.2851710645296],[149.122213415927,-35.2850575317311],[149.12225983844,-35.2849468761149],[149.122317757426,-35.284839926758],[149.122386738888,-35.2847374849652],[149.122466265953,-35.2846403182659],[149.122555742739,-35.2845491546637],[149.122654498827,-35.2844646771826],[149.122622005056,-35.284399417897],[149.122583052704,-35.2843365805653],[149.122537907634,-35.2842765940541],[149.122486877976,-35.2842198677727],[149.12243031202,-35.2841667888782],[149.122368595836,-35.284117719634],[149.122302150646,-35.2840729949368],[149.122264099241,-35.2840473457383],[149.122228808045,-35.2840191679041],[149.122196526191,-35.2839886603511],[149.122167481562,-35.2839560384425],[149.122141879191,-35.2839215324669],[149.122119899808,-35.2838853860131],[149.122101698568,-35.28384785425],[149.122087403954,-35.2838092021258],[149.12207711687,-35.2837697024971],[149.12207090993,-35.2837296342031],[149.122068826944,-35.2836892800966],[149.122070882611,-35.2836489250481],[149.122077062413,-35.283608853934],[149.122087322718,-35.283569349626],[149.122101591092,-35.2835306909941],[149.122119766805,-35.2834931509382],[149.122205954909,-35.2833348728769],[149.122247946779,-35.283248014285],[149.122280787445,-35.283158544476],[149.122304239476,-35.2830671103815],[149.12231813333,-35.2829743731338],[149.122322368577,-35.282881003286],[149.122316914627,-35.2827876759625],[149.122301810949,-35.2826950659784],[149.122277166785,-35.2826038429594],[149.122243160356,-35.2825146665007],[149.122200037579,-35.2824281813975],[149.122148110281,-35.2823450129832],[149.12208775395,-35.282265762608],[149.122019405014,-35.2821910032911],[149.121943557688,-35.2821212755777],[149.121860760401,-35.2820570836313],[149.121771611828,-35.2819988915879],[149.121419527672,-35.2817886392821],[149.121330653741,-35.2817316607748],[149.121246654192,-35.2816699102625],[149.121167909361,-35.2816036673488],[149.121094775788,-35.281533231978],[149.121014491277,-35.2814431097812],[149.120943395239,-35.2813479401392],[149.120881957078,-35.2812483514409],[149.120830582422,-35.2811450012508],[149.120789610448,-35.2810385719679],[149.120759311645,-35.2809297663191],[149.120739886025,-35.2808193027191],[149.120731461805,-35.2807079105268],[149.120731108397,-35.2806863539618],[149.120731167646,-35.2806647955036],[149.120731639537,-35.2806432404635],[149.120741592332,-35.2805250410373],[149.120763930761,-35.2804079847288],[149.120798488548,-35.2802929425626],[149.120845008496,-35.280180770572],[149.120903144399,-35.2800723034298],[149.120972463623,-35.2799683482376],[149.121052450325,-35.2798696785202],[149.122079657598,-35.2787139367554],[149.122433598915,-35.2783156970914],[149.123110407992,-35.2787201783864],[149.123337307605,-35.2784648764842],[149.124570417401,-35.277077373433],[149.124576966299,-35.2770699563656],[149.124583460475,-35.2770625070137],[149.124589899693,-35.2770550256487],[149.124589942963,-35.2770549987451],[149.124621373861,-35.2770170464968],[149.1246513712,-35.2769783219572],[149.124679906784,-35.2769388615268],[149.124040906056,-35.2765568201015],[149.125171842575,-35.2752842344539],[149.129672641387,-35.2757733268631],[149.133825412131,-35.2762244445383],[149.135621560885,-35.2793278768203],[149.137667551359,-35.282862670796],[149.135023478471,-35.2858383383372],[149.13370211201,-35.2873253149701]]]},"properties":{"OBJECTID":256,"ID":629,"DIVISION_CODE":108,"DIVISION_NAME":"CITY","LAST_UPDATE_DATE":"Mon, 19 Jun 2023 11:18:44 GMT","DIVISION_SHORT":"CITY","GlobalID":"f421c37c-e2bf-45da-bc07-f5be0ff232fa"}},{"type":"Feature","id":257,"geometry":{"type":"Polygon","coordinates":[[[149.137667551359,-35.282862670796],[149.135621560885,-35.2793278768203],[149.143792497418,-35.2761474449488],[149.147385687257,-35.2823539820717],[149.141077218171,-35.2894546482792],[149.135023478471,-35.2858383383372],[149.137667551359,-35.282862670796]]]},"properties":{"OBJECTID":257,"ID":55,"DIVISION_CODE":109,"DIVISION_NAME":"REID","LAST_UPDATE_DATE":"Fri, 19 Feb 1999 09:45:39 GMT","DIVISION_SHORT":"REID","GlobalID":"29b4940c-48c9-4cf7-a52f-5b71e08df9a0"}},{"type":"Feature","id":258,"geometry":{"type":"Polygon","coordinates":[[[149.154105984873,-35.2972157808329],[149.1467723688,-35.2928365598818],[149.146589792404,-35.2927275240237],[149.146573700936,-35.2927375277753],[149.141077218171,-35.2894546482792],[149.147385687257,-35.2823539820717],[149.143792497418,-35.2761474449488],[149.144252067433,-35.2759685397813],[149.144347360054,-35.2759283303376],[149.144439322044,-35.2758832060578],[149.144527576962,-35.2758333516596],[149.151439146157,-35.2716550663113],[149.151295419345,-35.274007813257],[149.151291290418,-35.2743349294334],[149.151318818282,-35.2746612832836],[149.151377829804,-35.2749848177612],[149.151467953394,-35.2753034935666],[149.151588621336,-35.2756153020027],[149.151739073362,-35.2759182776376],[149.151918361432,-35.2762105106949],[149.152125355704,-35.2764901590944],[149.152358751655,-35.2767554600663],[149.15261707829,-35.2770047412646],[149.1557483304,-35.2797938007512],[149.155939314023,-35.2799506982252],[149.156145104851,-35.2800944564083],[149.156364362624,-35.2802241389981],[149.156595659353,-35.2803389013639],[149.159226973022,-35.2815282395354],[149.159374989282,-35.2816021332786],[149.159514693821,-35.2816862063526],[149.159645048283,-35.2817798338955],[149.159765083793,-35.2818823200315],[149.159873908162,-35.2819929030422],[149.159970712517,-35.2821107610274],[149.160054777312,-35.2822350180125],[149.16012547768,-35.2823647504594],[149.160182288074,-35.2824989941292],[149.160224786182,-35.2826367512489],[149.160252656058,-35.2827769979268],[149.160265690481,-35.2829186917622],[149.160263792494,-35.2830607795928],[149.160246976126,-35.2832022053224],[149.16021536629,-35.2833419177708],[149.160169197859,-35.2834788784866],[149.160108813921,-35.283612069466],[149.15980323755,-35.2842063028999],[149.165525243139,-35.2872356401841],[149.165620388311,-35.2871148011239],[149.167188972043,-35.2879450964635],[149.169333672621,-35.2897829308263],[149.17039169601,-35.2924196030122],[149.172680257879,-35.2945881085085],[149.177576456556,-35.2992010917328],[149.174947869655,-35.3011807512912],[149.174839935749,-35.301256450352],[149.174725751214,-35.3013257128862],[149.174605886017,-35.3013881931496],[149.174480938487,-35.3014435792527],[149.174364237017,-35.3014950172008],[149.174251921515,-35.3015526446472],[149.174144479739,-35.3016162113363],[149.173578662768,-35.3019747920235],[149.173279796044,-35.3023023019368],[149.173051224473,-35.3022700551757],[149.172638677671,-35.3024063419307],[149.171907926283,-35.3024681607529],[149.170960282117,-35.3027054695344],[149.170545267732,-35.3029307969015],[149.17036170967,-35.3032289964288],[149.170101376109,-35.3037874896598],[149.169894014374,-35.3042260457278],[149.169653700644,-35.3046814980154],[149.169038646197,-35.3050540799561],[149.168396443044,-35.305657684674],[149.167413832854,-35.3059174527462],[149.166303564875,-35.3061735032248],[149.165504036329,-35.3058230495236],[149.165021354944,-35.3050621111706],[149.164514658231,-35.3049625421301],[149.164063008554,-35.3049596963582],[149.163271036248,-35.3050457852183],[149.162427053475,-35.3050130597627],[149.161741643917,-35.3047638265779],[149.161154049286,-35.3044361487343],[149.160786669443,-35.3039296528268],[149.16049999829,-35.3036050183432],[149.16034139935,-35.3032740052345],[149.160056603932,-35.3030102025008],[149.159446994449,-35.3025378018217],[149.158658879786,-35.3022008064149],[149.158125120762,-35.3020775416235],[149.157642062738,-35.302084263333],[149.157093255508,-35.3022696921526],[149.15674399574,-35.3024605534988],[149.155602284199,-35.3032590096671],[149.154964193252,-35.3034445372432],[149.153574288414,-35.3039199027742],[149.153029765776,-35.3041774082688],[149.152800788781,-35.3043821751159],[149.152873329935,-35.3046197498623],[149.152839603191,-35.3048828667569],[149.152583292976,-35.3051755370716],[149.152347039735,-35.305308751938],[149.152118242274,-35.3054157112609],[149.152581128191,-35.3025404171366],[149.154370779635,-35.3021363077397],[149.154146232871,-35.3008563041321],[149.154127476798,-35.3007280518317],[149.15411609611,-35.300599218481],[149.154112115939,-35.3004700889648],[149.154105295843,-35.2972765199374],[149.154105343199,-35.2972562723631],[149.15410557288,-35.2972360256271],[149.154105984873,-35.2972157808329]]]},"properties":{"OBJECTID":258,"ID":39,"DIVISION_CODE":110,"DIVISION_NAME":"CAMPBELL","LAST_UPDATE_DATE":"Fri, 19 Feb 1999 09:45:39 GMT","DIVISION_SHORT":"CAMP","GlobalID":"c0ebe17d-3d50-4817-8709-daee48f7d17d"}},{"type":"Feature","id":259,"geometry":{"type":"Polygon","coordinates":[[[149.1467723688,-35.2928365598818],[149.154105984873,-35.2972157808329],[149.15410557288,-35.2972360256271],[149.154105343199,-35.2972562723631],[149.154105295843,-35.2972765199374],[149.154112115939,-35.3004700889648],[149.15411609611,-35.300599218481],[149.154127476798,-35.3007280518317],[149.154146232871,-35.3008563041321],[149.154370779635,-35.3021363077397],[149.152422410475,-35.3025762548248],[149.152221379563,-35.3026144423934],[149.152017204465,-35.3026389805525],[149.151811261843,-35.3026497038484],[149.151604940282,-35.3026465399748],[149.15139963092,-35.3026295102605],[149.151196718071,-35.3025987295259],[149.150997569888,-35.3025544053086],[149.150803529136,-35.3024968364638],[149.150615904133,-35.3024264111492],[149.150435959933,-35.3023436042067],[149.150264909791,-35.302248973961],[149.150103906982,-35.3021431584539],[149.149954037026,-35.3020268711415],[149.149816310366,-35.3019008960833],[149.149691655558,-35.3017660826547],[149.149580913008,-35.3016233398189],[149.149484829311,-35.3014736299983],[149.148047686829,-35.2989921052284],[149.147142130512,-35.2975535604109],[149.14612228107,-35.2961673834776],[149.144992628391,-35.2948396696012],[149.1467723688,-35.2928365598818]]]},"properties":{"OBJECTID":259,"ID":622,"DIVISION_CODE":122,"DIVISION_NAME":"RUSSELL","LAST_UPDATE_DATE":"Tue, 23 Sep 2008 13:47:38 GMT","DIVISION_SHORT":"RUSS","GlobalID":"07d139e8-45fb-4fbe-8707-64d549ec3db2"}},{"type":"Feature","id":260,"geometry":{"type":"Polygon","coordinates":[[[149.154100917589,-35.2470759967334],[149.15183008234,-35.2477449558924],[149.15161037531,-35.2478027815199],[149.151386354281,-35.2478481209671],[149.151159072412,-35.2478807610814],[149.143737057365,-35.2487324375797],[149.143630188515,-35.2487432701619],[149.143522951885,-35.2487512925087],[149.143415457265,-35.2487564964062],[149.14080001464,-35.2488486685312],[149.140332558829,-35.2488539725886],[149.139865517981,-35.2488369689988],[149.139400472847,-35.2487977152985],[149.134122049828,-35.2482243381595],[149.134774938737,-35.244180330034],[149.134721793408,-35.2441745553261],[149.134730310873,-35.24412179005],[149.134814583818,-35.2437126037045],[149.134934227609,-35.2433093926885],[149.135088631927,-35.2429142120551],[149.135277009324,-35.2425290758987],[149.135498399238,-35.2421559470913],[149.135694036473,-35.2418799594094],[149.135914671431,-35.2416169663378],[149.136159027966,-35.2413684887283],[149.136425692793,-35.2411359634767],[149.136713123662,-35.2409207352163],[149.143584415602,-35.2361550388789],[149.152547611204,-35.2435825286517],[149.152808816948,-35.2438186522184],[149.153044034706,-35.2440724969827],[149.153251486136,-35.2443421440312],[149.153429602747,-35.2446255549775],[149.153577037759,-35.244920587368],[149.153692676289,-35.2452250108743],[149.153775643793,-35.2455365241514],[149.154100917589,-35.2470759967334]]]},"properties":{"OBJECTID":260,"ID":44,"DIVISION_CODE":124,"DIVISION_NAME":"DOWNER","LAST_UPDATE_DATE":"Fri, 19 Feb 1999 09:45:39 GMT","DIVISION_SHORT":"DOWN","GlobalID":"1f6c5992-67be-457f-ba1c-c36c20ef7835"}},{"type":"Feature","id":261,"geometry":{"type":"Polygon","coordinates":[[[149.161301166392,-35.2260603617028],[149.168089545121,-35.2240040573515],[149.168051286279,-35.223919016298],[149.172424399642,-35.2225941451455],[149.172711229641,-35.2230872715251],[149.172361271537,-35.2247768336345],[149.172255796283,-35.2252001863158],[149.172116217395,-35.2256168401794],[149.171943153296,-35.2260249476192],[149.171737370928,-35.2264226988984],[149.171512503075,-35.2276392278859],[149.171016010899,-35.2276975834612],[149.169772180971,-35.2298954200054],[149.169431433091,-35.2305640099595],[149.169154650504,-35.2312522009755],[149.168943489168,-35.2319558798274],[149.168785696864,-35.2327624282037],[149.168714087822,-35.2335771857975],[149.168729208488,-35.2343939647842],[149.168830946622,-35.2352065618035],[149.169018532073,-35.2360088050753],[149.170219284554,-35.2401575523533],[149.170358046735,-35.2407441278564],[149.170437132431,-35.2413381152153],[149.170455997204,-35.2419354351241],[149.170414510173,-35.2425319853022],[149.170312954942,-35.2431236686662],[149.170152027699,-35.2437064214691],[149.170043508364,-35.2440682293737],[149.169955356604,-35.2444337439502],[149.169887758701,-35.2448021939457],[149.169904236877,-35.2445977678035],[149.169902097826,-35.2443929026999],[149.169881353587,-35.2441887381041],[149.169842119678,-35.2439864095804],[149.169576266263,-35.2428824783926],[149.169508960341,-35.2426546160305],[149.169418215762,-35.2424322919699],[149.169304693724,-35.2422171256885],[149.169169221323,-35.2420106845128],[149.169012785525,-35.2418144722027],[149.168836525973,-35.2416299179995],[149.168641726684,-35.2414583662166],[149.168429806692,-35.2413010664494],[149.168202309712,-35.2411591644751],[149.167960892898,-35.2410336939085],[149.166484119469,-35.2403367681091],[149.166320312767,-35.2402542388007],[149.166162548749,-35.240164133643],[149.166011347351,-35.2400667496018],[149.165358624287,-35.2396209122362],[149.157665137097,-35.2457626439761],[149.157450900251,-35.2459196174665],[149.157221125231,-35.2460610311422],[149.156977486132,-35.2461858546374],[149.156721758091,-35.2462931784596],[149.156455804354,-35.246382220618],[149.154100917589,-35.2470759967334],[149.153775643793,-35.2455365241514],[149.153692676289,-35.2452250108743],[149.153577037759,-35.244920587368],[149.153429602747,-35.2446255549775],[149.153251486136,-35.2443421440312],[149.153044034706,-35.2440724969827],[149.152808816948,-35.2438186522184],[149.152547611204,-35.2435825286517],[149.143584415602,-35.2361550388789],[149.151170667989,-35.2308921411134],[149.151191572335,-35.2309064250511],[149.153622681515,-35.2292196908155],[149.154208673399,-35.2288091303769],[149.155036726863,-35.2282342983636],[149.155496534707,-35.2279428445769],[149.155983863391,-35.2276858649866],[149.156498367442,-35.2274634528596],[149.157034667253,-35.2272799687202],[149.158376641331,-35.2268740011267],[149.158405181131,-35.2269374530566],[149.161301166392,-35.2260603617028]]]},"properties":{"OBJECTID":261,"ID":70,"DIVISION_CODE":125,"DIVISION_NAME":"WATSON","LAST_UPDATE_DATE":"Fri, 19 Feb 1999 09:45:39 GMT","DIVISION_SHORT":"WATS","GlobalID":"e8b28a73-65ec-4f3f-9685-a6d3a47ab9b6"}},{"type":"Feature","id":262,"geometry":{"type":"Polygon","coordinates":[[[149.159455857067,-35.260047422154],[149.158707798456,-35.2585651396568],[149.159851652582,-35.2565815071069],[149.159942507736,-35.2564088956688],[149.160018755554,-35.2562315909723],[149.160080038966,-35.2560504235694],[149.160385032175,-35.2550120746975],[149.16042612808,-35.2548404739372],[149.160449334157,-35.2546666326008],[149.160454483319,-35.2544918032354],[149.160441538582,-35.2543172454991],[149.16041059333,-35.254144217085],[149.160361870635,-35.2539739646592],[149.16029572165,-35.25380771488],[149.160212623075,-35.2536466655594],[149.160113173719,-35.2534919770343],[149.159998090185,-35.253344763807],[149.159868201703,-35.2532060865163],[149.159724444155,-35.2530769442968],[149.159567853332,-35.2529582675816],[149.159399557468,-35.2528509113996],[149.156273156043,-35.2510257235726],[149.156053897888,-35.2508861344096],[149.155849484791,-35.250732130608],[149.155661320879,-35.250564770089],[149.155490698633,-35.2503852025219],[149.15533879001,-35.250194661424],[149.155206638393,-35.2499944556865],[149.155095151427,-35.2497859605814],[149.155005094784,-35.2495706083126],[149.154100917589,-35.2470759967334],[149.156455804354,-35.246382220618],[149.156721758091,-35.2462931784596],[149.156977486132,-35.2461858546374],[149.157221125231,-35.2460610311422],[149.157450900251,-35.2459196174665],[149.157665137097,-35.2457626439761],[149.165358624287,-35.2396209122362],[149.166011347351,-35.2400667496018],[149.166162548749,-35.240164133643],[149.166320312767,-35.2402542388006],[149.166484119469,-35.2403367681091],[149.167960892898,-35.2410336939085],[149.168202309712,-35.2411591644751],[149.168429806692,-35.2413010664494],[149.168641726684,-35.2414583662166],[149.168836525973,-35.2416299179995],[149.169012785525,-35.2418144722027],[149.169169221323,-35.2420106845128],[149.169304693724,-35.2422171256885],[149.169418215762,-35.2424322919699],[149.169508960341,-35.2426546160305],[149.169576266263,-35.2428824783926],[149.169842119678,-35.2439864095804],[149.169884762873,-35.2442127234849],[149.169904280533,-35.2444411648003],[149.169900536822,-35.2446701459626],[149.169873557565,-35.2448980756431],[149.169823530061,-35.2451233698069],[149.169750801797,-35.2453444627224],[149.169290145948,-35.2465436737536],[149.169217011054,-35.2467662387528],[149.169166879297,-35.2469930501307],[149.169140103862,-35.2472225108605],[149.169136873479,-35.2474530052472],[149.169157211095,-35.2476829103036],[149.169200973703,-35.2479106071789],[149.169267853344,-35.2481344925577],[149.169357379271,-35.2483529899506],[149.169468921259,-35.2485645607959],[149.170216094018,-35.2498328666666],[149.170331402719,-35.2500525207581],[149.170422985092,-35.2502795694606],[149.170490146816,-35.2505122919231],[149.170532378645,-35.2507489242779],[149.170549360273,-35.2509876730083],[149.170540962768,-35.2512267285414],[149.170507249556,-35.2514642789634],[149.170448475944,-35.2516985237524],[149.170365087199,-35.2519276874264],[149.170257715172,-35.2521500330009],[149.170127173517,-35.2523638751561],[149.16997445153,-35.2525675930119],[149.169800706657,-35.2527596424157],[149.168061720379,-35.2545164780344],[149.167894198087,-35.2547009990159],[149.167746086075,-35.2548963710246],[149.167618423326,-35.2551012237499],[149.167512105417,-35.2553141203736],[149.167427878232,-35.255533567646],[149.167366332724,-35.2557580263591],[149.167227772032,-35.2563849498915],[149.167164772973,-35.2566138163916],[149.167078193204,-35.2568374384148],[149.166968664165,-35.2570541845464],[149.166836984738,-35.257262473521],[149.166684115426,-35.2574607857595],[149.166511171345,-35.2576476744568],[149.166319414094,-35.2578217761389],[149.166110242553,-35.2579818206117],[149.16588518268,-35.2581266402301],[149.165645876378,-35.2582551784186],[149.165394069513,-35.2583664973816],[149.165131599181,-35.2584597849476],[149.164860380298,-35.2585343604959],[149.164582391626,-35.258589679924],[149.163311691037,-35.2587958496725],[149.16309726208,-35.258836687486],[149.16288656699,-35.2588889912534],[149.162680516021,-35.2589525350154],[149.159455857067,-35.260047422154]]]},"properties":{"OBJECTID":262,"ID":48,"DIVISION_CODE":126,"DIVISION_NAME":"HACKETT","LAST_UPDATE_DATE":"Fri, 19 Feb 1999 09:45:39 GMT","DIVISION_SHORT":"HACK","GlobalID":"00fdcb9f-edda-4665-855a-70bc2a14452a"}},{"type":"Feature","id":263,"geometry":{"type":"Polygon","coordinates":[[[149.135023478471,-35.2858383383372],[149.141077218171,-35.2894546482792],[149.146573700936,-35.2927375277753],[149.146589792404,-35.2927275240237],[149.1467723688,-35.2928365598818],[149.144992628391,-35.2948396696012],[149.14612228107,-35.2961673834775],[149.147142130512,-35.2975535604109],[149.148047686829,-35.2989921052284],[149.129121563159,-35.3063563654489],[149.12892105622,-35.3060441424251],[149.128689664278,-35.3057466202678],[149.128428980661,-35.3054658472627],[149.128140800302,-35.3052037563681],[149.127827107371,-35.3049621519116],[149.127490061621,-35.304742697172],[149.127131983513,-35.3045469029327],[149.126755338244,-35.304376117085],[149.126362718785,-35.3042315153523],[149.125956828025,-35.304114093199],[149.125540460182,-35.3040246589803],[149.125116481565,-35.3039638283802],[149.126890348642,-35.2929906318912],[149.128031645655,-35.2859289914685],[149.129263170647,-35.2860978417494],[149.130477893251,-35.2863347974807],[149.1316702189,-35.2866387672442],[149.132834656029,-35.2870083509777],[149.133125172313,-35.287111482864],[149.133414335201,-35.2872171415087],[149.13370211201,-35.2873253149701],[149.135023478471,-35.2858383383372]]]},"properties":{"OBJECTID":263,"ID":623,"DIVISION_CODE":211,"DIVISION_NAME":"PARKES","LAST_UPDATE_DATE":"Tue, 23 Sep 2008 13:48:11 GMT","DIVISION_SHORT":"PARK","GlobalID":"043b3132-8692-4e77-accd-09e2acd70bd2"}},{"type":"Feature","id":264,"geometry":{"type":"Polygon","coordinates":[[[149.125116481565,-35.3039638283802],[149.124670850012,-35.3039313644075],[149.124223463539,-35.3039304971365],[149.123777649513,-35.3039612330359],[149.123336723613,-35.3040233435295],[149.122903965188,-35.3041163666959],[149.12248259287,-35.3042396107008],[149.12207574065,-35.3043921589405],[149.121686434579,-35.3045728768555],[149.121317570264,-35.3047804203644],[149.120971891336,-35.3050132458569],[149.120651969054,-35.3052696216692],[149.12036018317,-35.3055476409593],[149.120098704236,-35.3058452358847],[149.119869477452,-35.3061601929775],[149.119674208189,-35.3064901696042],[149.1195143493,-35.3068327113857],[149.119391090298,-35.3071852704497],[149.1193053485,-35.3075452243793],[149.119257762189,-35.3079098957172],[149.11924868585,-35.3082765718798],[149.119278187519,-35.3086425253342],[149.119346048261,-35.3090050338872],[149.119451763784,-35.3093614009357],[149.10255241736,-35.3133684574428],[149.09936877642,-35.3135501664681],[149.092753168896,-35.31548993605],[149.091187606041,-35.3151987394144],[149.09200469616,-35.3128838199595],[149.089714582918,-35.3123342097801],[149.086288841649,-35.3124344971254],[149.085446077396,-35.3124866196607],[149.084610991998,-35.3125932700507],[149.083788827691,-35.3127537788607],[149.082984745686,-35.3129671385547],[149.082687040891,-35.3127703824685],[149.082686633691,-35.3127707581976],[149.078253705039,-35.309840783032],[149.077877833241,-35.3095727944168],[149.077527340255,-35.3092826158692],[149.077204170468,-35.308971857389],[149.073332517641,-35.3049547306755],[149.073204276093,-35.304809907582],[149.073090834727,-35.3046570109354],[149.072992945753,-35.304497054679],[149.072911258233,-35.3043310995666],[149.072846313779,-35.3041602461275],[149.072798542962,-35.3039856273675],[149.072768262459,-35.3038084012552],[149.072755672956,-35.3036297430418],[149.072760857822,-35.303450837468],[149.072783782558,-35.3032728709072],[149.072824295029,-35.3030970234979],[149.072882126473,-35.3029244613187],[149.072956893292,-35.3027563286555],[149.073048099593,-35.3025937404144],[149.073155140484,-35.3024377747286],[149.073869346516,-35.3014896434772],[149.073914252835,-35.3014237635881],[149.073951985305,-35.3013549262811],[149.073982256863,-35.3012836552945],[149.074004837214,-35.3012104928813],[149.07401955458,-35.3011359956837],[149.074026297009,-35.3010607304978],[149.074025013226,-35.3009852699611],[149.07401571302,-35.3009101881958],[149.07399846717,-35.3008360564407],[149.07397340691,-35.3007634387055],[149.07394072292,-35.3006928874792],[149.073900663887,-35.3006249395272],[149.073853534603,-35.3005601118075],[149.073799693649,-35.3004988975378],[149.073739550667,-35.3004417624433],[149.073673563243,-35.3003891412136],[149.073602233425,-35.3003414341955],[149.073526103902,-35.3002990043475],[149.072437342855,-35.2997475180025],[149.073716077037,-35.2979532773125],[149.076456760524,-35.2965151518121],[149.078334309188,-35.2992167537361],[149.080805504736,-35.2993049507743],[149.085251754288,-35.2967800735342],[149.087501800486,-35.290652821718],[149.093707652627,-35.2864113695988],[149.097878175687,-35.2862261759913],[149.097511240519,-35.2951434441747],[149.101417106085,-35.2968578984597],[149.111796107267,-35.2940564541063],[149.119439721031,-35.296661391005],[149.125484887309,-35.2928379215638],[149.126890348642,-35.2929906318912],[149.125116481565,-35.3039638283802]]]},"properties":{"OBJECTID":264,"ID":58,"DIVISION_CODE":212,"DIVISION_NAME":"YARRALUMLA","LAST_UPDATE_DATE":"Fri, 19 Feb 1999 09:46:25 GMT","DIVISION_SHORT":"YARR","GlobalID":"d6a740b8-856c-4269-b8ac-57dd1d3ddcf6"}},{"type":"Feature","id":265,"geometry":{"type":"Polygon","coordinates":[[[149.125116481565,-35.3039638283802],[149.125555179935,-35.304027309327],[149.125985617195,-35.3041214106021],[149.126404619234,-35.304245438276],[149.12680909623,-35.3043984777366],[149.127196065426,-35.3045794004312],[149.127562673123,-35.3047868721854],[149.127906215711,-35.3050193630379],[149.128224159607,-35.3052751585189],[149.128514159937,-35.3055523722887],[149.12877407783,-35.3058489600439],[149.129001996191,-35.306162734588],[149.129196233847,-35.3064913819569],[149.12935535795,-35.3068324784793],[149.129478194558,-35.3071835086462],[149.129563837299,-35.3075418836593],[149.129611654071,-35.3079049605198],[149.129621291717,-35.3082700615189],[149.129592678644,-35.3086344939841],[149.129526025366,-35.3089955701376],[149.129421822969,-35.3093506269197],[149.129280839498,-35.3096970456305],[149.129104114314,-35.3100322712458],[149.128892950434,-35.3103538312643],[149.128648904936,-35.3106593539467],[149.128373777482,-35.3109465858129],[149.128069597055,-35.311213408267],[149.127738606994,-35.3114578532287],[149.127383248455,-35.3116781176538],[149.127006142404,-35.3118725768389],[149.126610070282,-35.3120397964093],[149.12619795349,-35.312178542904],[149.125772831828,-35.3122877928782],[149.125337841072,-35.3123667404556],[149.124896189832,-35.3124148032762],[149.124451135872,-35.3124316267944],[149.124005962074,-35.3124170868959],[149.123563952205,-35.3123712908142],[149.123128366689,-35.3122945763398],[149.122702418544,-35.3121875093276],[149.122289249667,-35.3120508795221],[149.121891907656,-35.3118856947296],[149.121513323316,-35.3116931733813],[149.121156289038,-35.3114747355428],[149.120823438196,-35.3112319924354],[149.120517225718,-35.3109667345474],[149.120239909982,-35.3106809184225],[149.119993536158,-35.3103766522241],[149.119779921127,-35.3100561801809],[149.119600640086,-35.309721866029],[149.119457014942,-35.3093761755741],[149.119350104566,-35.3090216585002],[149.119280697001,-35.308660929561],[149.119249303659,-35.3082966492925],[149.119256155568,-35.3079315043884],[149.119301201678,-35.3075681878838],[149.119384109256,-35.3072093792929],[149.119504266352,-35.306857724848],[149.119660786333,-35.3065158179848],[149.119852514425,-35.3061861802176],[149.120078036252,-35.3058712425466],[149.120335688272,-35.3055733275327],[149.120623570052,-35.3052946321738],[149.120939558296,-35.3050372117066],[149.121286301787,-35.3047998433254],[149.121656921357,-35.3045881042236],[149.122048606385,-35.3044036000245],[149.122458386574,-35.3042477298146],[149.122883154472,-35.3041216755387],[149.123319689029,-35.3040263930414],[149.12376468001,-35.3039626048229],[149.124214753094,-35.3039307945628],[149.124666495441,-35.303931203455],[149.125116481565,-35.3039638283802]]]},"properties":{"OBJECTID":265,"ID":40,"DIVISION_CODE":213,"DIVISION_NAME":"CAPITAL HILL","LAST_UPDATE_DATE":"Fri, 19 Feb 1999 09:46:25 GMT","DIVISION_SHORT":"CAPI","GlobalID":"9a8031c0-f8ed-4d3d-abdb-be85fdfb4928"}},{"type":"Feature","id":266,"geometry":{"type":"Polygon","coordinates":[[[149.128627414769,-35.3106837079868],[149.128864983876,-35.3103919031127],[149.129072398739,-35.3100850391669],[149.129248247918,-35.3097652048637],[149.129391334872,-35.3094345771755],[149.129500686093,-35.3090954065122],[149.129575557726,-35.3087500014022],[149.129615440618,-35.3084007127777],[149.129620063771,-35.3080499179727],[149.129589396176,-35.3077000045419],[149.12952364701,-35.307353354011],[149.129423264201,-35.307012325669],[149.129288931369,-35.3066792405119],[149.129121563159,-35.3063563654489],[149.148047686829,-35.2989921052284],[149.149484829311,-35.3014736299983],[149.149580913008,-35.3016233398189],[149.149691655557,-35.3017660826547],[149.149816310366,-35.3019008960834],[149.149954037026,-35.3020268711416],[149.150103906982,-35.3021431584539],[149.150264909791,-35.3022489739611],[149.150435959933,-35.3023436042068],[149.150615904133,-35.3024264111492],[149.150803529136,-35.3024968364639],[149.150997569888,-35.3025544053086],[149.151196718071,-35.3025987295259],[149.15139963092,-35.3026295102605],[149.151604940282,-35.3026465399748],[149.151811261843,-35.3026497038485],[149.152017204465,-35.3026389805525],[149.152221379563,-35.3026144423934],[149.152422410475,-35.3025762548248],[149.152581128191,-35.3025404171366],[149.152118242274,-35.3054157112609],[149.150518485393,-35.3091960796437],[149.15027092993,-35.3094519696887],[149.149997680198,-35.3096896430599],[149.149700722608,-35.3099073717725],[149.149382215988,-35.310103572832],[149.149044475891,-35.3102768197471],[149.148689957758,-35.3104258529047],[149.144931158532,-35.307560636069],[149.13667515992,-35.3168496936336],[149.133666758176,-35.3150530980332],[149.133575332101,-35.3149933228812],[149.13349061012,-35.3149272439438],[149.133413237017,-35.3148553641322],[149.133343801641,-35.3147782305054],[149.133282832422,-35.3146964301065],[149.133230793356,-35.3146105854945],[149.133188080467,-35.3145213500059],[149.133155018797,-35.314429402782],[149.133131859936,-35.3143354436001],[149.133118780101,-35.3142401875476],[149.133115878802,-35.314144359579],[149.133123178085,-35.3140486889994],[149.133140622361,-35.3139539039131],[149.133168078836,-35.3138607256832],[149.133205338518,-35.313769863441],[149.13325211781,-35.3136820086897],[149.133308060672,-35.3135978300418],[149.133372741327,-35.3135179681311],[149.128627414769,-35.3106837079868]]]},"properties":{"OBJECTID":266,"ID":145,"DIVISION_CODE":214,"DIVISION_NAME":"BARTON","LAST_UPDATE_DATE":"Wed, 19 Feb 2003 10:23:45 GMT","DIVISION_SHORT":"BART","GlobalID":"d65f6b2e-cda2-44ed-a824-854ef142e8a0"}},{"type":"Feature","id":267,"geometry":{"type":"Polygon","coordinates":[[[149.119451763784,-35.3093614009357],[149.119587378934,-35.3096936430976],[149.119755900601,-35.3100156064582],[149.119956185174,-35.3103251054149],[149.120186873379,-35.3106200389554],[149.120446399496,-35.3108984049236],[149.120733001987,-35.3111583136145],[149.121044735446,-35.3113980006068],[149.121379483806,-35.3116158387441],[149.115163358867,-35.318606185822],[149.113230034345,-35.3207799939317],[149.110735575908,-35.3208594622204],[149.11079130449,-35.3220482389872],[149.109977819093,-35.322529105553],[149.109897271333,-35.3225837747356],[149.109822497976,-35.3226437010282],[149.109754008277,-35.3227084763052],[149.109692268701,-35.3227776594158],[149.109637699743,-35.3228507791888],[149.109590673067,-35.3229273376407],[149.109551508971,-35.3230068133674],[149.109520474209,-35.3230886650949],[149.10949778017,-35.3231723353656],[149.109483581442,-35.3232572543349],[149.109410297014,-35.3238881722468],[149.109401336046,-35.3239562953611],[149.109390305232,-35.3240242141729],[149.109377211425,-35.3240918864475],[149.109138994713,-35.3252309715005],[149.109120389677,-35.3253018218667],[149.109094558198,-35.3253711334539],[149.109061684405,-35.3254384121535],[149.109022002632,-35.3255031783481],[149.108975795748,-35.32556497033],[149.10892339314,-35.3256233475932],[149.108865168365,-35.3256778939737],[149.10880153649,-35.3257282206167],[149.10873295113,-35.3257739687482],[149.108659901215,-35.3258148122336],[149.108582907507,-35.3258504599025],[149.108502518881,-35.3258806576244],[149.108419308422,-35.3259051901212],[149.10833386933,-35.3259238825012],[149.108246810694,-35.3259366015067],[149.108158753152,-35.3259432564637],[149.108070324463,-35.3259437999285],[149.107982155032,-35.3259382280262],[149.107024663559,-35.3258442501301],[149.106926759613,-35.3258378503795],[149.106828544739,-35.3258378197421],[149.106730634869,-35.3258441584108],[149.106633644022,-35.3258568266349],[149.106538180455,-35.3258757449694],[149.106444842847,-35.3259007947728],[149.106354216548,-35.3259318189513],[149.106266869906,-35.3259686229439],[149.106183350702,-35.3260109759424],[149.106104182718,-35.3260586123384],[149.1052395185,-35.3266233996471],[149.105155978557,-35.3266752813528],[149.10506944491,-35.3267237556648],[149.104980124298,-35.3267687067681],[149.102170702796,-35.3281061415791],[149.102098466505,-35.328140528857],[149.101996332571,-35.3281844467017],[149.101889971125,-35.3282210093082],[149.10178016909,-35.3282499461628],[149.101667738845,-35.3282710431716],[149.10155351222,-35.3282841442445],[149.101438334334,-35.3282891524503],[149.101323057349,-35.3282860307339],[149.101208534156,-35.3282748021905],[149.101095612072,-35.3282555498948],[149.100985126566,-35.3282284162866],[149.100877895078,-35.3281936021162],[149.100774710969,-35.3281513649596],[149.100676337652,-35.3281020173122],[149.100583502944,-35.3280459242769],[149.10049689368,-35.3279835008623],[149.100417150632,-35.327915208912],[149.10016526994,-35.3276800327031],[149.098290429664,-35.3275250393879],[149.095441428382,-35.327289011346],[149.088105284862,-35.3266806341677],[149.087237887242,-35.326386845917],[149.091187606041,-35.3151987394144],[149.092753168896,-35.31548993605],[149.09936877642,-35.3135501664681],[149.10255241736,-35.3133684574428],[149.119451763784,-35.3093614009357]]]},"properties":{"OBJECTID":267,"ID":42,"DIVISION_CODE":215,"DIVISION_NAME":"DEAKIN","LAST_UPDATE_DATE":"Fri, 19 Feb 1999 09:46:25 GMT","DIVISION_SHORT":"DEAK","GlobalID":"94e7e6ac-c95a-42fe-bd2b-e74b66c05949"}},{"type":"Feature","id":268,"geometry":{"type":"Polygon","coordinates":[[[149.121379483806,-35.3116158387441],[149.121756510259,-35.3118210498599],[149.1221539236,-35.3119985439966],[149.122568698962,-35.3121469701437],[149.122997679272,-35.3122651985417],[149.123437599286,-35.3123523292844],[149.123885110458,-35.3124076991714],[149.124336806437,-35.3124308867583],[149.124789249005,-35.3124217155651],[149.125238994265,-35.3123802554198],[149.125682618863,-35.3123068219262],[149.126116746061,-35.3122019740595],[149.126538071449,-35.3120665099095],[149.126943388106,-35.3119014606023],[149.127329611022,-35.311708082448],[149.127693800581,-35.3114878473737],[149.128033184946,-35.3112424317153],[149.128345181152,-35.3109737034526],[149.128627414769,-35.3106837079868],[149.133372741327,-35.3135179681311],[149.133308060672,-35.3135978300418],[149.13325211781,-35.3136820086897],[149.133205338518,-35.313769863441],[149.133168078836,-35.3138607256832],[149.133140622361,-35.3139539039131],[149.133123178085,-35.3140486889994],[149.133115878802,-35.314144359579],[149.133118780101,-35.3142401875476],[149.133131859936,-35.3143354436002],[149.133155018797,-35.314429402782],[149.133188080467,-35.3145213500059],[149.133230793356,-35.3146105854945],[149.133282832422,-35.3146964301065],[149.133343801641,-35.3147782305054],[149.133413237017,-35.3148553641322],[149.13349061012,-35.3149272439438],[149.133575332101,-35.3149933228812],[149.133666758176,-35.3150530980332],[149.135434361978,-35.3161087169614],[149.134951250158,-35.3163263029483],[149.134754050387,-35.31640810385],[149.134550535263,-35.3164787533468],[149.134341642157,-35.3165379260258],[149.134128333217,-35.3165853493352],[149.133969493381,-35.3166217718602],[149.133814925733,-35.3166689535392],[149.133665712987,-35.3167265638793],[149.133522900354,-35.3167941993364],[149.133387488221,-35.3168713861418],[149.133260425145,-35.31695758362],[149.133142601206,-35.3170521879758],[149.133034841776,-35.3171545365227],[149.132937901735,-35.3172639123248],[149.132852460184,-35.3173795492176],[149.132779115684,-35.3175006371754],[149.132718382066,-35.3176263279837],[149.132670684829,-35.3177557411816],[149.132636358155,-35.3178879702282],[149.13261564257,-35.3180220888532],[149.132608683258,-35.3181571575448],[149.132615529038,-35.3182922301316],[149.132636132023,-35.3184263604098],[149.132670347951,-35.3185586087726],[149.132717937199,-35.3186880487915],[149.132778566454,-35.3188137737071],[149.132851811049,-35.3189349027811],[149.132937157938,-35.3190505874673],[149.133034009283,-35.3191600173552],[149.131987143465,-35.3196656465101],[149.130896261582,-35.3201043521951],[149.129767720768,-35.3204735774727],[149.128608097947,-35.320771170306],[149.128512115988,-35.321006084674],[149.128391891869,-35.3212333820762],[149.12824831233,-35.3214513856457],[149.128082436437,-35.3216584870658],[149.127895487775,-35.3218531584377],[149.127688845424,-35.3220339635537],[149.127464033784,-35.3221995684957],[149.127222711337,-35.3223487514782],[149.126966658405,-35.322480411864],[149.126697764017,-35.3225935782873],[149.126418011974,-35.3226874158219],[149.126129466203,-35.3227612321426],[149.125834255536,-35.3228144826355],[149.125534557989,-35.3228467744167],[149.125232584698,-35.3228578692328],[149.124930563593,-35.322847685219],[149.124630722963,-35.3228162975036],[149.124335275001,-35.3227639376542],[149.124046399487,-35.322690991968],[149.123766227695,-35.3225979986222],[149.123496826666,-35.3224856437016],[149.123240183954,-35.3223547561357],[149.12299819296,-35.3222063015819],[149.122183163572,-35.3225262177275],[149.121342187682,-35.3227973061286],[149.120479613854,-35.3230181648946],[149.119599902466,-35.3231876518647],[149.119297741485,-35.322929139844],[149.11898097867,-35.3226826489542],[149.118650325305,-35.3224487325978],[149.116029953474,-35.3206819566268],[149.11602373924,-35.320677712289],[149.116017591301,-35.3206734035868],[149.116011510649,-35.3206690312158],[149.115875850572,-35.3205702202363],[149.115163358867,-35.318606185822],[149.121379483806,-35.3116158387441]]]},"properties":{"OBJECTID":268,"ID":45,"DIVISION_CODE":216,"DIVISION_NAME":"FORREST","LAST_UPDATE_DATE":"Fri, 19 Feb 1999 09:46:25 GMT","DIVISION_SHORT":"FORR","GlobalID":"dcbafcca-cfa4-4565-a664-d0eb4934235a"}},{"type":"Feature","id":269,"geometry":{"type":"Polygon","coordinates":[[[149.144931158532,-35.307560636069],[149.148689957758,-35.3104258529047],[149.151022283975,-35.3122035508705],[149.152729643659,-35.3124741142064],[149.153211804031,-35.312894242133],[149.154390132325,-35.3129181255745],[149.15390963195,-35.3158970868442],[149.154374798123,-35.3159474937243],[149.154001410068,-35.3182623214549],[149.152038262045,-35.321077164602],[149.151953648335,-35.3211960994158],[149.150706991426,-35.3206828082725],[149.15046691374,-35.3205939522473],[149.150218696453,-35.3205216644908],[149.149964038338,-35.3204664397338],[149.149704682235,-35.3204286559302],[149.149442403131,-35.3204085716712],[149.149178996011,-35.3204063244157],[149.148916263579,-35.3204219295495],[149.148656003926,-35.3204552802803],[149.148399998223,-35.3205061483677],[149.14814999854,-35.3205741856852],[149.147907715853,-35.3206589266012],[149.14767480834,-35.3207597911655],[149.147452870034,-35.3208760890764],[149.147243419917,-35.3210070244047],[149.147047891522,-35.3211517010387],[149.146867623123,-35.3213091288161],[149.146703848577,-35.3214782302996],[149.139118666465,-35.3169493449044],[149.13882263911,-35.3172823815444],[149.138308442955,-35.3169753336985],[149.138209567714,-35.3170211331253],[149.138106317557,-35.3170599086941],[149.137999433537,-35.3170913820993],[149.137889682791,-35.3171153274448],[149.137777853037,-35.3171315728658],[149.137664746914,-35.317140001762],[149.137551176224,-35.3171405536352],[149.137437956104,-35.3171332245233],[149.137325899176,-35.3171180670286],[149.137215809711,-35.3170951899407],[149.137108477857,-35.3170647574552],[149.13700467397,-35.3170269879956],[149.136905143079,-35.3169821526446],[149.136810599544,-35.3169305731992],[149.13667515992,-35.3168496936336],[149.144931158532,-35.307560636069]]]},"properties":{"OBJECTID":269,"ID":146,"DIVISION_CODE":217,"DIVISION_NAME":"KINGSTON","LAST_UPDATE_DATE":"Wed, 19 Feb 2003 10:24:38 GMT","DIVISION_SHORT":"KING","GlobalID":"db664c5c-b358-4a9b-a592-b4e14592f2f4"}},{"type":"Feature","id":270,"geometry":{"type":"Polygon","coordinates":[[[149.151851418039,-35.324551128314],[149.161575155169,-35.3303545818934],[149.161505760793,-35.3311276923177],[149.161517693377,-35.3319028296771],[149.161610866964,-35.3326742592488],[149.162660853521,-35.338706325201],[149.162774353044,-35.3393981587126],[149.162874229464,-35.3400914012998],[149.162960456483,-35.3407858728526],[149.162134248201,-35.340914207755],[149.160745131241,-35.3411447627891],[149.159382835512,-35.34146524918],[149.158056017242,-35.3418736307557],[149.154385939272,-35.3430721711357],[149.147552655251,-35.3452402461733],[149.146910023829,-35.3454255999221],[149.146250705824,-35.3455662164295],[149.145579331912,-35.3456611080297],[149.144900617517,-35.3457096082034],[149.144219329662,-35.345711376263],[149.143540253468,-35.3456663997488],[149.142868158522,-35.3455749945174],[149.142207765345,-35.345437802523],[149.141563712222,-35.3452557873064],[149.140940522595,-35.3450302272237],[149.140598147747,-35.3448919805241],[149.140003369997,-35.3446760858719],[149.139389070447,-35.3445006893539],[149.138759348509,-35.3443669614537],[149.138667323965,-35.3435874706146],[149.138500071797,-35.3428164248652],[149.138258649668,-35.3420586903948],[149.137944583217,-35.3413190492539],[149.137559856381,-35.340602169184],[149.137106898833,-35.3399125741719],[149.136588570608,-35.3392546159141],[149.13651235966,-35.3391735003165],[149.136427814165,-35.3390981335728],[149.136335577059,-35.3390290887994],[149.136236349762,-35.338966891037],[149.136130886844,-35.3389120132584],[149.136019990288,-35.338864872772],[149.135904503392,-35.3388258280491],[149.135785304355,-35.338795175998],[149.135574749069,-35.3387491914524],[149.135790544189,-35.338085760968],[149.135848019781,-35.336912684084],[149.135854744,-35.3367754457712],[149.135854088969,-35.3361095708624],[149.135786720831,-35.3354459879191],[149.135653096066,-35.3347891773268],[149.135454118444,-35.3341435736401],[149.135191132883,-35.3335135356481],[149.136440966269,-35.3331154717065],[149.136555471914,-35.3330835683817],[149.136672896274,-35.3330598357454],[149.136792372875,-35.3330444489192],[149.1369130201,-35.3330375214409],[149.137033947696,-35.3330391044269],[149.137154263341,-35.333049186195],[149.137273079229,-35.3330676923509],[149.13738951862,-35.3330944863365],[149.137502722307,-35.3331293704383],[149.137611854958,-35.3331720872456],[149.137716111275,-35.3332223215499],[149.139333916321,-35.3317941846089],[149.139113543645,-35.3316230184343],[149.138897557678,-35.3314481379279],[149.138686051607,-35.3312696185622],[149.13974258368,-35.3304426043514],[149.140458568411,-35.3310133375486],[149.140470270108,-35.3310218866307],[149.140482833304,-35.3310295709342],[149.140496163134,-35.3310363324339],[149.140510158943,-35.3310421200728],[149.140524715045,-35.3310468901476],[149.140539721528,-35.331050606639],[149.140555065073,-35.3310532414831],[149.140570629821,-35.3310547747839],[149.140586298239,-35.3310551949634],[149.140601952013,-35.3310544988485],[149.14061747294,-35.331052691696],[149.140632743818,-35.3310497871517],[149.140647649335,-35.3310458071485],[149.140662076938,-35.3310407817398],[149.140675917682,-35.3310347488732],[149.140689067053,-35.3310277541036],[149.14070142576,-35.3310198502497],[149.140712900479,-35.3310110969943],[149.140723404566,-35.3310015604345],[149.140732858702,-35.3309913125821],[149.140741191498,-35.3309804308197],[149.140748340033,-35.3309689973169],[149.140754250327,-35.3309570984095],[149.140758877753,-35.3309448239474],[149.140762187369,-35.3309322666163],[149.140764154184,-35.3309195212382],[149.140764763347,-35.3309066840546],[149.140764010258,-35.3308938520003],[149.140761900606,-35.3308811219715],[149.14075845032,-35.3308685900937],[149.140753685456,-35.3308563509963],[149.140747641992,-35.3308444970977],[149.140740365566,-35.3308331179076],[149.140731911121,-35.3308222993514],[149.140216402181,-35.3302217823884],[149.142176852674,-35.3290915564388],[149.142195776086,-35.3291132911383],[149.145073969733,-35.3274538584756],[149.145205848219,-35.3273709370966],[149.145328920385,-35.327279373866],[149.145442345518,-35.3271797942825],[149.145545348816,-35.3270728786041],[149.145637226681,-35.3269593572008],[149.145717351522,-35.3268400055648],[149.145785176044,-35.326715639012],[149.145840236984,-35.3265871071123],[149.145882158276,-35.3264552878857],[149.145910653616,-35.3263210818038],[149.145925528417,-35.3261854056384],[149.145926681139,-35.3260491861993],[149.145914103975,-35.3259133540024],[149.145887882908,-35.3257788369139],[149.14584819712,-35.3256465538121],[149.145795317764,-35.3255174083107],[149.145729606115,-35.3253922825869],[149.145651511095,-35.3252720313554],[149.145561566209,-35.3251574760306],[149.146673400799,-35.3245163827852],[149.146841052391,-35.3246947849413],[149.147026846504,-35.3248606778517],[149.147229399802,-35.3250128262694],[149.147447204135,-35.3251500972841],[149.147678637767,-35.3252714687598],[149.147921977453,-35.3253760369473],[149.148175411272,-35.3254630232156],[149.14843705212,-35.3255317798504],[149.148704951767,-35.3255817948789],[149.148977115368,-35.3256126958825],[149.149251516316,-35.3256242527707],[149.149526111345,-35.3256163794946],[149.149798855742,-35.325589134688],[149.150067718581,-35.3255427212296],[149.150330697849,-35.3254774847328],[149.150585835356,-35.3253939109703],[149.150831231322,-35.3252926222563],[149.151065058523,-35.3251743728111],[149.151285575903,-35.3250400431434],[149.151491141535,-35.3248906334923],[149.151680224852,-35.3247272563776],[149.151851418039,-35.324551128314]]]},"properties":{"OBJECTID":270,"ID":307,"DIVISION_CODE":218,"DIVISION_NAME":"NARRABUNDAH","LAST_UPDATE_DATE":"Wed, 20 Oct 2010 12:10:54 GMT","DIVISION_SHORT":"NARR","GlobalID":"46738be3-fa22-4a53-b3fb-b8053d330113"}},{"type":"Feature","id":272,"geometry":{"type":"Polygon","coordinates":[[[149.151953648335,-35.3211960994158],[149.150972513079,-35.322796756605],[149.150371377669,-35.3232593778652],[149.151851418039,-35.324551128314],[149.151680224852,-35.3247272563776],[149.151491141535,-35.3248906334923],[149.151285575903,-35.3250400431434],[149.151065058523,-35.3251743728112],[149.150831231322,-35.3252926222564],[149.150585835356,-35.3253939109704],[149.150330697849,-35.325477484733],[149.150067718581,-35.3255427212298],[149.149798855742,-35.3255891346881],[149.149526111345,-35.3256163794948],[149.149251516316,-35.3256242527708],[149.148977115368,-35.3256126958826],[149.148704951767,-35.325581794879],[149.14843705212,-35.3255317798505],[149.148175411272,-35.3254630232157],[149.147921977453,-35.3253760369474],[149.147678637767,-35.3252714687598],[149.147447204135,-35.3251500972841],[149.147229399802,-35.3250128262694],[149.147026846504,-35.3248606778517],[149.146841052391,-35.3246947849413],[149.146673400799,-35.3245163827852],[149.145561566209,-35.3251574760306],[149.145651511095,-35.3252720313554],[149.145729606115,-35.3253922825869],[149.145795317764,-35.3255174083107],[149.14584819712,-35.3256465538121],[149.145887882908,-35.3257788369139],[149.145914103975,-35.3259133540024],[149.145926681139,-35.3260491861993],[149.145925528417,-35.3261854056384],[149.145910653616,-35.3263210818038],[149.145882158276,-35.3264552878857],[149.145840236984,-35.3265871071123],[149.145785176044,-35.326715639012],[149.145717351522,-35.3268400055648],[149.145637226681,-35.3269593572008],[149.145545348816,-35.3270728786041],[149.145442345518,-35.3271797942825],[149.145328920385,-35.327279373866],[149.145205848219,-35.3273709370966],[149.145073969733,-35.3274538584756],[149.142195776086,-35.3291132911383],[149.142176852674,-35.3290915564388],[149.140216402181,-35.3302217823884],[149.140731911121,-35.3308222993514],[149.140740365566,-35.3308331179076],[149.140747641992,-35.3308444970977],[149.140753685456,-35.3308563509963],[149.14075845032,-35.3308685900937],[149.140761900606,-35.3308811219715],[149.140764010258,-35.3308938520004],[149.140764763347,-35.3309066840547],[149.140764154184,-35.3309195212383],[149.140762187369,-35.3309322666164],[149.140758877754,-35.3309448239475],[149.140754250327,-35.3309570984096],[149.140748340033,-35.3309689973171],[149.140741191498,-35.3309804308198],[149.140732858702,-35.3309913125822],[149.140723404566,-35.3310015604347],[149.14071290048,-35.3310110969945],[149.14070142576,-35.3310198502499],[149.140689067053,-35.3310277541039],[149.140675917682,-35.3310347488733],[149.140662076938,-35.33104078174],[149.140647649335,-35.3310458071487],[149.140632743818,-35.3310497871519],[149.14061747294,-35.3310526916962],[149.140601952013,-35.3310544988487],[149.140586298239,-35.3310551949635],[149.140570629821,-35.3310547747841],[149.140555065073,-35.3310532414833],[149.140539721528,-35.3310506066391],[149.140524715045,-35.3310468901477],[149.140510158943,-35.3310421200729],[149.140496163134,-35.331036332434],[149.140482833304,-35.3310295709343],[149.140470270108,-35.3310218866308],[149.140458568411,-35.3310133375486],[149.13974258368,-35.3304426043514],[149.138686051607,-35.3312696185622],[149.138897557011,-35.3314481384733],[149.139113542987,-35.3316230189872],[149.139333916321,-35.3317941846089],[149.137716111275,-35.3332223215499],[149.137611854958,-35.3331720872456],[149.137502722307,-35.3331293704383],[149.13738951862,-35.3330944863365],[149.137273079229,-35.3330676923509],[149.137154263341,-35.333049186195],[149.137033947696,-35.3330391044269],[149.1369130201,-35.3330375214409],[149.136792372875,-35.3330444489192],[149.136672896274,-35.3330598357454],[149.136555471914,-35.3330835683817],[149.136440966269,-35.3331154717065],[149.135191132883,-35.3335135356481],[149.135454118444,-35.3341435736401],[149.135653096066,-35.3347891773268],[149.135786720831,-35.3354459879191],[149.135854088969,-35.3361095708624],[149.135854744,-35.3367754457712],[149.135848019781,-35.336912684084],[149.134353479157,-35.3368635367072],[149.132614903623,-35.3362175710308],[149.131243846177,-35.3352278541788],[149.131253927483,-35.3351238586285],[149.131253448377,-35.3350195362174],[149.131242412201,-35.3349156057856],[149.13122089504,-35.3348127834695],[149.131189045198,-35.3347117777675],[149.131147082173,-35.3346132846579],[149.131095295146,-35.3345179828038],[149.129098867295,-35.3312195213722],[149.128356976631,-35.329858359248],[149.127751550059,-35.3284525748442],[149.127286529615,-35.3270113378315],[149.126964940942,-35.3255440486637],[149.126788873732,-35.324060277227],[149.1267594683,-35.3225697003968],[149.127019767077,-35.3224551372234],[149.127267422807,-35.322323083135],[149.127500689914,-35.3221744689432],[149.12771792427,-35.3220103421801],[149.127917594782,-35.3218318597126],[149.128098294188,-35.3216402795862],[149.128258748971,-35.3214369521561],[149.128397828333,-35.3212233105667],[149.128514552165,-35.3210008606492],[149.128608097947,-35.320771170306],[149.129767720768,-35.3204735774727],[149.130896261582,-35.3201043521951],[149.131987143465,-35.3196656465101],[149.133034009283,-35.3191600173552],[149.132937157938,-35.3190505874673],[149.132851811049,-35.3189349027811],[149.132778566454,-35.3188137737071],[149.132717937199,-35.3186880487915],[149.132670347951,-35.3185586087726],[149.132636132023,-35.3184263604099],[149.132615529038,-35.3182922301316],[149.132608683258,-35.3181571575448],[149.13261564257,-35.3180220888532],[149.132636358155,-35.3178879702282],[149.132670684829,-35.3177557411816],[149.132718382066,-35.3176263279837],[149.132779115684,-35.3175006371754],[149.132852460184,-35.3173795492176],[149.132937901735,-35.3172639123248],[149.133034841776,-35.3171545365227],[149.133142601206,-35.3170521879758],[149.133260425145,-35.31695758362],[149.133387488221,-35.3168713861418],[149.133522900354,-35.3167941993364],[149.133665712987,-35.3167265638793],[149.133814925733,-35.3166689535392],[149.133969493381,-35.3166217718602],[149.134128333217,-35.3165853493352],[149.134341642157,-35.3165379260257],[149.134550535263,-35.3164787533468],[149.134754050387,-35.31640810385],[149.134951250158,-35.3163263029483],[149.135434361978,-35.3161087169614],[149.13667515992,-35.3168496936336],[149.136810599544,-35.3169305731992],[149.136905143079,-35.3169821526446],[149.13700467397,-35.3170269879956],[149.137108477857,-35.3170647574552],[149.137215809711,-35.3170951899407],[149.137325899176,-35.3171180670286],[149.137437956104,-35.3171332245233],[149.137551176224,-35.3171405536352],[149.137664746914,-35.317140001762],[149.137777853037,-35.3171315728658],[149.137889682791,-35.3171153274448],[149.137999433537,-35.3170913820993],[149.138106317557,-35.3170599086941],[149.138209567714,-35.3170211331253],[149.138308442955,-35.3169753336985],[149.13882263911,-35.3172823815444],[149.139118666465,-35.3169493449044],[149.146703848577,-35.3214782302996],[149.146867623123,-35.3213091288161],[149.147047891522,-35.3211517010387],[149.147243419917,-35.3210070244047],[149.147452870034,-35.3208760890764],[149.14767480834,-35.3207597911655],[149.147907715853,-35.3206589266012],[149.14814999854,-35.3205741856852],[149.148399998223,-35.3205061483677],[149.148656003926,-35.3204552802803],[149.148916263579,-35.3204219295495],[149.149178996011,-35.3204063244157],[149.149442403131,-35.3204085716712],[149.149704682235,-35.3204286559302],[149.149964038338,-35.3204664397338],[149.150218696453,-35.3205216644908],[149.15046691374,-35.3205939522473],[149.150706991426,-35.3206828082725],[149.151953648335,-35.3211960994158]]]},"properties":{"OBJECTID":272,"ID":47,"DIVISION_CODE":220,"DIVISION_NAME":"GRIFFITH","LAST_UPDATE_DATE":"Fri, 19 Feb 1999 09:46:25 GMT","DIVISION_SHORT":"GRIF","GlobalID":"74145224-ab1b-4490-be08-e771c0dca068"}},{"type":"Feature","id":273,"geometry":{"type":"Polygon","coordinates":[[[149.109495767943,-35.3231817814863],[149.109517841595,-35.3230969110439],[149.109548482852,-35.3230138470325],[149.109587477785,-35.3229331693098],[149.109634554152,-35.3228554410734],[149.109689383299,-35.3227812049295],[149.109751582453,-35.3227109791047],[149.109820717399,-35.3226452538295],[149.109896305503,-35.3225844879154],[149.109977819093,-35.322529105553],[149.11079130449,-35.3220482389872],[149.110735575908,-35.3208594622204],[149.113230034345,-35.3207799939317],[149.115163358867,-35.318606185822],[149.115875850572,-35.3205702202363],[149.116011510649,-35.3206690312158],[149.116017591301,-35.3206734035868],[149.11602373924,-35.320677712289],[149.116029953474,-35.3206819566268],[149.118650325305,-35.3224487325978],[149.11898097867,-35.3226826489542],[149.119297741486,-35.322929139844],[149.119599902466,-35.3231876518647],[149.120479613854,-35.3230181648946],[149.121342187682,-35.3227973061286],[149.122183163572,-35.3225262177275],[149.12299819296,-35.3222063015819],[149.123226400012,-35.3223469947959],[149.123467774503,-35.3224720605615],[149.123720727107,-35.3225806753631],[149.123983592236,-35.3226721240072],[149.124254639016,-35.3227458043335],[149.124532082682,-35.3228012311803],[149.124814096334,-35.3228380395809],[149.125098822974,-35.3228559871664],[149.125384387734,-35.3228549557628],[149.125668910226,-35.3228349521685],[149.125950516931,-35.3227961081101],[149.126227353535,-35.3227386793738],[149.126497597146,-35.322663044121],[149.1267594683,-35.3225697003968],[149.126788873732,-35.324060277227],[149.126964940942,-35.3255440486637],[149.127286529615,-35.3270113378315],[149.127751550059,-35.3284525748442],[149.128356976631,-35.329858359248],[149.129098867295,-35.3312195213722],[149.131095295146,-35.3345179828038],[149.131147082173,-35.3346132846579],[149.131189045198,-35.3347117777675],[149.13122089504,-35.3348127834695],[149.131242412201,-35.3349156057856],[149.131253448377,-35.3350195362174],[149.131253927483,-35.3351238586285],[149.131243846177,-35.3352278541788],[149.132614903623,-35.3362175710308],[149.134353479157,-35.3368635367072],[149.135848019781,-35.336912684084],[149.135790544189,-35.338085760968],[149.135574749069,-35.3387491914524],[149.135785304355,-35.338795175998],[149.135904503392,-35.3388258280491],[149.136019990288,-35.338864872772],[149.136130886844,-35.3389120132584],[149.136236349762,-35.338966891037],[149.136335577059,-35.3390290887994],[149.136427814165,-35.3390981335728],[149.13651235966,-35.3391735003165],[149.136588570608,-35.3392546159141],[149.137106898833,-35.3399125741719],[149.137559856381,-35.340602169184],[149.137944583217,-35.3413190492539],[149.138258649668,-35.3420586903948],[149.138500071797,-35.3428164248652],[149.138667323965,-35.3435874706146],[149.138759348509,-35.3443669614537],[149.137951428069,-35.3442509971268],[149.137134878755,-35.344187461543],[149.136314760012,-35.3441767484337],[149.135496153389,-35.3442189242355],[149.133500847643,-35.344386520534],[149.131339237471,-35.3449008061317],[149.131055547252,-35.3449786513565],[149.130780490987,-35.3450750805149],[149.130515878671,-35.3451894590785],[149.130263451593,-35.3453210344026],[149.130024870887,-35.3454689406767],[149.129801706595,-35.3456322046209],[149.129171412429,-35.3461324088046],[149.128921639115,-35.3463159010194],[149.128655379658,-35.3464831093018],[149.128374211518,-35.3466330429539],[149.128079800517,-35.3467648136223],[149.127773890969,-35.3468776405629],[149.125310710037,-35.3476942014424],[149.12501953307,-35.3477828977174],[149.124722658333,-35.3478578510721],[149.124421051261,-35.3479188177491],[149.116096774987,-35.336890934033],[149.116555565132,-35.3312868994876],[149.113171586568,-35.3314682329889],[149.111939276905,-35.3318780638771],[149.109102424312,-35.3338503327304],[149.10983650293,-35.3372649511502],[149.108961168679,-35.3380603675718],[149.107562617017,-35.3382677379652],[149.104669540535,-35.3384261216654],[149.104353554769,-35.3336889722987],[149.104750613863,-35.3322749823181],[149.103941358687,-35.3305743172973],[149.103843942553,-35.3303695779458],[149.101836411203,-35.329992070081],[149.102170345295,-35.3281063118694],[149.104980124298,-35.3267687067681],[149.10506944491,-35.3267237556648],[149.105155978557,-35.3266752813528],[149.1052395185,-35.3266233996471],[149.106104182718,-35.3260586123384],[149.106183350702,-35.3260109759424],[149.106266869906,-35.3259686229439],[149.106354216548,-35.3259318189513],[149.106444842847,-35.3259007947728],[149.106538180455,-35.3258757449694],[149.106633644022,-35.3258568266349],[149.106730634869,-35.3258441584108],[149.106828544739,-35.3258378197421],[149.106926759613,-35.3258378503795],[149.107024663559,-35.3258442501301],[149.107982155032,-35.3259382280262],[149.108070324463,-35.3259437999285],[149.108158753152,-35.3259432564637],[149.108246810694,-35.3259366015067],[149.10833386933,-35.3259238825012],[149.108419308422,-35.3259051901212],[149.108502518881,-35.3258806576244],[149.108582907507,-35.3258504599025],[149.108659901215,-35.3258148122336],[149.10873295113,-35.3257739687482],[149.10880153649,-35.3257282206167],[149.108865168365,-35.3256778939737],[149.10892339314,-35.3256233475932],[149.108975795748,-35.32556497033],[149.109022002632,-35.3255031783481],[149.109061684405,-35.3254384121535],[149.109094558198,-35.3253711334539],[149.109120389677,-35.3253018218667],[149.109138994713,-35.3252309715005],[149.109377211425,-35.3240918864475],[149.109390305232,-35.3240242141729],[149.109401336046,-35.3239562953611],[149.109410297014,-35.3238881722468],[149.109483581442,-35.3232572543349],[149.109486893105,-35.3232320178693],[149.109490956081,-35.323206855246],[149.109495767943,-35.3231817814863]]]},"properties":{"OBJECTID":273,"ID":54,"DIVISION_CODE":221,"DIVISION_NAME":"RED HILL","LAST_UPDATE_DATE":"Fri, 19 Feb 1999 09:46:25 GMT","DIVISION_SHORT":"RED","GlobalID":"adc5d950-adfa-41f7-abfd-125a5aee5a96"}},{"type":"Feature","id":274,"geometry":{"type":"Polygon","coordinates":[[[149.194048914008,-35.3211234755399],[149.198056819003,-35.3208039909581],[149.202530775065,-35.3204523986815],[149.205359064334,-35.3202068874691],[149.206670423007,-35.320137056172],[149.207984368212,-35.3201547456332],[149.209292220095,-35.3202598388417],[149.210585339026,-35.320451641399],[149.212372161911,-35.326616255831],[149.205737007652,-35.3373645214191],[149.205546164887,-35.3373570233476],[149.205102276025,-35.3373633310091],[149.204655132015,-35.33738883827],[149.204436056357,-35.3373959516797],[149.204080544743,-35.3375188242749],[149.203728169848,-35.3376658440376],[149.203381005229,-35.3378302491123],[149.203079774286,-35.3379783572815],[149.202774143219,-35.338080777227],[149.202512629467,-35.3381882644213],[149.202262203842,-35.3383339453415],[149.202014891812,-35.3385405454483],[149.201830500871,-35.3387509205205],[149.201697030419,-35.3390062767161],[149.201583675301,-35.3392565542622],[149.201462981315,-35.3395665049082],[149.201349586318,-35.3398940192432],[149.201263764416,-35.3401605649401],[149.201138362953,-35.3404807065261],[149.200999035839,-35.3407270593025],[149.200794350659,-35.3410568797178],[149.200625992627,-35.3413067023686],[149.200479348238,-35.3414359929462],[149.200232935688,-35.3415163229997],[149.199944383289,-35.3415916720546],[149.199655568438,-35.3416490859215],[149.199257209833,-35.3416632319884],[149.198930539019,-35.3416659070952],[149.1986271086,-35.3416349292653],[149.198330900362,-35.3415406711594],[149.19800686453,-35.341399230679],[149.197723196045,-35.3413045013355],[149.197356989519,-35.34123810832],[149.19699796514,-35.341185672696],[149.196718576154,-35.3411810590434],[149.196447028137,-35.3410946892115],[149.196016083012,-35.340999642815],[149.195685641327,-35.3409398596065],[149.195404468635,-35.3408766642668],[149.195010456989,-35.340818057677],[149.194566454894,-35.3407838600735],[149.194196074607,-35.3407179154019],[149.193814225821,-35.340638557459],[149.193480421368,-35.340597969283],[149.1930587749,-35.340526510736],[149.192713977698,-35.3404881004832],[149.192418666788,-35.3404457389243],[149.191983046032,-35.3404199914487],[149.191638916101,-35.3403844606314],[149.191330053328,-35.3402823635677],[149.191092757004,-35.3401627639384],[149.190911736586,-35.3399765675208],[149.190763586267,-35.3398810778905],[149.190519959871,-35.3396353116259],[149.190242291595,-35.3394627774288],[149.190330372405,-35.3391573029668],[149.19040038759,-35.3389386451371],[149.190345141367,-35.3387269339654],[149.19039775282,-35.3384480080655],[149.190453313937,-35.3381105870137],[149.190467719794,-35.3379122909692],[149.190435214653,-35.3376887395517],[149.190452157914,-35.3375923704334],[149.190475562738,-35.3371388265472],[149.190369956663,-35.3368342722326],[149.190357430062,-35.3364940693269],[149.190397329159,-35.3362360716507],[149.190448383892,-35.3358022230886],[149.190581484206,-35.3352196367176],[149.19104217419,-35.3344196256618],[149.191391627754,-35.3337994911366],[149.191659475547,-35.3332307585196],[149.191810175963,-35.3328998623489],[149.192014518146,-35.3325570787935],[149.192130520006,-35.3323986443898],[149.192155541341,-35.3322769376739],[149.192156638872,-35.3321783388424],[149.192189331191,-35.3320441833249],[149.192321548526,-35.3319077137775],[149.192446836847,-35.3316253426855],[149.192634005359,-35.3311800214059],[149.192715293462,-35.3305045915448],[149.192716308076,-35.3300285495478],[149.192604769237,-35.3295798054866],[149.192551829682,-35.3294644352389],[149.192294904285,-35.3290637674261],[149.19190042601,-35.3283314660019],[149.191636048995,-35.3277437990728],[149.191275870271,-35.3271478929103],[149.191118628869,-35.3269109200771],[149.190840531279,-35.3264286281216],[149.190289540967,-35.325525408476],[149.189843987912,-35.3247549631518],[149.189531955574,-35.3242867777587],[149.189355188565,-35.3239180682361],[149.189064149176,-35.3233924404275],[149.188717922085,-35.3227721727941],[149.188389305307,-35.3221074452468],[149.188166011588,-35.321529262611],[149.188071698442,-35.3212961571886],[149.187633345986,-35.3210303945131],[149.187123583274,-35.3204921061449],[149.186670739459,-35.3201835511217],[149.186258494573,-35.3199345984769],[149.185738192442,-35.3199539238696],[149.185008843496,-35.3199189354215],[149.183753195097,-35.3196706558494],[149.182599173127,-35.31937715411],[149.182052889972,-35.3192258944394],[149.180550229401,-35.3187413549053],[149.179785791759,-35.3185379404914],[149.178890489332,-35.3183797674437],[149.177909599495,-35.3184133132223],[149.177204363504,-35.318066140143],[149.176961123563,-35.3175296918487],[149.176475037615,-35.3170171910914],[149.176376235242,-35.3165604823386],[149.176424858455,-35.3161430448132],[149.176531345972,-35.3158995595456],[149.176952942514,-35.3152162761951],[149.177330738147,-35.3146242592896],[149.177889714038,-35.3141284234078],[149.178094458132,-35.313761958772],[149.178277732255,-35.3133820944127],[149.178310262132,-35.3132682210255],[149.178217860631,-35.3127197565718],[149.177905483023,-35.3121895344116],[149.177736128738,-35.3118050252582],[149.177068582898,-35.3113114349759],[149.1761435024,-35.3106925608819],[149.175433746148,-35.3101415196949],[149.175039191813,-35.3095753524277],[149.174729098891,-35.3091786840636],[149.174648701702,-35.308733845245],[149.174913434442,-35.3079679573801],[149.175308787263,-35.3071528620818],[149.175389139623,-35.3066598556109],[149.175286265158,-35.3062994946114],[149.175473562531,-35.3056847620233],[149.175575937697,-35.3053168190456],[149.17599980443,-35.3048519998666],[149.176065900839,-35.3041658737126],[149.175730626025,-35.303543927939],[149.175268561344,-35.3031209731811],[149.174746582477,-35.3027510017526],[149.174023742522,-35.3024861176012],[149.173580842141,-35.3023447723844],[149.173279796044,-35.3023023019368],[149.173578662768,-35.3019747920235],[149.174144479739,-35.3016162113363],[149.174251921515,-35.3015526446472],[149.174364237017,-35.3014950172008],[149.174480938487,-35.3014435792527],[149.174605886017,-35.3013881931496],[149.174725751214,-35.3013257128862],[149.174839935749,-35.301256450352],[149.174947869655,-35.3011807512912],[149.177576456556,-35.2992010917328],[149.172680257879,-35.2945881085085],[149.172323353751,-35.2942499374147],[149.172406967261,-35.2941906219547],[149.172412566892,-35.294127059625],[149.17379837816,-35.2931439390791],[149.173792269751,-35.290123778253],[149.176789844436,-35.2879850883785],[149.178105225195,-35.2861698584401],[149.18001805185,-35.287504891386],[149.182664183076,-35.2856600370313],[149.183266698554,-35.2860723747912],[149.183668826374,-35.2832897459699],[149.185370108522,-35.2764726908903],[149.194569324843,-35.2775770994494],[149.193874900714,-35.281868671451],[149.192924427139,-35.2875688834548],[149.192842764431,-35.2879553273305],[149.192727706375,-35.2883360140418],[149.192579838101,-35.2887090060457],[149.192399911758,-35.289072404935],[149.192188842692,-35.2894243611026],[149.187475534249,-35.2966225029568],[149.187261874908,-35.2969180112234],[149.187018476847,-35.2971976353721],[149.186747086168,-35.2974593690648],[149.186449649878,-35.2977013343088],[149.186128301928,-35.2979217949357],[149.185785347896,-35.2981191690625],[149.18542324845,-35.2982920404466],[149.185044601688,-35.2984391686509],[149.18465212449,-35.2985594979492],[149.184248633021,-35.2986521649037],[149.183837022516,-35.2987165045645],[149.180470963159,-35.2991223493879],[149.180654173131,-35.299314688827],[149.180816893442,-35.2995190372682],[149.180957958928,-35.2997339316586],[149.181076359442,-35.2999578334301],[149.181171247084,-35.3001891395127],[149.181241942283,-35.3004261938111],[149.181287938662,-35.30066729906],[149.181308906674,-35.3009107289756],[149.181304695966,-35.3011547406146],[149.181275336459,-35.301397586853],[149.181221038143,-35.3016375288957],[149.181142189582,-35.3018728487266],[149.181039355134,-35.3021018614099],[149.180913270917,-35.3023229271559],[149.180764839543,-35.3025344630633],[149.180595123664,-35.3027349544544],[149.180405338361,-35.3029229657231],[149.180838221061,-35.3030091599425],[149.181262133841,-35.3031213849603],[149.181674750974,-35.3032590250658],[149.18207380867,-35.3034213251121],[149.1824571175,-35.3036073946573],[149.182822574395,-35.3038162128476],[149.184908185449,-35.3051039399536],[149.185112764977,-35.3052415790574],[149.185302717594,-35.3053926502194],[149.185476734915,-35.30555611293],[149.185633618291,-35.3057308413266],[149.185772287061,-35.3059156319468],[149.185891786002,-35.3061092120163],[149.185991291903,-35.3063102482133],[149.186070119247,-35.3065173558513],[149.18612772493,-35.3067291084152],[149.186163712006,-35.3069440473859],[149.186565798056,-35.3098325650826],[149.186892174562,-35.3116352915092],[149.187365987333,-35.3134158976667],[149.187985092652,-35.3151662916165],[149.188746685987,-35.3168785182245],[149.189794562683,-35.3190082976636],[149.189941536063,-35.3192736577731],[149.190115660497,-35.3195277437007],[149.190315660321,-35.3197686936205],[149.190540070226,-35.319994741947],[149.190787245996,-35.3202042322748],[149.191055376554,-35.3203956295199],[149.191342497225,-35.320567531171],[149.191646504144,-35.320718677569],[149.191965169663,-35.3208479611411],[149.192296158688,-35.3209544345187],[149.192637045786,-35.3210373174821],[149.19298533297,-35.3210960026792],[149.193338468009,-35.3211300600779],[149.193693863133,-35.3211392401179],[149.194048914008,-35.3211234755399]]]},"properties":{"OBJECTID":274,"ID":661,"DIVISION_CODE":251,"DIVISION_NAME":"PIALLIGO","LAST_UPDATE_DATE":"Fri, 02 Nov 2012 13:55:05 GMT","DIVISION_SHORT":"PIAL","GlobalID":"7dc1429e-2cd0-4a0c-8bc5-64feceaaa8c5"}},{"type":"Feature","id":275,"geometry":{"type":"Polygon","coordinates":[[[149.19316518677,-35.2861250684434],[149.195655038201,-35.2856834141172],[149.195791442302,-35.2856939714521],[149.196586118912,-35.2857966280677],[149.196669429974,-35.2927731884682],[149.198801261811,-35.2927729196232],[149.198803290095,-35.2950004444577],[149.199970658831,-35.2956974588722],[149.198765570887,-35.298821656992],[149.199449736225,-35.2991904223115],[149.199191194513,-35.2994798016637],[149.199394419649,-35.2996230559526],[149.199856074406,-35.3001409226453],[149.201223457136,-35.3009577869873],[149.201466594143,-35.3002562602383],[149.202829516328,-35.3004727644779],[149.202590760113,-35.3010549468253],[149.203856346451,-35.3013492214814],[149.20442850605,-35.3017072058579],[149.205279807708,-35.3007537931458],[149.205655960387,-35.3005639435139],[149.205935035834,-35.3007440890905],[149.206315132478,-35.3008386134289],[149.206639326835,-35.3010267511592],[149.20722648277,-35.3011590822573],[149.207175482002,-35.3017084286239],[149.207593539011,-35.3029264932915],[149.209252516445,-35.3039209918237],[149.209355149575,-35.3043834952289],[149.209084323499,-35.3049523992158],[149.208351722775,-35.3055533828184],[149.207608696937,-35.3068505854714],[149.207173917635,-35.3073378041284],[149.20693911989,-35.307199926985],[149.206806706709,-35.3073518811193],[149.20653187577,-35.3071907908865],[149.205986993044,-35.3074680280853],[149.205292767672,-35.3073237608286],[149.204190349942,-35.3066707139258],[149.202050872085,-35.3090399199924],[149.200779175484,-35.3104686895308],[149.200136883455,-35.31104620262],[149.198994733639,-35.3117458344967],[149.198361251943,-35.3123241769911],[149.198219309609,-35.3122553346648],[149.19812543883,-35.3123974930869],[149.198045068228,-35.3125451056216],[149.197978666027,-35.3126973124458],[149.197926619094,-35.3128532269698],[149.197889230683,-35.313011941002],[149.197866718667,-35.3131725300382],[149.197859214269,-35.3133340586468],[149.197860202032,-35.3208196672688],[149.194048914008,-35.3211234755399],[149.193693863133,-35.3211392401179],[149.193338468009,-35.3211300600779],[149.19298533297,-35.3210960026792],[149.192637045786,-35.3210373174821],[149.192296158688,-35.3209544345187],[149.191965169663,-35.3208479611411],[149.191646504144,-35.320718677569],[149.191342497225,-35.320567531171],[149.191055376554,-35.3203956295199],[149.190787245996,-35.3202042322748],[149.190540070226,-35.319994741947],[149.190315660321,-35.3197686936205],[149.190115660497,-35.3195277437007],[149.189941536063,-35.3192736577731],[149.189794562683,-35.3190082976636],[149.188746685987,-35.3168785182245],[149.187985092652,-35.3151662916165],[149.187365987333,-35.3134158976667],[149.186892174562,-35.3116352915092],[149.186565798056,-35.3098325650826],[149.186163712006,-35.3069440473859],[149.18612772493,-35.3067291084152],[149.186070119247,-35.3065173558513],[149.185991291903,-35.3063102482133],[149.185891786002,-35.3061092120163],[149.185772287061,-35.3059156319469],[149.185633618291,-35.3057308413266],[149.185476734915,-35.30555611293],[149.185302717594,-35.3053926502195],[149.185112764977,-35.3052415790574],[149.184908185449,-35.3051039399536],[149.182822574395,-35.3038162128476],[149.1824571175,-35.3036073946573],[149.18207380867,-35.3034213251121],[149.181674750974,-35.3032590250658],[149.181262133841,-35.3031213849603],[149.180838221061,-35.3030091599425],[149.180405338361,-35.3029229657231],[149.180595123664,-35.3027349544544],[149.180764839543,-35.3025344630633],[149.180913270917,-35.3023229271559],[149.181039355134,-35.3021018614099],[149.181142189582,-35.3018728487266],[149.181221038143,-35.3016375288957],[149.181275336459,-35.301397586853],[149.181304695966,-35.3011547406146],[149.181308906674,-35.3009107289756],[149.181287938662,-35.30066729906],[149.181241942283,-35.3004261938111],[149.181171247084,-35.3001891395127],[149.181076359442,-35.2999578334301],[149.180957958928,-35.2997339316586],[149.180816893442,-35.2995190372682],[149.180654173131,-35.299314688827],[149.180470963159,-35.2991223493879],[149.183837022516,-35.2987165045645],[149.184248633021,-35.2986521649037],[149.18465212449,-35.2985594979492],[149.185044601688,-35.2984391686509],[149.18542324845,-35.2982920404466],[149.185785347896,-35.2981191690625],[149.186128301928,-35.2979217949357],[149.186449649878,-35.2977013343088],[149.186747086168,-35.2974593690648],[149.187018476847,-35.2971976353721],[149.187261874908,-35.2969180112234],[149.187475534249,-35.2966225029568],[149.192188842692,-35.2894243611026],[149.192399911758,-35.289072404935],[149.192579838101,-35.2887090060457],[149.192727706375,-35.2883360140418],[149.192842764431,-35.2879553273305],[149.192924427139,-35.2875688834548],[149.19316518677,-35.2861250684434]]]},"properties":{"OBJECTID":275,"ID":676,"DIVISION_CODE":252,"DIVISION_NAME":"CANBERRA AIRPORT","LAST_UPDATE_DATE":"Tue, 23 Jul 2024 08:49:50 GMT","DIVISION_SHORT":"CANB","GlobalID":"b12d9018-390a-473a-b4f4-b2b378253f3c"}},{"type":"Feature","id":276,"geometry":{"type":"Polygon","coordinates":[[[149.102170345295,-35.3281063118694],[149.101836411203,-35.329992070081],[149.103843942553,-35.3303695779458],[149.103941358687,-35.3305743172973],[149.104750613863,-35.3322749823181],[149.104353554769,-35.3336889722987],[149.104433763399,-35.3348914991251],[149.103167175838,-35.334948399218],[149.102950680066,-35.3353774303401],[149.102894362304,-35.335812877011],[149.102653110971,-35.336767815939],[149.101853915392,-35.3372991444575],[149.101772244362,-35.3375607688168],[149.100505233574,-35.33863785446],[149.099674821449,-35.3383841562973],[149.09933242601,-35.3385629646675],[149.098779504989,-35.3385618130534],[149.098041683854,-35.3385690827871],[149.096432729432,-35.3380905516815],[149.095889815137,-35.3379909342516],[149.094636876482,-35.3376283707544],[149.093845480559,-35.3371468442918],[149.092189619509,-35.3395015283918],[149.088803641066,-35.3371497110761],[149.08861496952,-35.337029560093],[149.088414542992,-35.3369229529941],[149.088203805545,-35.3368306578612],[149.087984275516,-35.3367533396603],[149.087757534575,-35.3366915554512],[149.087525216332,-35.336645750375],[149.087288994574,-35.3366162544476],[149.087050571201,-35.3366032801827],[149.086771124758,-35.3357373077429],[149.086170522329,-35.3323771555858],[149.086331251665,-35.329673272116],[149.087152546079,-35.326628550365],[149.087237887242,-35.326386845917],[149.088105284862,-35.3266806341677],[149.095441428382,-35.327289011346],[149.098290429664,-35.3275250393879],[149.10016526994,-35.3276800327031],[149.100417150632,-35.327915208912],[149.10049689368,-35.3279835008623],[149.100583502944,-35.3280459242769],[149.100676337652,-35.3281020173122],[149.100774710969,-35.3281513649596],[149.100877895078,-35.3281936021162],[149.100985126566,-35.3282284162866],[149.101095612072,-35.3282555498948],[149.101208534156,-35.3282748021905],[149.101323057349,-35.3282860307339],[149.101438334334,-35.3282891524503],[149.10155351222,-35.3282841442445],[149.101667738845,-35.3282710431716],[149.10178016909,-35.3282499461628],[149.101889971125,-35.3282210093082],[149.101996332571,-35.3281844467017],[149.102098466505,-35.328140528857],[149.102170345295,-35.3281063118694]]]},"properties":{"OBJECTID":276,"ID":102,"DIVISION_CODE":327,"DIVISION_NAME":"HUGHES","LAST_UPDATE_DATE":"Fri, 19 Feb 1999 09:46:25 GMT","DIVISION_SHORT":"HUGH","GlobalID":"439ba971-3529-4367-8714-6ca8ef5d5fea"}},{"type":"Feature","id":277,"geometry":{"type":"Polygon","coordinates":[[[149.063328209568,-35.3202597737681],[149.06347174262,-35.3202165145165],[149.063614456137,-35.3201714708943],[149.063756317095,-35.3201246533246],[149.064395637504,-35.3198873054559],[149.06501319666,-35.3196139830434],[149.065605985637,-35.3193060179286],[149.0661711163,-35.3189649107366],[149.066905898016,-35.3184918574175],[149.067505932992,-35.3181340893256],[149.068136528994,-35.3178135727568],[149.068794250148,-35.3175320538719],[149.069475512924,-35.3172910663498],[149.07017660565,-35.3170919230387],[149.070893708722,-35.3169357088109],[149.074584455064,-35.3162501000213],[149.075850100381,-35.3159690280346],[149.077082776303,-35.315602521059],[149.078273914059,-35.3151531271008],[149.079415234041,-35.3146239703178],[149.08077569281,-35.3138847517853],[149.081491331658,-35.3135282243942],[149.082238885616,-35.3132188142208],[149.083013746723,-35.3129584282952],[149.083811138866,-35.3127486714608],[149.084626147199,-35.3125908364925],[149.085453748407,-35.3124858961372],[149.086288841649,-35.3124344971254],[149.089714582918,-35.3123342097801],[149.09200469616,-35.3128838199595],[149.091187606041,-35.3151987394144],[149.087152546079,-35.326628550365],[149.086331251665,-35.329673272116],[149.086170522329,-35.3323771555858],[149.086771124758,-35.3357373077429],[149.087050571201,-35.3366032801827],[149.086815143549,-35.3366066681805],[149.086580884659,-35.3366261642236],[149.086349432982,-35.3366616319577],[149.08612240734,-35.3367128233192],[149.085901395608,-35.3367793802694],[149.08568794361,-35.3368608372981],[149.085483544307,-35.3369566246787],[149.08528962736,-35.3370660724518],[149.085107549129,-35.3371884151099],[149.084938583187,-35.3373227969509],[149.08349985926,-35.3385669896177],[149.082921136495,-35.3380222932605],[149.08284148295,-35.3379413260444],[149.082769534472,-35.3378556522891],[149.08270570356,-35.3377657632135],[149.082650356167,-35.3376721742037],[149.082603809602,-35.3375754218582],[149.082566330711,-35.3374760609109],[149.082408245166,-35.3369928172461],[149.082394369579,-35.3369520786573],[149.082379476565,-35.3369115820019],[149.0823635724,-35.3368713443396],[149.082217450578,-35.336927285839],[149.082044666273,-35.3369934335318],[149.082022513558,-35.3370010472531],[149.081999656713,-35.3370071043725],[149.081976258305,-35.3370115618092],[149.081952484753,-35.3370143878601],[149.081928505145,-35.3370155624248],[149.081904490035,-35.3370150771495],[149.081880610227,-35.3370129354855],[149.081857035566,-35.3370091526653],[149.081833933724,-35.3370037555937],[149.081811469011,-35.3369967826571],[149.081789801207,-35.3369882834499],[149.08176908442,-35.3369783184219],[149.081749465998,-35.3369669584486],[149.081731085474,-35.3369542843269],[149.081714073578,-35.3369403862004],[149.081698551305,-35.3369253629181],[149.081684629054,-35.3369093213318],[149.081672405845,-35.3368923755358],[149.081661968614,-35.3368746460553],[149.081653391593,-35.3368562589893],[149.079946278937,-35.3373243003395],[149.079036915006,-35.3372052652486],[149.078444112919,-35.3364702405621],[149.078117526468,-35.3358906647902],[149.077523275315,-35.3347643709579],[149.076328024008,-35.3341098264579],[149.074903414885,-35.3342198470909],[149.074311687013,-35.3340457046744],[149.073733502316,-35.3333782854185],[149.07311256337,-35.3324617177446],[149.072877444481,-35.3317423884199],[149.072539594112,-35.3314009406097],[149.070343346515,-35.3322605962384],[149.070179055564,-35.3323244963074],[149.069378974741,-35.3330621370663],[149.069257151471,-35.3331650633838],[149.069124872246,-35.333258923433],[149.068983138223,-35.3333430068058],[149.068833022131,-35.3334166770898],[149.068675660151,-35.333479376685],[149.068512243316,-35.3335306310251],[149.068344008497,-35.3335700521706],[149.068172229038,-35.3335973417448],[149.067998205115,-35.3336122931932],[149.067823253899,-35.3336147933471],[149.067648699579,-35.3336048232802],[149.067475863343,-35.3335824584524],[149.066739555324,-35.3334600676152],[149.066457147396,-35.333423320547],[149.066171945312,-35.3334064294435],[149.06588602415,-35.3334095172085],[149.063536778962,-35.3335171025358],[149.063160850891,-35.3312322985181],[149.062982087118,-35.3289314779011],[149.063001357468,-35.3266260514162],[149.063328209568,-35.3202597737681]]]},"properties":{"OBJECTID":277,"ID":99,"DIVISION_CODE":328,"DIVISION_NAME":"CURTIN","LAST_UPDATE_DATE":"Fri, 19 Feb 1999 09:46:25 GMT","DIVISION_SHORT":"CURT","GlobalID":"b283e571-7d59-4b8e-9510-48ad5ca12b88"}},{"type":"Feature","id":278,"geometry":{"type":"Polygon","coordinates":[[[149.079946278937,-35.3373243003395],[149.081653391593,-35.3368562589893],[149.081661968614,-35.3368746460553],[149.081672405845,-35.3368923755358],[149.081684629054,-35.3369093213318],[149.081698551305,-35.3369253629181],[149.081714073578,-35.3369403862004],[149.081731085474,-35.3369542843269],[149.081749465998,-35.3369669584486],[149.08176908442,-35.3369783184219],[149.081789801207,-35.3369882834499],[149.081811469011,-35.3369967826571],[149.081833933724,-35.3370037555937],[149.081857035566,-35.3370091526653],[149.081880610227,-35.3370129354855],[149.081904490035,-35.3370150771495],[149.081928505145,-35.3370155624248],[149.081952484753,-35.33701438786],[149.081976258305,-35.3370115618092],[149.081999656713,-35.3370071043725],[149.082022513558,-35.3370010472531],[149.082044666273,-35.3369934335318],[149.082217450578,-35.336927285839],[149.0823635724,-35.3368713443396],[149.082379476565,-35.3369115820019],[149.082394369579,-35.3369520786573],[149.082408245166,-35.3369928172461],[149.082566330711,-35.3374760609109],[149.082603809602,-35.3375754218582],[149.082650356167,-35.3376721742037],[149.08270570356,-35.3377657632135],[149.082769534472,-35.3378556522891],[149.08284148295,-35.3379413260444],[149.082921136495,-35.3380222932605],[149.08349985926,-35.3385669896177],[149.08329028171,-35.3387632664939],[149.083100288244,-35.3389725003503],[149.08293106734,-35.3391933825331],[149.082783677579,-35.339424531522],[149.082659041022,-35.3396645015694],[149.082557937438,-35.3399117917418],[149.082480999423,-35.3401648553063],[149.08242870844,-35.340422109404],[149.082401391797,-35.3406819449497],[149.082399220598,-35.340942736696],[149.082500286715,-35.3434719415881],[149.082541549155,-35.3439265558556],[149.082628670055,-35.3443768020672],[149.082761050305,-35.3448195800935],[149.084159964944,-35.3487795123737],[149.083753939432,-35.3487287604421],[149.083350781835,-35.3486644688599],[149.08295116455,-35.3485867448477],[149.079166225444,-35.347783290572],[149.078380675928,-35.3476437037613],[149.077584032266,-35.3475559504621],[149.076781380619,-35.3475205909868],[149.075977845481,-35.3475378511405],[149.075178556991,-35.3476076207795],[149.070662840328,-35.3481519644071],[149.06990015361,-35.3482437778319],[149.069758283002,-35.3482608755985],[149.069714627312,-35.3482660375371],[149.069670938018,-35.3482710049848],[149.06962721641,-35.3482757777949],[149.069279137986,-35.3471443644533],[149.068843734902,-35.3460334338707],[149.068322781984,-35.3449475056094],[149.06621968483,-35.3409433714707],[149.065087242293,-35.3385285184629],[149.064191081784,-35.3360479310697],[149.063536778962,-35.3335171025358],[149.06588602415,-35.3334095172085],[149.066171945312,-35.3334064294435],[149.066457147396,-35.333423320547],[149.066739555324,-35.3334600676152],[149.067475863343,-35.3335824584524],[149.067648699579,-35.3336048232802],[149.067823253899,-35.3336147933471],[149.067998205115,-35.3336122931932],[149.068172229038,-35.3335973417448],[149.068344008497,-35.3335700521706],[149.068512243316,-35.3335306310251],[149.068675660151,-35.333479376685],[149.068833022131,-35.3334166770898],[149.068983138223,-35.3333430068058],[149.069124872246,-35.333258923433],[149.069257151471,-35.3331650633838],[149.069378974741,-35.3330621370663],[149.070179055564,-35.3323244963074],[149.070343346515,-35.3322605962384],[149.072539594112,-35.3314009406097],[149.072877444481,-35.3317423884199],[149.07311256337,-35.3324617177446],[149.073733502316,-35.3333782854185],[149.074311687013,-35.3340457046744],[149.074903414885,-35.3342198470909],[149.076328024008,-35.3341098264579],[149.077523275315,-35.3347643709579],[149.078117526468,-35.3358906647902],[149.078444112919,-35.3364702405621],[149.079036915006,-35.3372052652486],[149.079946278937,-35.3373243003395]]]},"properties":{"OBJECTID":278,"ID":104,"DIVISION_CODE":329,"DIVISION_NAME":"LYONS","LAST_UPDATE_DATE":"Fri, 19 Feb 1999 09:46:25 GMT","DIVISION_SHORT":"LYON","GlobalID":"b2a582ba-a23c-49c6-8e5b-f02338da0ff4"}},{"type":"Feature","id":279,"geometry":{"type":"Polygon","coordinates":[[[149.095889815137,-35.3379909342516],[149.096432729432,-35.3380905516815],[149.098041683854,-35.3385690827871],[149.098779504989,-35.3385618130534],[149.09933242601,-35.3385629646675],[149.099674821449,-35.3383841562973],[149.100505233574,-35.33863785446],[149.101772244362,-35.3375607688168],[149.101853915392,-35.3372991444575],[149.102653110971,-35.336767815939],[149.102894362304,-35.335812877011],[149.102950680066,-35.3353774303401],[149.103167175838,-35.334948399218],[149.104433763399,-35.3348914991251],[149.104669540535,-35.3384261216654],[149.107562617017,-35.3382677379652],[149.108961168679,-35.3380603675718],[149.10983650293,-35.3372649511502],[149.109102424312,-35.3338503327304],[149.111939276905,-35.3318780638771],[149.113171586568,-35.3314682329889],[149.116555565132,-35.3312868994876],[149.116096774987,-35.336890934033],[149.124461285554,-35.3479721110796],[149.121981108583,-35.348116541293],[149.117960739099,-35.346181175638],[149.117374505627,-35.3459252780098],[149.116764283869,-35.3457103005255],[149.116134319409,-35.3455377388616],[149.115488995102,-35.345408793593],[149.114832800591,-35.3453243618459],[149.114170301103,-35.3452850310594],[149.113506105701,-35.3452910749004],[149.112844835251,-35.34534245136],[149.112191090287,-35.3454388030447],[149.111549419037,-35.3455794596595],[149.110924285795,-35.3457634426677],[149.110320039883,-35.3459894720923],[149.109740885408,-35.3462559754149],[149.109190852027,-35.346561098508],[149.103665990645,-35.3499092568655],[149.103302237953,-35.3501116004345],[149.10291975402,-35.3502892543908],[149.102521029812,-35.3504410616776],[149.102108662112,-35.350566033568],[149.101685336609,-35.3506633561071],[149.101253810396,-35.350732395416],[149.100816894005,-35.3507727018233],[149.100377433096,-35.3507840127948],[149.100349146951,-35.3497536407712],[149.100309039093,-35.3491808365853],[149.100220383393,-35.3486117069382],[149.100083610575,-35.3480490104036],[149.099308107068,-35.3453521954986],[149.099193002724,-35.3450132939997],[149.09904518907,-35.3446830200288],[149.098865613325,-35.3443634891903],[149.098655426126,-35.3440567482497],[149.098415974148,-35.3437647620253],[149.098148791469,-35.3434894008063],[149.097855589742,-35.3432324283755],[149.097538247226,-35.3429954907157],[149.097198796756,-35.3427801054698],[149.09573402891,-35.3419252540375],[149.095506531673,-35.3417885005852],[149.095283806853,-35.3416465712155],[149.095066029786,-35.3414995776735],[149.092189619509,-35.3395015283918],[149.093845480559,-35.3371468442918],[149.094636876482,-35.3376283707544],[149.095889815137,-35.3379909342516]]]},"properties":{"OBJECTID":279,"ID":101,"DIVISION_CODE":330,"DIVISION_NAME":"GARRAN","LAST_UPDATE_DATE":"Fri, 19 Feb 1999 09:46:25 GMT","DIVISION_SHORT":"GARR","GlobalID":"503d3143-4425-49c0-95e3-d2323e9af8a8"}},{"type":"Feature","id":280,"geometry":{"type":"Polygon","coordinates":[[[149.091983548156,-35.3643406269922],[149.091691642309,-35.364344091507],[149.091400981515,-35.3643664236704],[149.091113380359,-35.3644074840704],[149.090830634335,-35.3644670163746],[149.090554508636,-35.3645446489299],[149.09036288505,-35.3646110444238],[149.090178118826,-35.3646894042563],[149.090001321215,-35.3647792571541],[149.089833555558,-35.3648800627197],[149.089675830883,-35.3649912146808],[149.089529095842,-35.3651120445356],[149.089394233004,-35.3652418255731],[149.089272053543,-35.3653797772425],[149.089212538114,-35.3654463896094],[149.089146266455,-35.3655085746924],[149.089073727074,-35.3655658740919],[149.088995454685,-35.3656178654222],[149.088912026267,-35.3656641654255],[149.08882405681,-35.3657044327972],[149.088732194784,-35.365738370702],[149.088637117352,-35.3657657289627],[149.088539525386,-35.365786305904],[149.088440138294,-35.3657999498398],[149.08833968872,-35.3658065601913],[149.088238917141,-35.3658060882285],[149.087171980248,-35.3657635233726],[149.087065195009,-35.3657627488626],[149.086958672923,-35.3657689346778],[149.08685308906,-35.3657820416176],[149.086749112544,-35.3658019866191],[149.086647402316,-35.3658286432842],[149.086548602955,-35.3658618426802],[149.086453340596,-35.3659013744102],[149.086362218961,-35.3659469879465],[149.085190243967,-35.3665874799962],[149.08507432648,-35.3666565756613],[149.084965655964,-35.366733167206],[149.084864952925,-35.3668167468311],[149.084772885049,-35.3669067604049],[149.084690062779,-35.3670026111365],[149.084617035264,-35.3671036635323],[149.08455428672,-35.3672092476087],[149.084502233216,-35.367318663334],[149.084461219919,-35.3674311852692],[149.084431518799,-35.3675460673779],[149.084413326829,-35.3676625479719],[149.084406764674,-35.3677798547614],[149.084411875896,-35.3678972099757],[149.084428626654,-35.3680138355194],[149.084456905937,-35.3681289581319],[149.084782790085,-35.3692231291644],[149.083016953878,-35.3694103693323],[149.082255657089,-35.369732980912],[149.080707615762,-35.3704467134102],[149.078954652459,-35.3683078425677],[149.078686720115,-35.3676807900311],[149.078152127442,-35.3669916143127],[149.077249068732,-35.3659519189317],[149.077199948818,-35.3659120675363],[149.075822731767,-35.3644758874541],[149.075044735223,-35.363425161583],[149.074456507163,-35.3624468410865],[149.073000330092,-35.3601312379019],[149.074614914586,-35.3602344735853],[149.076283956444,-35.3593898833767],[149.076479305882,-35.3591942020297],[149.078456408466,-35.3576722182547],[149.079460265447,-35.3572186807573],[149.07954400565,-35.3571219100229],[149.086595712357,-35.3556734526048],[149.086615466295,-35.3557293564035],[149.086676253673,-35.3558784168296],[149.086751617947,-35.3560229403031],[149.086841061245,-35.3561619719304],[149.086943992666,-35.3562945930987],[149.087059732176,-35.3564199275467],[149.087187515107,-35.3565371471547],[149.087326497204,-35.3566454774173],[149.087475760206,-35.3567442025609],[149.08763431791,-35.3568326702742],[149.087915137782,-35.3569627113564],[149.088208493314,-35.3570726219385],[149.088512239214,-35.3571615982436],[149.088824154182,-35.3572289895875],[149.089141957159,-35.3572743031379],[149.089463324012,-35.3572972075199],[149.089785904541,-35.3572975352399],[149.091587873158,-35.3572361775548],[149.091727482173,-35.3599871299385],[149.091745603816,-35.3602023557419],[149.091782441239,-35.3604159719556],[149.091837806492,-35.3606268878285],[149.092172350608,-35.3615796326372],[149.09226917352,-35.3618948460174],[149.092340709318,-35.3622145588622],[149.092386653457,-35.3625374114077],[149.092477852065,-35.3643340055438],[149.091983548156,-35.3643406269922]]]},"properties":{"OBJECTID":280,"ID":699,"DIVISION_CODE":331,"DIVISION_NAME":"PEARCE","LAST_UPDATE_DATE":"Wed, 24 Oct 2018 10:28:47 GMT","DIVISION_SHORT":"PEAR","GlobalID":"e92c8688-3b34-4a92-b055-10bcb4620b1b"}},{"type":"Feature","id":281,"geometry":{"type":"Polygon","coordinates":[[[149.092477852065,-35.3643340055438],[149.093145565748,-35.3774852322777],[149.092402425813,-35.3775105829097],[149.090177933834,-35.3779437711438],[149.085985018367,-35.377504590322],[149.084523627947,-35.3776489415959],[149.083273609211,-35.3781942721933],[149.082422707026,-35.3782374117613],[149.081621466777,-35.3779435292042],[149.081214574082,-35.3764246276786],[149.081927265191,-35.3747724664468],[149.08165506034,-35.3720359595931],[149.080707615762,-35.3704467134102],[149.082255657089,-35.369732980912],[149.083016953878,-35.3694103693323],[149.084782790085,-35.3692231291644],[149.084456905937,-35.3681289581319],[149.084428626654,-35.3680138355194],[149.084411875896,-35.3678972099757],[149.084406764674,-35.3677798547614],[149.084413326829,-35.3676625479719],[149.084431518799,-35.3675460673779],[149.084461219919,-35.3674311852692],[149.084502233216,-35.367318663334],[149.08455428672,-35.3672092476087],[149.084617035264,-35.3671036635323],[149.084690062779,-35.3670026111365],[149.084772885049,-35.3669067604049],[149.084864952925,-35.3668167468311],[149.084965655964,-35.366733167206],[149.08507432648,-35.3666565756613],[149.085190243967,-35.3665874799962],[149.086362218961,-35.3659469879465],[149.086453340596,-35.3659013744102],[149.086548602955,-35.3658618426802],[149.086647402316,-35.3658286432842],[149.086749112544,-35.3658019866191],[149.08685308906,-35.3657820416176],[149.086958672923,-35.3657689346778],[149.087065195009,-35.3657627488626],[149.087171980248,-35.3657635233726],[149.088238917141,-35.3658060882285],[149.08833968872,-35.3658065601913],[149.088440138294,-35.3657999498399],[149.088539525386,-35.3657863059041],[149.088637117352,-35.3657657289627],[149.088732194784,-35.3657383707021],[149.08882405681,-35.3657044327972],[149.088912026267,-35.3656641654256],[149.088995454685,-35.3656178654223],[149.089073727074,-35.365565874092],[149.089146266455,-35.3655085746925],[149.089212538114,-35.3654463896095],[149.089272053543,-35.3653797772425],[149.089394233004,-35.3652418255731],[149.089529095842,-35.3651120445356],[149.089675830883,-35.3649912146808],[149.089833555558,-35.3648800627197],[149.090001321215,-35.3647792571541],[149.090178118826,-35.3646894042563],[149.09036288505,-35.3646110444238],[149.090554508636,-35.3645446489299],[149.090830634335,-35.3644670163746],[149.091113380359,-35.3644074840704],[149.091400981515,-35.3643664236704],[149.091691642309,-35.364344091507],[149.091983548156,-35.3643406269922],[149.092477852065,-35.3643340055438]]]},"properties":{"OBJECTID":281,"ID":696,"DIVISION_CODE":332,"DIVISION_NAME":"TORRENS","LAST_UPDATE_DATE":"Wed, 24 Oct 2018 10:28:48 GMT","DIVISION_SHORT":"TORR","GlobalID":"4d1d91b4-191d-4c46-b9cd-8bbda48ca6df"}},{"type":"Feature","id":282,"geometry":{"type":"Polygon","coordinates":[[[149.094797946876,-35.3537120578118],[149.095238141898,-35.3531556861175],[149.096927784076,-35.354052912952],[149.097029072894,-35.3541107315405],[149.097125413244,-35.3541739721406],[149.097216373434,-35.3542423513827],[149.097310808651,-35.3541499842383],[149.097335936615,-35.354123256113],[149.097358311278,-35.3540949334428],[149.097377782642,-35.3540652061056],[149.097394220171,-35.3540342733962],[149.097407513672,-35.35400234269],[149.097417574027,-35.353969628053],[149.097424333795,-35.3539363488062],[149.097427747661,-35.3539027280558],[149.100389818344,-35.3548560968868],[149.100604458501,-35.3548250913378],[149.100766748543,-35.3554405671483],[149.10098592956,-35.356044094576],[149.101260723062,-35.3566321498247],[149.101589525755,-35.357201299364],[149.101970418876,-35.3577482199838],[149.102401179378,-35.3582697182061],[149.102879292891,-35.3587627489408],[149.103205363941,-35.3590738068219],[149.103659643336,-35.3595403308591],[149.104071523752,-35.3600325612811],[149.104438844907,-35.3605479172753],[149.104759680035,-35.3610836967345],[149.108665622885,-35.3682510463448],[149.100294076081,-35.3712308739518],[149.099526722568,-35.371473930374],[149.09873768511,-35.371664817014],[149.097932241113,-35.3718022570577],[149.097115777829,-35.3718853311644],[149.096293756291,-35.3719134836225],[149.092862772029,-35.3719158881653],[149.092386653457,-35.3625374114077],[149.092340709318,-35.3622145588622],[149.09226917352,-35.3618948460174],[149.092172350608,-35.3615796326372],[149.091837806492,-35.3606268878285],[149.091782441239,-35.3604159719556],[149.091745603816,-35.3602023557419],[149.091727482173,-35.3599871299385],[149.091462439039,-35.3547643838368],[149.093788622516,-35.3542993093486],[149.093923927851,-35.3542672671625],[149.094055472709,-35.3542260337776],[149.094182328658,-35.3541759002194],[149.094303600363,-35.3541172203298],[149.09441843191,-35.3540504082694],[149.094526012843,-35.3539759355937],[149.094625583889,-35.3538943279249],[149.094716442312,-35.3538061612412],[149.094797946876,-35.3537120578118]]]},"properties":{"OBJECTID":282,"ID":706,"DIVISION_CODE":333,"DIVISION_NAME":"MAWSON","LAST_UPDATE_DATE":"Wed, 24 Oct 2018 10:28:48 GMT","DIVISION_SHORT":"MAWS","GlobalID":"c759d70d-af4e-44fe-82e4-e7f269365474"}},{"type":"Feature","id":283,"geometry":{"type":"Polygon","coordinates":[[[149.096293756291,-35.3719134836225],[149.097115777829,-35.3718853311644],[149.097932241113,-35.3718022570577],[149.09873768511,-35.371664817014],[149.099526722568,-35.371473930374],[149.100294076081,-35.3712308739518],[149.108665622885,-35.3682510463448],[149.108751516374,-35.3684086447222],[149.109053771133,-35.3690297552557],[149.109293561362,-35.3696688915331],[149.109469307184,-35.3703218464715],[149.10957985019,-35.3709843219299],[149.109624461108,-35.3716519569951],[149.109650284443,-35.3731521167322],[149.109676723402,-35.3735301504594],[149.109742820989,-35.3739049138387],[149.109848086411,-35.3742736210692],[149.109991737689,-35.3746335313323],[149.110172707461,-35.3749819691679],[149.110389650897,-35.3753163443669],[149.110668786945,-35.3756717430328],[149.110981763585,-35.3760077005165],[149.111326572433,-35.3763220605548],[149.111701000723,-35.376612805482],[149.112102645501,-35.3768780691845],[149.114025283755,-35.3780468615433],[149.114428715545,-35.3783151641812],[149.114802154921,-35.3786111639037],[149.115142776389,-35.3789326213793],[149.11544800264,-35.3792771046572],[149.115715524053,-35.37964200756],[149.115943316178,-35.3800245693937],[149.116129655063,-35.3804218958286],[149.116273130306,-35.3808309807908],[149.116372655747,-35.3812487292006],[149.116427477702,-35.381671980386],[149.116445188199,-35.3819875154942],[149.116450375176,-35.3823033552042],[149.116443033014,-35.3826191662275],[149.113489839311,-35.3833398810262],[149.111751099985,-35.3838635835001],[149.110475353832,-35.3838704268299],[149.10967978704,-35.3837451227109],[149.109016092279,-35.3837807142111],[149.107297279862,-35.3840790180634],[149.10546939111,-35.3842618683954],[149.104997717293,-35.383776541296],[149.104508041759,-35.3826894916968],[149.103869963772,-35.3815966024423],[149.103264534602,-35.3811719826239],[149.101815814682,-35.3807632130836],[149.100996656068,-35.3801849293695],[149.10070258872,-35.3798968065544],[149.099708043106,-35.3787727149271],[149.096775201239,-35.3776175551639],[149.094014788251,-35.3774812398145],[149.093513866502,-35.3774726673565],[149.093145565748,-35.3774852322777],[149.092862772029,-35.3719158881653],[149.096293756291,-35.3719134836225]]]},"properties":{"OBJECTID":283,"ID":702,"DIVISION_CODE":334,"DIVISION_NAME":"FARRER","LAST_UPDATE_DATE":"Wed, 24 Oct 2018 10:28:48 GMT","DIVISION_SHORT":"FARR","GlobalID":"8c15c5b1-19ad-4dfa-ad30-e3b98ea722f4"}},{"type":"Feature","id":284,"geometry":{"type":"Polygon","coordinates":[[[149.124461285554,-35.3479721110796],[149.127365111302,-35.3518181728065],[149.118950337038,-35.3595039825394],[149.115196155026,-35.3540686212214],[149.11495642447,-35.3540688300894],[149.11455314404,-35.3540834008538],[149.114152882265,-35.3541263009289],[149.113758598558,-35.3541972131396],[149.113373208156,-35.3542956131961],[149.112999560568,-35.3544207735682],[149.112640418521,-35.3545717688622],[149.11229843753,-35.3547474826599],[149.111976146279,-35.3549466157701],[149.111675927916,-35.3551676958304],[149.111400002441,-35.3554090881905],[149.111150410289,-35.3556690079947],[149.110928997236,-35.3559455333753],[149.110737400754,-35.3562366196594],[149.110577037888,-35.3565401144843],[149.109460062637,-35.3589310940955],[149.109232583548,-35.3593662368253],[149.10896429758,-35.3597854901033],[149.108656844327,-35.360186290731],[149.108312102917,-35.3605661882846],[149.107932180541,-35.3609228601014],[149.107519399576,-35.361254125486],[149.10707628339,-35.3615579590488],[149.106605540918,-35.3618325030952],[149.106110050097,-35.3620760789899],[149.10602954172,-35.3621110692378],[149.105947902244,-35.362144254333],[149.105865191972,-35.3621756097623],[149.105439505945,-35.3623312686885],[149.104759680035,-35.3610836967345],[149.104438844907,-35.3605479172753],[149.104071523752,-35.3600325612811],[149.103659643336,-35.3595403308591],[149.103205363941,-35.3590738068219],[149.102879292891,-35.3587627489408],[149.102345283422,-35.3582067023184],[149.101871468724,-35.3576151802251],[149.101461340385,-35.3569925432586],[149.101117920288,-35.356343381297],[149.100843738371,-35.3556724796489],[149.100640814014,-35.354984783764],[149.100510641199,-35.3542853627677],[149.10045417755,-35.3535793720861],[149.100377433096,-35.3507840127948],[149.100816894005,-35.3507727018233],[149.101253810396,-35.350732395416],[149.101685336609,-35.3506633561071],[149.102108662112,-35.350566033568],[149.102521029812,-35.3504410616776],[149.10291975402,-35.3502892543908],[149.103302237953,-35.3501116004345],[149.103665990645,-35.3499092568655],[149.109190852027,-35.346561098508],[149.109740885408,-35.3462559754149],[149.110320039883,-35.3459894720923],[149.110924285795,-35.3457634426677],[149.111549419037,-35.3455794596595],[149.112191090287,-35.3454388030447],[149.112844835251,-35.34534245136],[149.113506105701,-35.3452910749004],[149.114170301103,-35.3452850310594],[149.114832800591,-35.3453243618459],[149.115488995102,-35.345408793593],[149.116134319409,-35.3455377388616],[149.116764283869,-35.3457103005255],[149.117374505627,-35.3459252780098],[149.117960739099,-35.346181175638],[149.121981108583,-35.348116541293],[149.124461285554,-35.3479721110796]]]},"properties":{"OBJECTID":284,"ID":707,"DIVISION_CODE":335,"DIVISION_NAME":"O'MALLEY","LAST_UPDATE_DATE":"Fri, 11 May 2018 09:45:26 GMT","DIVISION_SHORT":"O'MA","GlobalID":"d5fb2b20-eb22-4a39-82ce-d27936a15812"}},{"type":"Feature","id":285,"geometry":{"type":"Polygon","coordinates":[[[149.105865191972,-35.3621756097623],[149.105947902244,-35.362144254333],[149.10602954172,-35.3621110692378],[149.106110050097,-35.3620760789899],[149.106605540919,-35.3618325030969],[149.107076283393,-35.3615579590516],[149.10751939958,-35.3612541254894],[149.107932180546,-35.360922860105],[149.108312102922,-35.360566188288],[149.108656844331,-35.3601862907339],[149.108964297584,-35.3597854901054],[149.10923258355,-35.3593662368264],[149.109460062637,-35.3589310940955],[149.110577037888,-35.3565401144843],[149.110737400754,-35.3562366196594],[149.110928997236,-35.3559455333753],[149.111150410289,-35.3556690079947],[149.111400002441,-35.3554090881905],[149.111675927916,-35.3551676958304],[149.111976146279,-35.3549466157701],[149.11229843753,-35.3547474826599],[149.112640418521,-35.3545717688622],[149.112999560568,-35.3544207735682],[149.113373208156,-35.3542956131961],[149.113758598558,-35.3541972131396],[149.114152882265,-35.3541263009289],[149.11455314404,-35.3540834008538],[149.11495642447,-35.3540688300894],[149.115196155026,-35.3540686212214],[149.118950337038,-35.3595039825394],[149.125200508381,-35.380481446044],[149.116443033014,-35.3826191662275],[149.116450375176,-35.3823033552042],[149.116445188199,-35.3819875154942],[149.116427477702,-35.381671980386],[149.116372655747,-35.3812487292006],[149.116273130306,-35.3808309807908],[149.116129655063,-35.3804218958286],[149.115943316178,-35.3800245693937],[149.115715524053,-35.37964200756],[149.11544800264,-35.3792771046572],[149.115142776389,-35.3789326213793],[149.114802154921,-35.3786111639037],[149.114428715545,-35.3783151641812],[149.114025283755,-35.3780468615433],[149.112102645501,-35.3768780691845],[149.111701000723,-35.376612805482],[149.111326572433,-35.3763220605548],[149.110981763585,-35.3760077005165],[149.110668786945,-35.3756717430328],[149.110389650897,-35.3753163443669],[149.110172707461,-35.3749819691679],[149.109991737689,-35.3746335313323],[149.109848086411,-35.3742736210692],[149.109742820989,-35.3739049138387],[149.109676723402,-35.3735301504594],[149.109650284443,-35.3731521167322],[149.109624461108,-35.3716519569951],[149.10957985019,-35.3709843219299],[149.109469307184,-35.3703218464715],[149.109293561362,-35.3696688915331],[149.109053771133,-35.3690297552557],[149.108751516374,-35.3684086447222],[149.105439505945,-35.3623312686885],[149.105865191972,-35.3621756097623]]]},"properties":{"OBJECTID":285,"ID":701,"DIVISION_CODE":336,"DIVISION_NAME":"ISAACS","LAST_UPDATE_DATE":"Wed, 24 Oct 2018 10:28:48 GMT","DIVISION_SHORT":"ISAA","GlobalID":"e1c119dc-70c1-42cc-ad71-7d70b767a484"}},{"type":"Feature","id":286,"geometry":{"type":"Polygon","coordinates":[[[149.069548790433,-35.3563646044485],[149.069868200687,-35.3550309304034],[149.070065843081,-35.3536815078574],[149.070140632499,-35.3523237874026],[149.070092162208,-35.3509652650723],[149.069920705974,-35.3496134409552],[149.06962721641,-35.3482757777949],[149.069670938082,-35.3482710053692],[149.069714627378,-35.3482660379213],[149.069758283002,-35.3482608755985],[149.06990015361,-35.3482437778319],[149.070662840328,-35.3481519644071],[149.075178556991,-35.3476076207795],[149.075977845481,-35.3475378511405],[149.076781380619,-35.3475205909868],[149.077584032266,-35.3475559504621],[149.078380675928,-35.3476437037613],[149.079166225444,-35.347783290572],[149.08295116455,-35.3485867448477],[149.083350781835,-35.3486644688599],[149.083753939432,-35.3487287604421],[149.084159964944,-35.3487795123737],[149.086595712357,-35.3556734526048],[149.07954400565,-35.3571219100229],[149.079460265447,-35.3572186807573],[149.078456408466,-35.3576722182547],[149.076479305882,-35.3591942020297],[149.076283956444,-35.3593898833767],[149.074614914586,-35.3602344735853],[149.073000330092,-35.3601312379019],[149.069282318827,-35.3591174720087],[149.068603485773,-35.3589323754083],[149.068961688544,-35.3580873654566],[149.069276969081,-35.3572309543693],[149.069548790433,-35.3563646044485]]]},"properties":{"OBJECTID":286,"ID":98,"DIVISION_CODE":337,"DIVISION_NAME":"CHIFLEY","LAST_UPDATE_DATE":"Fri, 19 Feb 1999 09:46:25 GMT","DIVISION_SHORT":"CHIF","GlobalID":"bc819632-f445-4ad3-bb6b-a13cead9b34d"}},{"type":"Feature","id":287,"geometry":{"type":"Polygon","coordinates":[[[149.082399220598,-35.340942736696],[149.082401396254,-35.3406819455105],[149.082428716299,-35.3404221107429],[149.08248100962,-35.3401648575076],[149.08255794892,-35.3399117947577],[149.082659052766,-35.3396645052225],[149.082783688611,-35.3394245355091],[149.082931076751,-35.3391933864309],[149.083100295207,-35.338972503622],[149.083290285498,-35.338763268498],[149.08349985926,-35.3385669896177],[149.084938583187,-35.3373227969509],[149.085107549129,-35.3371884151099],[149.08528962736,-35.3370660724518],[149.085483544307,-35.3369566246787],[149.08568794361,-35.3368608372981],[149.085901395608,-35.3367793802694],[149.08612240734,-35.3367128233192],[149.086349432982,-35.3366616319577],[149.086580884659,-35.3366261642236],[149.086815143549,-35.3366066681805],[149.087050571201,-35.3366032801827],[149.087288994574,-35.3366162544476],[149.087525216332,-35.336645750375],[149.087757534575,-35.3366915554512],[149.087984275516,-35.3367533396603],[149.088203805545,-35.3368306578612],[149.088414542992,-35.3369229529941],[149.08861496952,-35.337029560093],[149.088803641066,-35.3371497110761],[149.092189619509,-35.3395015283918],[149.095066029786,-35.3414995776735],[149.095283806853,-35.3416465712155],[149.095506531673,-35.3417885005852],[149.09573402891,-35.3419252540375],[149.097198796756,-35.3427801054698],[149.097538247226,-35.3429954907157],[149.097855589742,-35.3432324283755],[149.098148791469,-35.3434894008063],[149.098415974148,-35.3437647620253],[149.098655426126,-35.3440567482497],[149.098865613325,-35.3443634891903],[149.09904518907,-35.3446830200288],[149.099193002724,-35.3450132939997],[149.099308107068,-35.3453521954986],[149.100083610575,-35.3480490104036],[149.100220383393,-35.3486117069382],[149.100309039093,-35.3491808365853],[149.100349146951,-35.3497536407712],[149.10045417755,-35.3535793720861],[149.100478549536,-35.3539965148548],[149.100528685977,-35.3544121103915],[149.100604458501,-35.3548250913378],[149.100389818344,-35.3548560968868],[149.097427747661,-35.3539027280558],[149.097424333795,-35.3539363488062],[149.097417574027,-35.353969628053],[149.097407513672,-35.35400234269],[149.097394220171,-35.3540342733961],[149.097377782642,-35.3540652061056],[149.097358311278,-35.3540949334428],[149.097335936615,-35.354123256113],[149.097310808651,-35.3541499842383],[149.097216373434,-35.3542423513827],[149.097125413244,-35.3541739721406],[149.097029072894,-35.3541107315405],[149.096927784076,-35.354052912952],[149.095238141898,-35.3531556861175],[149.094797946876,-35.3537120578118],[149.094716442312,-35.3538061612412],[149.094625583889,-35.3538943279248],[149.094526012843,-35.3539759355937],[149.09441843191,-35.3540504082693],[149.094303600363,-35.3541172203298],[149.094182328657,-35.3541759002193],[149.094055472709,-35.3542260337776],[149.093923927851,-35.3542672671625],[149.093788622516,-35.3542993093486],[149.091462439039,-35.3547643838368],[149.091587873158,-35.3572361775548],[149.089785904541,-35.3572975352399],[149.089463324012,-35.3572972075199],[149.089141957159,-35.3572743031379],[149.088824154182,-35.3572289895875],[149.088512239214,-35.3571615982436],[149.088208493314,-35.3570726219385],[149.087915137782,-35.3569627113564],[149.08763431791,-35.3568326702742],[149.087475760206,-35.3567442025608],[149.087326497204,-35.3566454774173],[149.087187515107,-35.3565371471547],[149.087059732176,-35.3564199275467],[149.086943992666,-35.3562945930987],[149.086841061245,-35.3561619719304],[149.086751617947,-35.3560229403031],[149.086676253673,-35.3558784168296],[149.086615466295,-35.3557293564035],[149.082761050305,-35.3448195800935],[149.082628670055,-35.3443768020672],[149.082541549155,-35.3439265558556],[149.082500286715,-35.3434719415881],[149.082399220598,-35.340942736696]]]},"properties":{"OBJECTID":287,"ID":700,"DIVISION_CODE":338,"DIVISION_NAME":"PHILLIP","LAST_UPDATE_DATE":"Wed, 24 Oct 2018 10:28:47 GMT","DIVISION_SHORT":"PHIL","GlobalID":"a1f79622-54a0-4177-afec-2fae47e722a9"}},{"type":"Feature","id":288,"geometry":{"type":"Polygon","coordinates":[[[149.062515604233,-35.3137895403651],[149.063756317095,-35.3201246533246],[149.063614456137,-35.3201714708943],[149.06347174262,-35.3202165145165],[149.063328209568,-35.3202597737681],[149.063001357468,-35.3266260514162],[149.062987331976,-35.3290722721295],[149.063196233743,-35.331512521246],[149.063626916321,-35.3339331734638],[149.064276994339,-35.3363207117203],[149.065142856399,-35.3386618027217],[149.06621968483,-35.3409433714707],[149.068322781984,-35.3449475056094],[149.06884373568,-35.3460334336508],[149.069279138775,-35.3471443642608],[149.06962721641,-35.3482757777949],[149.068963103569,-35.3483238722913],[149.068296410334,-35.3483267552604],[149.067631714442,-35.3482844068686],[149.066973579911,-35.3481971178553],[149.066326525682,-35.3480654875361],[149.065694994567,-35.3478904196855],[149.060774896539,-35.3463374404531],[149.060147623816,-35.3461453016709],[149.059515794991,-35.3459634631013],[149.058879661933,-35.3457919972336],[149.053214571906,-35.3443160310164],[149.052499059271,-35.3441048695387],[149.051805068835,-35.3438500110727],[149.051136569223,-35.3435529130727],[149.050497383167,-35.3432152745407],[149.048986900197,-35.3423494193742],[149.04977710276,-35.3414239461767],[149.050181709312,-35.340910534816],[149.050538763172,-35.3403739652442],[149.050846301385,-35.3398171888112],[149.05110263346,-35.3392432679475],[149.051306350644,-35.3386553593147],[149.05145633365,-35.3380566964377],[149.051604280654,-35.3373303659518],[149.051702880184,-35.3369359148124],[149.051836469165,-35.3365484401485],[149.052004329613,-35.336170023022],[149.052205559508,-35.3358026958184],[149.052439077658,-35.335448431334],[149.052974583557,-35.3347027273391],[149.053230854706,-35.3343103112736],[149.053447520204,-35.3339021840864],[149.053623158637,-35.3334810244212],[149.053756617921,-35.3330495964131],[149.05384702284,-35.3326107315441],[149.053893780781,-35.3321673100581],[149.053896585598,-35.3317222420559],[149.053671299135,-35.3265020174328],[149.051275084981,-35.3272257176658],[149.050588143917,-35.3251281999744],[149.052151673798,-35.3240520598723],[149.051923507885,-35.3219252176271],[149.052999978957,-35.3177658577781],[149.053556515133,-35.3175325800003],[149.054160770218,-35.3173746386918],[149.054780764729,-35.3172476918476],[149.055373066282,-35.3171533774961],[149.055987930675,-35.3170990682971],[149.056730891739,-35.3168452563108],[149.057445195044,-35.3162958390306],[149.057528628025,-35.3160654443462],[149.05761848505,-35.3157302298114],[149.05786576527,-35.3155194172417],[149.058135407247,-35.315378532506],[149.058613130095,-35.3151254471246],[149.059227015976,-35.3149370137422],[149.060139775433,-35.3145964107351],[149.060776844907,-35.3143933595545],[149.06191461682,-35.3139681998495],[149.062515604233,-35.3137895403651]]]},"properties":{"OBJECTID":288,"ID":680,"DIVISION_CODE":441,"DIVISION_NAME":"WESTON","LAST_UPDATE_DATE":"Mon, 14 Dec 2015 10:02:40 GMT","DIVISION_SHORT":"WEST","GlobalID":"ac616abf-fcc6-4b9d-a16d-5a530bad4527"}},{"type":"Feature","id":289,"geometry":{"type":"Polygon","coordinates":[[[149.069548790433,-35.3563646044485],[149.069276983606,-35.3572309577799],[149.06896170295,-35.3580873691937],[149.068603485773,-35.3589323754083],[149.06333591533,-35.3588092722424],[149.062770702227,-35.3587895313389],[149.062206390357,-35.3587567775342],[149.061643426155,-35.3587110367307],[149.058550355766,-35.3584236484312],[149.058290105344,-35.358390941746],[149.05803378993,-35.3583416079738],[149.057782989947,-35.3582759512989],[149.057539251803,-35.3581943765516],[149.057304078349,-35.3580973867111],[149.057078919616,-35.3579855798035],[149.056865163868,-35.3578596452137],[149.05666412904,-35.3577203594333],[149.056477054617,-35.3575685812723],[149.05421636047,-35.3555843781213],[149.053760040476,-35.3551976096404],[149.053287526554,-35.354824121266],[149.052799394345,-35.3544643678454],[149.051999452198,-35.3538951772527],[149.055137367845,-35.3509351774334],[149.055528104469,-35.3505363212729],[149.055879923679,-35.350113849271],[149.056190708621,-35.3496703041674],[149.056458589507,-35.349208355489],[149.056681954854,-35.3487307834774],[149.056859461173,-35.3482404623513],[149.056990041028,-35.3477403430043],[149.05707290945,-35.3472334352423],[149.057287305293,-35.3453771616987],[149.058879661933,-35.3457919972336],[149.059515794991,-35.3459634631013],[149.060147623816,-35.3461453016709],[149.060774896539,-35.3463374404531],[149.065694994567,-35.3478904196855],[149.066326525682,-35.3480654875361],[149.066973579911,-35.3481971178553],[149.067631714442,-35.3482844068686],[149.068296410334,-35.3483267552604],[149.068963103569,-35.3483238722913],[149.06962721641,-35.3482757777949],[149.069920707612,-35.3496134408326],[149.07009216484,-35.3509652649827],[149.070140635462,-35.3523237874219],[149.070065845711,-35.3536815079813],[149.069868202323,-35.3550309305474],[149.069548790433,-35.3563646044485]]]},"properties":{"OBJECTID":289,"ID":96,"DIVISION_CODE":442,"DIVISION_NAME":"WARAMANGA","LAST_UPDATE_DATE":"Fri, 19 Feb 1999 09:46:25 GMT","DIVISION_SHORT":"WARA","GlobalID":"61baa037-76fd-447e-baba-7f4a94548ea5"}},{"type":"Feature","id":290,"geometry":{"type":"Polygon","coordinates":[[[149.051441904861,-35.3659844907752],[149.05125404184,-35.3655534236153],[149.051023028273,-35.3651366611685],[149.050750468087,-35.3647370958695],[149.05043825347,-35.3643575007623],[149.048769986972,-35.362500984737],[149.048501571451,-35.362174257728],[149.048267718907,-35.3618301657893],[149.048070092195,-35.3614711562976],[149.047910096456,-35.361099782701],[149.047788869126,-35.3607186863538],[149.047707271866,-35.3603305777265],[149.047665884443,-35.3599382171254],[149.047665000627,-35.3595443950587],[149.047704626114,-35.3591519123886],[149.047784478504,-35.3587635604114],[149.047903989328,-35.3583821010065],[149.048062308102,-35.3580102469954],[149.048258308395,-35.3576506428514],[149.048490595853,-35.3573058458959],[149.048757518125,-35.3569783081155],[149.049057176626,-35.356670358729],[149.051999452198,-35.3538951772527],[149.052799394345,-35.3544643678454],[149.053287526554,-35.354824121266],[149.053760040476,-35.3551976096404],[149.05421636047,-35.3555843781213],[149.056477054617,-35.3575685812723],[149.05666412904,-35.3577203594333],[149.056865163868,-35.3578596452137],[149.057078919616,-35.3579855798035],[149.057304078349,-35.3580973867111],[149.057539251803,-35.3581943765516],[149.057782989947,-35.3582759512989],[149.05803378993,-35.3583416079738],[149.058290105344,-35.358390941746],[149.058550355766,-35.3584236484312],[149.061643426155,-35.3587110367307],[149.062206390357,-35.3587567775342],[149.062770702227,-35.3587895313389],[149.06333591533,-35.3588092722424],[149.068603485773,-35.3589323754083],[149.067770036196,-35.3605661508176],[149.066776301082,-35.362138636636],[149.065628925566,-35.3636393028294],[149.06433558486,-35.3650580996894],[149.062904933021,-35.3663855252156],[149.062027567537,-35.3663863762481],[149.061260261904,-35.3667010690956],[149.059636512165,-35.3668867179624],[149.05873685046,-35.366875295363],[149.057051075933,-35.3662473026477],[149.05635806699,-35.3656600306303],[149.056143772791,-35.3655376979071],[149.055670470458,-35.3654084796983],[149.055357064922,-35.3649961997684],[149.054936890706,-35.3653257910758],[149.05418960457,-35.3655866165331],[149.051441904861,-35.3659844907752]]]},"properties":{"OBJECTID":290,"ID":92,"DIVISION_CODE":443,"DIVISION_NAME":"FISHER","LAST_UPDATE_DATE":"Fri, 19 Feb 1999 09:46:25 GMT","DIVISION_SHORT":"FISH","GlobalID":"ca57f03f-c4fd-4573-9730-ad1cf4052142"}},{"type":"Feature","id":291,"geometry":{"type":"Polygon","coordinates":[[[149.024118382459,-35.3493889152991],[149.025799883709,-35.3478637451554],[149.024718804952,-35.3444331368974],[149.026961532618,-35.343958664109],[149.027021854387,-35.3439572174497],[149.027082192611,-35.3439563458535],[149.027142539125,-35.3439560494383],[149.028663694582,-35.3439558195527],[149.028664325547,-35.3466503969574],[149.028686782075,-35.3470972526384],[149.028753792131,-35.3475411041992],[149.028864906992,-35.3479789746867],[149.029019382091,-35.3484079272173],[149.029216181985,-35.3488250846779],[149.029453987289,-35.3492276490271],[149.029731203505,-35.3496129200672],[149.030045971711,-35.3499783135612],[149.030396181015,-35.3503213785716],[149.030779482709,-35.3506398139065],[149.031193306015,-35.3509314835616],[149.031634875334,-35.3511944310542],[149.032101228859,-35.3514268925522],[149.035965442108,-35.3531795128348],[149.036459456487,-35.3533821217428],[149.036972255476,-35.3535505180521],[149.037500316082,-35.3536835448531],[149.038040010405,-35.3537802882315],[149.038587630575,-35.3538400835512],[149.039139414242,-35.3538625200216],[149.039691570438,-35.3538474435216],[149.04024030564,-35.353794957658],[149.041798824693,-35.3535919342803],[149.041867504848,-35.3539457773003],[149.041906251507,-35.3541028709694],[149.041960832118,-35.3542567755316],[149.042030867598,-35.3544064218109],[149.042115871489,-35.3545507702086],[149.042215253339,-35.354688817925],[149.0423283228,-35.3548196059275],[149.042454294424,-35.3549422256135],[149.042592293117,-35.3550558251231],[149.04274136022,-35.3551596152585],[149.042900460165,-35.355252874967],[149.043068487674,-35.3553349563514],[149.043244275436,-35.3554052891717],[149.043426602216,-35.3554633848075],[149.043614201344,-35.3555088396531],[149.043805769514,-35.3555413379219],[149.04399997584,-35.3555606538409],[149.044195471105,-35.3555666532189],[149.044390897135,-35.3555592943796],[149.046860733022,-35.3553815310126],[149.047129562589,-35.3553710616492],[149.047398551108,-35.3553782880203],[149.047665965858,-35.3554031635703],[149.047930084254,-35.3554455280546],[149.04818920494,-35.3555051085708],[149.048441658743,-35.3555815213172],[149.048685819428,-35.355674274064],[149.048920114163,-35.3557827693233],[149.049143033656,-35.3559063081975],[149.049353141872,-35.3560440948793],[149.049562913487,-35.3561933610865],[149.049057176626,-35.356670358729],[149.048757518125,-35.3569783081155],[149.048490595853,-35.3573058458959],[149.048258308395,-35.3576506428514],[149.048062308102,-35.3580102469954],[149.047903989328,-35.3583821010065],[149.047784478504,-35.3587635604114],[149.047704626114,-35.3591519123886],[149.047665000627,-35.3595443950587],[149.047665884443,-35.3599382171254],[149.047707271866,-35.3603305777265],[149.047788869126,-35.3607186863538],[149.047910096456,-35.361099782701],[149.048070092195,-35.3614711562976],[149.048267718907,-35.3618301657893],[149.048501571451,-35.362174257728],[149.048769986972,-35.362500984737],[149.049840688377,-35.3636925178172],[149.04847352101,-35.3645168643869],[149.04669609977,-35.364317990982],[149.045435589103,-35.3636857699663],[149.044884326422,-35.3637696306987],[149.044059596675,-35.3645473404217],[149.043216626759,-35.3649504414415],[149.042740068809,-35.3652184357392],[149.04249079402,-35.3651255873048],[149.042491846701,-35.3651233382957],[149.042241392143,-35.3650446637205],[149.041341634493,-35.3634606263527],[149.041933897104,-35.3627672755352],[149.041515107356,-35.3623178577374],[149.041023939042,-35.3621105969909],[149.037148434954,-35.3613693840858],[149.035837533487,-35.3607372241978],[149.034304871215,-35.360594501324],[149.033051221874,-35.3607877825212],[149.032283084959,-35.3587732723388],[149.032884757225,-35.3581833881063],[149.031399347262,-35.3562760757166],[149.03145365615,-35.3561143723804],[149.031845206591,-35.354972004025],[149.03157969189,-35.3547708463723],[149.031296711483,-35.3544745784583],[149.028971647532,-35.3536827752448],[149.027178837199,-35.3535157078718],[149.027083887389,-35.3535034159725],[149.026990598154,-35.3534844188991],[149.026899673599,-35.3534588600327],[149.026811799983,-35.35342693228],[149.026727640534,-35.3533888766171],[149.026647830446,-35.3533449802708],[149.026572972081,-35.3532955745501],[149.026503630428,-35.3532410323461],[149.026440328833,-35.3531817653167],[149.026383545052,-35.3531182207799],[149.026333707645,-35.3530508783372],[149.02629119274,-35.3529802462535],[149.026256321199,-35.3529068576211],[149.026229356191,-35.3528312663358],[149.026210501211,-35.3527540429162],[149.02619989854,-35.3526757701979],[149.026197628178,-35.3525970389342],[149.026203707236,-35.3525184433376],[149.026218089808,-35.3524405765948],[149.026240667322,-35.3523640263901],[149.026271269354,-35.3522893704698],[149.026309664922,-35.3522171722817],[149.026355564223,-35.3521479767231],[149.026408620828,-35.3520823060282],[149.026887416545,-35.3515422070547],[149.026946115187,-35.3514813195478],[149.027010615254,-35.3514245080074],[149.027080496687,-35.3513721424104],[149.027155304383,-35.3513245637792],[149.027169060409,-35.3513165223461],[149.026572026347,-35.3506310288872],[149.026564807127,-35.350622010795],[149.02655847376,-35.3506125564604],[149.02655306529,-35.3506027241696],[149.026548615059,-35.3505925745385],[149.026545150505,-35.3505821701395],[149.026542692984,-35.3505715751156],[149.026541257647,-35.3505608547852],[149.026540853344,-35.3505500752388],[149.026541482564,-35.3505393029322],[149.026589798416,-35.3500859519544],[149.026492424152,-35.3499741471677],[149.025540686021,-35.35053052947],[149.024870591045,-35.3507076727015],[149.02415561855,-35.3507045654867],[149.023786766778,-35.3507041400354],[149.023378794021,-35.3498454268073],[149.023317075943,-35.3497156403327],[149.023418021928,-35.3497049382712],[149.023517531559,-35.3496873940899],[149.023614915165,-35.3496631293835],[149.02370949781,-35.3496323123244],[149.023800623973,-35.3495951564973],[149.023887662092,-35.3495519194187],[149.023970008941,-35.3495029007517],[149.024047093809,-35.3494484402293],[149.024118382459,-35.3493889152991]]]},"properties":{"OBJECTID":291,"ID":90,"DIVISION_CODE":444,"DIVISION_NAME":"CHAPMAN","LAST_UPDATE_DATE":"Fri, 19 Feb 1999 09:46:25 GMT","DIVISION_SHORT":"CHAP","GlobalID":"18eb9f6c-973c-49f0-b4df-1bfe599bae19"}},{"type":"Feature","id":292,"geometry":{"type":"Polygon","coordinates":[[[149.028663694582,-35.3439558195527],[149.030326426178,-35.3439555463762],[149.030651450864,-35.3439451722846],[149.030974521362,-35.3439142236844],[149.031293700521,-35.3438628861537],[149.031607074535,-35.3437914675229],[149.031912764419,-35.3437003960287],[149.03220893728,-35.3435902177445],[149.032493817312,-35.3434615933054],[149.032765696443,-35.3433152939456],[149.033667169117,-35.3427881673066],[149.033904194467,-35.3426610729113],[149.034152954647,-35.3425500517291],[149.034411829738,-35.3424558267012],[149.034679133975,-35.3423790113925],[149.034953126721,-35.3423201059983],[149.035232023801,-35.3422794940876],[149.035514009114,-35.342257440107],[149.035797246459,-35.3422540876585],[149.040737148255,-35.3423589083212],[149.041198901269,-35.3423553493153],[149.041659199432,-35.3423251309208],[149.042115752835,-35.3422684034846],[149.042566290212,-35.3421854492308],[149.045228090804,-35.3416138229703],[149.045568840382,-35.3415534367809],[149.045914690595,-35.3415174486307],[149.046263044567,-35.3415061287319],[149.046611286634,-35.3415195620711],[149.046956801972,-35.3415576477713],[149.047296996225,-35.3416200998495],[149.047629314982,-35.341706449364],[149.047951262945,-35.341816047934],[149.048260422663,-35.3419480726072],[149.048554472678,-35.3421015320367],[149.048986900197,-35.3423494193742],[149.047352487456,-35.3442635352879],[149.047182138426,-35.344476780614],[149.047028203979,-35.3446982464954],[149.046891273085,-35.3449270857851],[149.046329485431,-35.3459443776345],[149.046168137452,-35.3462105447074],[149.045983793059,-35.3464664908506],[149.045777411044,-35.3467108845641],[149.04555006487,-35.3469424544336],[149.043049383423,-35.3493093621898],[149.042875570484,-35.3494884273511],[149.042720546789,-35.3496787212441],[149.042585387748,-35.3498789239605],[149.042471031007,-35.3500876468517],[149.042378269941,-35.3503034421601],[149.041803914526,-35.3518411652506],[149.041738839218,-35.3520423273385],[149.041692538584,-35.3522469482319],[149.041665278497,-35.3524538535682],[149.041657215557,-35.3526618558651],[149.041668396187,-35.3528697613353],[149.041698756365,-35.3530763767383],[149.041798824693,-35.3535919342803],[149.04024030564,-35.353794957658],[149.039691570438,-35.3538474435216],[149.039139414242,-35.3538625200216],[149.038587630575,-35.3538400835512],[149.038040010405,-35.3537802882315],[149.037500316082,-35.3536835448531],[149.036972255476,-35.3535505180521],[149.036459456487,-35.3533821217428],[149.035965442108,-35.3531795128348],[149.032101228859,-35.3514268925522],[149.031634875334,-35.3511944310542],[149.031193306015,-35.3509314835616],[149.030779482709,-35.3506398139065],[149.030396181015,-35.3503213785716],[149.030045971711,-35.3499783135612],[149.029731203505,-35.3496129200672],[149.029453987289,-35.3492276490271],[149.029216181985,-35.3488250846779],[149.029019382091,-35.3484079272173],[149.028864906992,-35.3479789746867],[149.028753792131,-35.3475411041992],[149.028686782075,-35.3470972526384],[149.028664325547,-35.3466503969574],[149.028663694582,-35.3439558195527]]]},"properties":{"OBJECTID":292,"ID":94,"DIVISION_CODE":445,"DIVISION_NAME":"RIVETT","LAST_UPDATE_DATE":"Fri, 19 Feb 1999 09:46:25 GMT","DIVISION_SHORT":"RIVE","GlobalID":"cd9f3af1-25b9-4dc7-9750-748d0f5af686"}},{"type":"Feature","id":293,"geometry":{"type":"Polygon","coordinates":[[[149.033667169117,-35.3427881673066],[149.032765696443,-35.3433152939456],[149.032493817312,-35.3434615933054],[149.03220893728,-35.3435902177445],[149.031912764419,-35.3437003960287],[149.031607074535,-35.3437914675229],[149.031293700521,-35.3438628861537],[149.030974521362,-35.3439142236844],[149.030651450864,-35.3439451722846],[149.030326426178,-35.3439555463762],[149.027142539125,-35.3439560494383],[149.027082192611,-35.3439563458535],[149.027021854387,-35.3439572174497],[149.026961532618,-35.343958664109],[149.024718804952,-35.3444331368974],[149.022436789664,-35.3371905004568],[149.026065540175,-35.3253060702778],[149.028298396632,-35.3256970057953],[149.030394192278,-35.3261114724807],[149.031845519999,-35.3263984651331],[149.034813310299,-35.326651716286],[149.039643494133,-35.3270817815155],[149.039952544375,-35.3270987513823],[149.04026225013,-35.3270948068217],[149.040570507537,-35.3270699746376],[149.04087522258,-35.3270244235248],[149.041174325316,-35.326958462923],[149.04146578394,-35.3268725409134],[149.041747618594,-35.3267672411738],[149.042017914815,-35.3266432790123],[149.042274836549,-35.3265014965067],[149.042516638618,-35.3263428567822],[149.042741678583,-35.3261684374673],[149.044009933241,-35.325100937833],[149.044494381349,-35.325487496785],[149.043599538466,-35.3297716634951],[149.042607781233,-35.3298583193147],[149.042405565765,-35.3298833316884],[149.042206775746,-35.3299226780209],[149.042012921117,-35.3299760594559],[149.041825474338,-35.3300430705304],[149.041645859208,-35.3301232022545],[149.041475440054,-35.3302158459763],[149.041315511362,-35.3303202980038],[149.041167287953,-35.3304357649497],[149.041031895751,-35.3305613697559],[149.040910363231,-35.3306961583552],[149.040803613609,-35.3308391069166],[149.040712457821,-35.3309891296213],[149.04063758837,-35.33114508691],[149.040579574059,-35.3313057941375],[149.04025144347,-35.3323857015202],[149.040209958059,-35.3325006000462],[149.040156410208,-35.3326120983845],[149.040091207405,-35.3327193479529],[149.040014845847,-35.3328215325018],[149.039927906663,-35.332917874327],[149.039831051491,-35.3330076401891],[149.039725017448,-35.3330901468947],[149.038722693744,-35.3338045777595],[149.038472512196,-35.3339989413945],[149.038243556406,-35.3342101442867],[149.038037507986,-35.3344366353807],[149.037855880356,-35.3346767513311],[149.037700007628,-35.3349287287149],[149.0375710348,-35.3351907169811],[149.03746990934,-35.3354607920377],[149.037397374228,-35.3357369703823],[149.03735396248,-35.3360172236671],[149.037339993237,-35.3362994935954],[149.037355569401,-35.3365817070379],[149.037400576881,-35.3368617912589],[149.037474685412,-35.33713768914],[149.03757735098,-35.3374073742901],[149.037707819803,-35.3376688659296],[149.037865133865,-35.3379202434408],[149.038048137945,-35.3381596604766],[149.040798388345,-35.3414364709466],[149.040856330368,-35.3415110851907],[149.040907613341,-35.3415889029613],[149.040951974751,-35.341669525944],[149.04098918751,-35.3417525414646],[149.04101906112,-35.3418375246014],[149.041177078714,-35.3423561184324],[149.041030472936,-35.3423597403649],[149.040883804912,-35.3423606704836],[149.040737148255,-35.3423589083212],[149.035797246459,-35.3422540876585],[149.035514009114,-35.342257440107],[149.035232023801,-35.3422794940876],[149.034953126721,-35.3423201059983],[149.034679133975,-35.3423790113925],[149.034411829738,-35.3424558267012],[149.034152954647,-35.3425500517291],[149.033904194467,-35.3426610729113],[149.033667169117,-35.3427881673066]]]},"properties":{"OBJECTID":293,"ID":651,"DIVISION_CODE":446,"DIVISION_NAME":"DUFFY","LAST_UPDATE_DATE":"Mon, 19 Sep 2011 08:51:25 GMT","DIVISION_SHORT":"DUFF","GlobalID":"096eab97-aba2-47ac-89b2-169a91d9236c"}},{"type":"Feature","id":294,"geometry":{"type":"Polygon","coordinates":[[[149.043599538466,-35.3297716634951],[149.044494381349,-35.325487496785],[149.044959333707,-35.3258584945727],[149.045383722696,-35.3261689073975],[149.045838917441,-35.3264484752404],[149.046321590349,-35.3266951542349],[149.04682821284,-35.3269071409468],[149.04735508115,-35.3270828855649],[149.047898343422,-35.3272211032376],[149.048454027877,-35.3273207834703],[149.049018071869,-35.3273811975177],[149.049586351603,-35.327401903713],[149.050154712306,-35.3273827506989],[149.050718998615,-35.3273238785337],[149.051275084981,-35.3272257176658],[149.053671299135,-35.3265020174328],[149.053896585598,-35.3317222420559],[149.053893780781,-35.3321673100581],[149.05384702284,-35.3326107315441],[149.053756617921,-35.3330495964131],[149.053623158637,-35.3334810244212],[149.053447520204,-35.3339021840864],[149.053230854706,-35.3343103112736],[149.052974583557,-35.3347027273391],[149.052439077658,-35.335448431334],[149.052205559508,-35.3358026958184],[149.052004329613,-35.336170023022],[149.051836469165,-35.3365484401485],[149.051702880184,-35.3369359148124],[149.051604280654,-35.3373303659518],[149.05145633365,-35.3380566964377],[149.051306350644,-35.3386553593147],[149.05110263346,-35.3392432679475],[149.050846301385,-35.3398171888112],[149.050538763172,-35.3403739652442],[149.050181709312,-35.3409105348161],[149.04977710276,-35.3414239461767],[149.048986900197,-35.3423494193742],[149.048554472678,-35.3421015320367],[149.048260422663,-35.3419480726071],[149.047951262945,-35.341816047934],[149.047629314982,-35.341706449364],[149.047296996225,-35.3416200998495],[149.046956801972,-35.3415576477713],[149.046611286634,-35.3415195620711],[149.046263044567,-35.3415061287319],[149.045914690595,-35.3415174486307],[149.045568840382,-35.3415534367809],[149.045228090804,-35.3416138229703],[149.042566290212,-35.3421854492308],[149.042108596526,-35.3422695023891],[149.041644732357,-35.3423264896334],[149.041177078714,-35.3423561184324],[149.04101906112,-35.3418375246014],[149.04098918751,-35.3417525414646],[149.040951974751,-35.341669525944],[149.040907613341,-35.3415889029613],[149.040856330368,-35.3415110851907],[149.040798388345,-35.3414364709466],[149.038048137945,-35.3381596604766],[149.037865133865,-35.3379202434408],[149.037707819803,-35.3376688659296],[149.03757735098,-35.3374073742901],[149.037474685412,-35.33713768914],[149.037400576881,-35.3368617912589],[149.037355569401,-35.3365817070379],[149.037339993237,-35.3362994935954],[149.03735396248,-35.3360172236671],[149.037397374228,-35.3357369703823],[149.03746990934,-35.3354607920377],[149.0375710348,-35.3351907169811],[149.037700007628,-35.3349287287149],[149.037855880356,-35.3346767513311],[149.038037507986,-35.3344366353807],[149.038243556406,-35.3342101442867],[149.038472512196,-35.3339989413945],[149.038722693744,-35.3338045777595],[149.039725017448,-35.3330901468947],[149.039831051491,-35.3330076401891],[149.039927906663,-35.332917874327],[149.040014845847,-35.3328215325018],[149.040091207405,-35.3327193479529],[149.040156410208,-35.3326120983845],[149.040209958059,-35.3325006000462],[149.04025144347,-35.3323857015202],[149.040579574059,-35.3313057941375],[149.04063758837,-35.33114508691],[149.040712457821,-35.3309891296213],[149.040803613609,-35.3308391069166],[149.040910363231,-35.3306961583552],[149.041031895751,-35.3305613697559],[149.041167287953,-35.3304357649497],[149.041315511362,-35.3303202980038],[149.041475440054,-35.3302158459763],[149.041645859208,-35.3301232022545],[149.041825474338,-35.3300430705304],[149.042012921117,-35.3299760594559],[149.042206775746,-35.3299226780209],[149.042405565765,-35.3298833316884],[149.042607781233,-35.3298583193147],[149.043599538466,-35.3297716634951]]]},"properties":{"OBJECTID":294,"ID":650,"DIVISION_CODE":447,"DIVISION_NAME":"HOLDER","LAST_UPDATE_DATE":"Mon, 19 Sep 2011 08:51:25 GMT","DIVISION_SHORT":"HOLD","GlobalID":"cbe7afdb-981a-4b45-b161-d030067b93f5"}},{"type":"Feature","id":295,"geometry":{"type":"Polygon","coordinates":[[[149.049562913487,-35.3561933610865],[149.049353141872,-35.3560440948793],[149.049143033656,-35.3559063081975],[149.048920114163,-35.3557827693233],[149.048685819428,-35.355674274064],[149.048441658743,-35.3555815213172],[149.04818920494,-35.3555051085708],[149.047930084254,-35.3554455280546],[149.047665965858,-35.3554031635703],[149.047398551108,-35.3553782880203],[149.047129562589,-35.3553710616492],[149.046860733022,-35.3553815310126],[149.044390897135,-35.3555592943796],[149.044195471105,-35.3555666532189],[149.04399997584,-35.3555606538409],[149.043805769514,-35.3555413379219],[149.043614201344,-35.3555088396531],[149.043426602216,-35.3554633848075],[149.043244275436,-35.3554052891717],[149.043068487674,-35.3553349563514],[149.042900460165,-35.355252874967],[149.04274136022,-35.3551596152585],[149.042592293117,-35.3550558251231],[149.042454294424,-35.3549422256135],[149.0423283228,-35.3548196059275],[149.042215253339,-35.354688817925],[149.042115871489,-35.3545507702086],[149.042030867598,-35.3544064218109],[149.041960832118,-35.3542567755316],[149.041906251507,-35.3541028709694],[149.041867504848,-35.3539457773003],[149.041698756365,-35.3530763767383],[149.041668396187,-35.3528697613353],[149.041657215557,-35.3526618558651],[149.041665278497,-35.3524538535682],[149.041692538584,-35.3522469482319],[149.041738839218,-35.3520423273385],[149.041803914526,-35.3518411652506],[149.042378269941,-35.3503034421601],[149.042471031007,-35.3500876468517],[149.042585387748,-35.3498789239605],[149.042720546789,-35.3496787212441],[149.042875570484,-35.3494884273511],[149.043049383423,-35.3493093621898],[149.04555006487,-35.3469424544336],[149.045777411044,-35.3467108845641],[149.045983793059,-35.3464664908506],[149.046168137452,-35.3462105447074],[149.046329485431,-35.3459443776345],[149.046891273085,-35.3449270857851],[149.047028203979,-35.3446982464954],[149.047182138426,-35.344476780614],[149.047352487456,-35.3442635352879],[149.048986900197,-35.3423494193742],[149.050497383167,-35.3432152745407],[149.051136569223,-35.3435529130727],[149.051805068835,-35.3438500110727],[149.052499059271,-35.3441048695387],[149.053214571906,-35.3443160310164],[149.057287305293,-35.3453771616987],[149.05707290945,-35.3472334352423],[149.056990041028,-35.3477403430043],[149.056859461173,-35.3482404623513],[149.056681954854,-35.3487307834774],[149.056458589507,-35.349208355489],[149.056190708621,-35.3496703041674],[149.055879923679,-35.350113849271],[149.055528104469,-35.3505363212729],[149.055137367845,-35.3509351774334],[149.049562913487,-35.3561933610865]]]},"properties":{"OBJECTID":295,"ID":95,"DIVISION_CODE":448,"DIVISION_NAME":"STIRLING","LAST_UPDATE_DATE":"Fri, 19 Feb 1999 09:46:25 GMT","DIVISION_SHORT":"STIR","GlobalID":"399a4464-b544-45df-b5fc-9e6b91e97a88"}},{"type":"Feature","id":296,"geometry":{"type":"Polygon","coordinates":[[[148.918035588885,-35.2967627989776],[148.920986616118,-35.2909904916189],[148.92297093434,-35.2910733576273],[148.923760517985,-35.2914726149495],[148.924367900795,-35.2917798186598],[148.924600569952,-35.2918975839592],[148.929965111477,-35.2946104320505],[148.930165712921,-35.2947119342658],[148.930350856356,-35.2951358297906],[148.93063780623,-35.2955081402539],[148.931090338049,-35.2957447957206],[148.931619772223,-35.295902293641],[148.931861395546,-35.2961069097669],[148.928946744094,-35.2997085327133],[148.928844726147,-35.3010309605463],[148.927829555524,-35.300850820508],[148.92674690333,-35.3012827979599],[148.925203069534,-35.3012946184357],[148.923068515395,-35.30093491187],[148.918035588885,-35.2967627989776]]]},"properties":{"OBJECTID":296,"ID":659,"DIVISION_CODE":460,"DIVISION_NAME":"URIARRA VILLAGE","LAST_UPDATE_DATE":"Tue, 17 Jul 2012 08:52:36 GMT","DIVISION_SHORT":"URIA","GlobalID":"a3f76edf-fbd4-4f2d-8e31-55ca64f13d74"}},{"type":"Feature","id":297,"geometry":{"type":"Polygon","coordinates":[[[149.108585532409,-35.209944561188],[149.101232911048,-35.2170207325788],[149.100046355305,-35.2177780630083],[149.09793002441,-35.2194694170155],[149.097822250344,-35.2193953307084],[149.097713534677,-35.2193221768133],[149.097603889387,-35.2192499633898],[149.095834794278,-35.2180972507614],[149.095408283335,-35.2178341868936],[149.094965351986,-35.2175900817876],[149.094507250294,-35.2173656243102],[149.094247655829,-35.2172568464783],[149.093978390869,-35.2171652592764],[149.09370114252,-35.2170914365503],[149.093417647893,-35.2170358408421],[149.093129683222,-35.2169988204918],[149.092839052742,-35.2169806074563],[149.092547577387,-35.2169813158557],[149.092257083381,-35.2170009412585],[149.091969390806,-35.2170393607095],[149.091686302197,-35.2170963334992],[149.091388229461,-35.2171708216059],[149.091093115556,-35.2172528620037],[149.090801244524,-35.2173423757356],[149.089729352868,-35.2176867500049],[149.089439782271,-35.2177685568121],[149.089142928904,-35.2178303330242],[149.08884084639,-35.2178716512646],[149.088535624542,-35.2178922256842],[149.088229374896,-35.2178919139404],[149.087924216107,-35.2178707181815],[149.08762225928,-35.2178287850328],[149.087155913497,-35.2177304307738],[149.086701370052,-35.2176000745814],[149.086261883588,-35.2174386498335],[149.085840600882,-35.2172473123653],[149.085440538313,-35.2170274321899],[149.085064560253,-35.2167805836848],[149.084715358553,-35.2165085343144],[149.08439543327,-35.2162132319695],[149.084621364559,-35.2160620199551],[149.085055333032,-35.2157455561138],[149.085455151619,-35.2154001216206],[149.085817958969,-35.2150281890342],[149.086141158759,-35.2146324205426],[149.086422438266,-35.2142156489004],[149.086659784909,-35.2137808571469],[149.086851500641,-35.2133311572485],[149.086996214079,-35.2128697678205],[149.087092890306,-35.2123999910861],[149.087229633295,-35.2115086244685],[149.087325754543,-35.2110315916673],[149.087466016597,-35.2105619831933],[149.087649598233,-35.2101025460144],[149.087875424879,-35.2096559675547],[149.088142174917,-35.2092248599776],[149.088859955432,-35.2081680365446],[149.089048130759,-35.2078648512269],[149.089207839791,-35.207550857609],[149.089338168742,-35.2072278528981],[149.089438372013,-35.2068976858556],[149.089507876459,-35.2065622462144],[149.089546284654,-35.2062234538615],[149.089594756411,-35.2055059808319],[149.089636207128,-35.2051576119125],[149.089712922701,-35.2048132956948],[149.089824367821,-35.204475432759],[149.08996976507,-35.2041463786622],[149.09014810035,-35.2038284275184],[149.090358129965,-35.203523796006],[149.090598389302,-35.2032346079162],[149.090867203047,-35.2029628793505],[149.091162696872,-35.2027105046679],[149.091482810508,-35.2024792432826],[149.091825312108,-35.202270707402],[149.092187813807,-35.2020863507913],[149.092567788367,-35.2019274586428],[149.092962586797,-35.2017951386201],[149.093369456808,-35.2016903131394],[149.093785561997,-35.2016137129427],[149.094443907662,-35.2015166610974],[149.095364119034,-35.201379651389],[149.095409460272,-35.2014296322904],[149.09594039305,-35.2019764693546],[149.097730143487,-35.2029487294556],[149.09896146441,-35.2043177567008],[149.10025863211,-35.2055117339498],[149.100648144124,-35.2057162264222],[149.103458341955,-35.2071472796132],[149.108224378267,-35.2094297623076],[149.108796144731,-35.2097419290356],[149.108586150899,-35.2099449461735],[149.108585532409,-35.209944561188]]]},"properties":{"OBJECTID":297,"ID":20,"DIVISION_CODE":552,"DIVISION_NAME":"GIRALANG","LAST_UPDATE_DATE":"Fri, 19 Feb 1999 09:47:11 GMT","DIVISION_SHORT":"GIRA","GlobalID":"587615ba-8b34-4ef5-af4f-2630b9668a6f"}},{"type":"Feature","id":298,"geometry":{"type":"Polygon","coordinates":[[[149.108585532409,-35.209944561188],[149.108586150899,-35.2099449461735],[149.108796144731,-35.2097419290356],[149.1097902766,-35.2102846805459],[149.110235450614,-35.2106267926884],[149.111654675127,-35.2122159594214],[149.11400184947,-35.2149320326064],[149.115448055357,-35.2162823085588],[149.11622870093,-35.2169710927186],[149.117877754082,-35.2182449209196],[149.118922453197,-35.2192533998879],[149.119692996299,-35.2205505263761],[149.119847245476,-35.2209108937933],[149.120738842711,-35.2223611181246],[149.121200962355,-35.2229645414712],[149.121776893301,-35.2241203225922],[149.122305091563,-35.2252233921045],[149.122765439171,-35.2264600032179],[149.124759930784,-35.2310140226827],[149.124894224759,-35.2314571588093],[149.124931838896,-35.2315805825519],[149.124103435127,-35.2323230860626],[149.120156906602,-35.2332524368002],[149.118159110452,-35.2349175889614],[149.11774899831,-35.236291547274],[149.116992964296,-35.2371799717391],[149.114779762957,-35.2392077827246],[149.114235203958,-35.2419121699064],[149.113920480654,-35.243566077492],[149.112793895159,-35.243509145139],[149.111677155617,-35.2433745881054],[149.110578195826,-35.2431633622325],[149.109504823139,-35.2428769680462],[149.108464662937,-35.2425174400883],[149.1074651044,-35.242087332448],[149.106513247964,-35.2415897005997],[149.105615854841,-35.2410280796751],[149.100957522523,-35.237849033134],[149.099836763321,-35.2371474587684],[149.098648052114,-35.2365257212799],[149.097399815639,-35.2359882275843],[149.096100902004,-35.2355387874276],[149.094760518032,-35.2351805864158],[149.093388164083,-35.2349161634642],[149.091945889928,-35.2346903521659],[149.093001412611,-35.2317513562729],[149.093115154518,-35.2314777927324],[149.093256604375,-35.2312130727122],[149.093424754426,-35.2309590816966],[149.093618406776,-35.2307176287333],[149.093836181922,-35.2304904335515],[149.094076528591,-35.2302791143147],[149.094337734785,-35.2300851760993],[149.09461793998,-35.2299100001768],[149.094915148377,-35.2297548341792],[149.097210737519,-35.2286651523819],[149.097650071227,-35.2284374996471],[149.098066581249,-35.2281825950397],[149.098457762482,-35.2279019718423],[149.098821262252,-35.2275973180176],[149.099154894462,-35.2272704660504],[149.099456652739,-35.226923381921],[149.099724722498,-35.2265581532757],[149.099957491851,-35.2261769768649],[149.100153561289,-35.2257821453275],[149.100343689828,-35.2252966402584],[149.100489269716,-35.224800873415],[149.100589494808,-35.2242975929131],[149.1006438104,-35.223789588466],[149.100651916287,-35.2232796759198],[149.100623373177,-35.2229301626298],[149.100558583803,-35.2225839234346],[149.100458021377,-35.2222434847785],[149.100322420113,-35.2219113307499],[149.10015276986,-35.2215898849585],[149.099950308866,-35.221281492853],[149.099716514737,-35.2209884046114],[149.099453093642,-35.2207127587259],[149.098972675539,-35.2202762104763],[149.098464501022,-35.2198613676011],[149.09793002441,-35.2194694170155],[149.100046355305,-35.2177780630083],[149.101232911048,-35.2170207325788],[149.108585532409,-35.209944561188]]]},"properties":{"OBJECTID":298,"ID":24,"DIVISION_CODE":553,"DIVISION_NAME":"KALEEN","LAST_UPDATE_DATE":"Fri, 19 Feb 1999 09:47:11 GMT","DIVISION_SHORT":"KALE","GlobalID":"477229ef-7532-4edd-951d-3bc00697da9b"}},{"type":"Feature","id":299,"geometry":{"type":"Polygon","coordinates":[[[149.113920480654,-35.243566077492],[149.113875199997,-35.2438040257428],[149.110528916224,-35.2468894799538],[149.097602178805,-35.2601963123403],[149.096450152862,-35.2600406770695],[149.095319029046,-35.2598033499773],[149.094217402018,-35.2594861342681],[149.093153642072,-35.2590914401624],[149.092135831473,-35.2586222665651],[149.091171702989,-35.2580821782572],[149.090268581097,-35.2574752787834],[149.089433326309,-35.2568061792442],[149.087916415825,-35.2554802238568],[149.087063439623,-35.2547959822184],[149.086142077186,-35.2541742609407],[149.085159117371,-35.2536196401824],[149.084121802354,-35.2531362057155],[149.083037774314,-35.2527275188567],[149.075683465151,-35.2502623836957],[149.075840558099,-35.2498514672659],[149.075958559618,-35.2494884232937],[149.076037819449,-35.2491183645337],[149.076077743449,-35.2487440674838],[149.076078032626,-35.248368340403],[149.076038685358,-35.2479940022404],[149.07595999739,-35.2476238614869],[149.075901817049,-35.2474370654068],[149.075828222437,-35.24725396475],[149.075739557271,-35.2470754144176],[149.075636235623,-35.2469022480601],[149.074621574702,-35.2453392776473],[149.074305178737,-35.2448020564629],[149.074041142024,-35.2442461256251],[149.073831091573,-35.2436749130584],[149.073676321419,-35.2430919408466],[149.073656593856,-35.2430004999682],[149.073799395632,-35.2430004239915],[149.073390943546,-35.2411071869405],[149.074227558322,-35.2411067425839],[149.074308534261,-35.241103812941],[149.074388895441,-35.2410951331768],[149.074468036351,-35.2410807686929],[149.074545360676,-35.2410608277244],[149.074620285789,-35.2410354605245],[149.074692247141,-35.2410048582317],[149.07476070252,-35.2409692514304],[149.074825136129,-35.2409289084124],[149.07488506248,-35.240884133156],[149.074940030045,-35.2408352630348],[149.074989624664,-35.2407826662759],[149.075033472664,-35.2407267391851],[149.075496477799,-35.2400757054099],[149.075454927836,-35.2400558169311],[149.076586542841,-35.2384645986721],[149.076719890007,-35.2382596424974],[149.07683396279,-35.2380469997401],[149.076928108009,-35.2378278882839],[149.077922762731,-35.2351996294202],[149.078104423804,-35.234780360894],[149.078326841037,-35.2343745288633],[149.078588554941,-35.2339847952655],[149.079373289559,-35.2329205561238],[149.07978832942,-35.2322987660503],[149.080136696444,-35.2316500083384],[149.080415813995,-35.2309790844865],[149.080640615281,-35.2310270669769],[149.080867032084,-35.2310696298676],[149.081094870358,-35.2311067366824],[149.081484631441,-35.2311653618187],[149.082268920685,-35.2313103432531],[149.083036440044,-35.231506661336],[149.083782207183,-35.2317530416492],[149.084501380855,-35.2320478847948],[149.085189292311,-35.2323892767699],[149.085841475584,-35.2327750013823],[149.086316446067,-35.2330805053402],[149.086859323138,-35.2334019881421],[149.087431562608,-35.2336871384188],[149.088029560635,-35.2339341602526],[149.08864955104,-35.2341414978567],[149.089287629035,-35.2343078453798],[149.089939775836,-35.2344321551356],[149.091945889928,-35.2346903521659],[149.093388164083,-35.2349161634642],[149.094760518032,-35.2351805864158],[149.096100902004,-35.2355387874276],[149.097399815639,-35.2359882275843],[149.098648052114,-35.2365257212799],[149.099836763321,-35.2371474587684],[149.100957522523,-35.237849033134],[149.105615854841,-35.2410280796751],[149.106513247964,-35.2415897005997],[149.1074651044,-35.242087332448],[149.108464662937,-35.2425174400883],[149.109504823139,-35.2428769680462],[149.110578195826,-35.2431633622325],[149.111677155617,-35.2433745881054],[149.112793895159,-35.243509145139],[149.113920480654,-35.243566077492]]]},"properties":{"OBJECTID":299,"ID":12,"DIVISION_CODE":555,"DIVISION_NAME":"BRUCE","LAST_UPDATE_DATE":"Fri, 19 Feb 1999 09:47:11 GMT","DIVISION_SHORT":"BRUC","GlobalID":"9cdf12e8-6831-458c-8389-b1465d91247b"}},{"type":"Feature","id":300,"geometry":{"type":"Polygon","coordinates":[[[149.07576434292,-35.2502894970307],[149.083037774314,-35.2527275188567],[149.084121802354,-35.2531362057155],[149.085159117371,-35.2536196401824],[149.086142077186,-35.2541742609407],[149.087063439623,-35.2547959822184],[149.087916415825,-35.2554802238568],[149.089433326309,-35.2568061792442],[149.089453840004,-35.2568240695913],[149.089474402259,-35.2568419223961],[149.089495012971,-35.25685973757],[149.088438721291,-35.2576727610141],[149.088164882018,-35.2579011975122],[149.087914308569,-35.2581469454172],[149.087688621954,-35.2584084151609],[149.087489282249,-35.2586839154647],[149.087317579149,-35.2589716642759],[149.087174623621,-35.2592698002932],[149.087061340708,-35.2595763950036],[149.086280400184,-35.2620432947924],[149.08610616757,-35.262703954329],[149.08599853128,-35.2633741026273],[149.085958217067,-35.2640492314636],[149.085985497819,-35.2647247989966],[149.083883623483,-35.2652530000401],[149.081151087386,-35.2636272453131],[149.078342862476,-35.2641255257052],[149.076571037665,-35.2636924734475],[149.074133056724,-35.2635329291664],[149.073772143171,-35.2614352371304],[149.073746762086,-35.2613033662889],[149.073564955409,-35.2600475655527],[149.073501076053,-35.2587840279196],[149.073555494607,-35.2575201921467],[149.073727885207,-35.2562634984045],[149.074017227582,-35.2550213444767],[149.074421813189,-35.253801042217],[149.07576434292,-35.2502894970307]]]},"properties":{"OBJECTID":300,"ID":10,"DIVISION_CODE":556,"DIVISION_NAME":"ARANDA","LAST_UPDATE_DATE":"Fri, 19 Feb 1999 09:47:11 GMT","DIVISION_SHORT":"ARAN","GlobalID":"816689eb-d183-4324-aa55-4d0298c5b80c"}},{"type":"Feature","id":301,"geometry":{"type":"Polygon","coordinates":[[[149.054373881406,-35.2572150152598],[149.06038921052,-35.2554229646115],[149.060641582463,-35.255356914558],[149.060899529016,-35.2553074324836],[149.061161436361,-35.2552748279609],[149.061425665909,-35.2552593049699],[149.06169056455,-35.2552609606221],[149.061954474988,-35.2552797845534],[149.06221574611,-35.2553156589891],[149.062472743311,-35.2553683594807],[149.065264005715,-35.2560379513722],[149.065506072813,-35.2560880642711],[149.06575201878,-35.2561232459188],[149.066000476684,-35.2561433007856],[149.066250065631,-35.2561481174141],[149.06649939844,-35.256137669039],[149.066747089353,-35.2561120137357],[149.068922523438,-35.2558187284124],[149.069075809163,-35.2557929976174],[149.069226189325,-35.2557575617845],[149.069372752113,-35.2557126357771],[149.069514608869,-35.2556584920007],[149.069650899471,-35.255595458751],[149.069780797556,-35.2555239182227],[149.069903515524,-35.2554443041923],[149.070018309318,-35.2553570993869],[149.07165644872,-35.254011727387],[149.071811331104,-35.2538947636568],[149.07197761025,-35.2537888499701],[149.072154117987,-35.2536947303787],[149.072339614302,-35.2536130660766],[149.072532796048,-35.2535444307563],[149.072732306101,-35.2534893065796],[149.072936742888,-35.2534480807907],[149.073144670237,-35.2534210429971],[149.073354627459,-35.2534083831349],[149.073565139609,-35.2534101901357],[149.073774727848,-35.2534264513014],[149.073981919824,-35.2534570523939],[149.074185260016,-35.2535017784375],[149.074504802194,-35.253583982874],[149.074421813189,-35.253801042217],[149.074017227582,-35.2550213444767],[149.073727885207,-35.2562634984045],[149.073555494607,-35.2575201921467],[149.073501076053,-35.2587840279196],[149.073564955409,-35.2600475655527],[149.073746762086,-35.2613033662889],[149.073772143171,-35.2614352371304],[149.0742958065,-35.2644788227546],[149.073873208832,-35.2645335369028],[149.073444494295,-35.2646629324574],[149.073420384167,-35.2646825712077],[149.073394480122,-35.2647006080672],[149.073366939939,-35.2647169331755],[149.073337931359,-35.2647314470982],[149.07330763107,-35.2647440614326],[149.073276223627,-35.2647546993462],[149.071327056858,-35.2653429734635],[149.070515014713,-35.26541699687],[149.069558370731,-35.2661755955698],[149.067906034433,-35.2674256444193],[149.066789469327,-35.2673749704413],[149.065919871779,-35.2669579772078],[149.065106233489,-35.2659697859794],[149.065269489019,-35.2650206495417],[149.064556545696,-35.2643773227295],[149.06447817089,-35.2637515697558],[149.06391633868,-35.263668285202],[149.061887048591,-35.2641622683413],[149.060918187743,-35.2635892138174],[149.060435408102,-35.2631937544844],[149.059526596148,-35.2633322966248],[149.058984225516,-35.2630800591349],[149.059042385728,-35.2610172107076],[149.059371722137,-35.2605899938566],[149.058975307159,-35.2603844111023],[149.058934329975,-35.2603611620023],[149.058895833526,-35.2603352168206],[149.058860080784,-35.2603067527921],[149.058827315978,-35.2602759643584],[149.058797762926,-35.2602430618392],[149.058771623504,-35.2602082699953],[149.05874907627,-35.2601718264938],[149.05873027524,-35.2601339802838],[149.058715348841,-35.2600949898964],[149.058704399031,-35.2600551216782],[149.058697500604,-35.260014647972],[149.058694700676,-35.2599738452563],[149.058696018369,-35.2599329922567],[149.058701444675,-35.2598923680419],[149.058710942519,-35.2598522501172],[149.058724447017,-35.2598129125293],[149.058741865914,-35.2597746239937],[149.058763080214,-35.2597376460596],[149.058787944998,-35.259702231323],[149.058802263659,-35.2596836572006],[149.058503041085,-35.259619477154],[149.056974835528,-35.2588269058486],[149.056869940826,-35.2584992003052],[149.054700500299,-35.2580398940348],[149.054373881406,-35.2572150152598]]]},"properties":{"OBJECTID":301,"ID":14,"DIVISION_CODE":557,"DIVISION_NAME":"COOK","LAST_UPDATE_DATE":"Fri, 19 Feb 1999 09:47:11 GMT","DIVISION_SHORT":"COOK","GlobalID":"a9c1c0a5-0276-4434-827b-d060f47313e0"}},{"type":"Feature","id":302,"geometry":{"type":"Polygon","coordinates":[[[149.056297712311,-35.2436774388081],[149.056376997786,-35.2436797368421],[149.05699763039,-35.2437174997662],[149.057612840909,-35.2437945455302],[149.058218940814,-35.2439104121725],[149.058812296169,-35.2440644049781],[149.059389349401,-35.2442556006419],[149.059946640612,-35.2444828528006],[149.06048082832,-35.2447447989024],[149.063264796442,-35.2462328493045],[149.064459408598,-35.2468239192741],[149.065701155507,-35.247345546087],[149.06698404789,-35.2477952135978],[149.068301897677,-35.2481707527555],[149.07213112461,-35.2491410128366],[149.07269434523,-35.2492912049987],[149.073251927253,-35.2494549459546],[149.073803386506,-35.2496320935197],[149.07576434292,-35.2502894970307],[149.074504802194,-35.253583982874],[149.074185260016,-35.2535017784375],[149.073981919824,-35.2534570523939],[149.073774727848,-35.2534264513014],[149.073565139609,-35.2534101901357],[149.073354627459,-35.2534083831349],[149.073144670237,-35.2534210429971],[149.072936742888,-35.2534480807907],[149.072732306101,-35.2534893065796],[149.072532796048,-35.2535444307563],[149.072339614302,-35.2536130660766],[149.072154117987,-35.2536947303787],[149.07197761025,-35.2537888499701],[149.071811331104,-35.2538947636568],[149.07165644872,-35.254011727387],[149.070018309318,-35.2553570993869],[149.069903515524,-35.2554443041923],[149.069780797556,-35.2555239182227],[149.069650899471,-35.255595458751],[149.069514608869,-35.2556584920007],[149.069372752113,-35.2557126357771],[149.069226189325,-35.2557575617845],[149.069075809163,-35.2557929976174],[149.068922523438,-35.2558187284124],[149.066747089353,-35.2561120137357],[149.06649939844,-35.256137669039],[149.066250065631,-35.2561481174141],[149.066000476684,-35.2561433007856],[149.06575201878,-35.2561232459188],[149.065506072813,-35.2560880642711],[149.065264005715,-35.2560379513722],[149.062472743311,-35.2553683594807],[149.06221574611,-35.2553156589891],[149.061954474988,-35.2552797845534],[149.06169056455,-35.2552609606221],[149.061425665909,-35.2552593049699],[149.061161436361,-35.2552748279609],[149.060899529016,-35.2553074324836],[149.060641582463,-35.255356914558],[149.06038921052,-35.2554229646115],[149.054373881406,-35.2572150152598],[149.054364626114,-35.2571916394149],[149.054221154142,-35.2567737672958],[149.054118355646,-35.2563479078759],[149.054056871876,-35.2559167202727],[149.054037086082,-35.255482896832],[149.05405912114,-35.2550491463161],[149.054122838798,-35.2546181769891],[149.054227840561,-35.2541926797069],[149.055995005757,-35.2482492947972],[149.056090727282,-35.2478695918697],[149.056153563679,-35.2474852962018],[149.056183202438,-35.2470983219179],[149.056297712311,-35.2436774388081]]]},"properties":{"OBJECTID":302,"ID":28,"DIVISION_CODE":558,"DIVISION_NAME":"MACQUARIE","LAST_UPDATE_DATE":"Fri, 19 Feb 1999 09:47:11 GMT","DIVISION_SHORT":"MACQ","GlobalID":"f7f9dbf0-14f3-4dea-9794-3d8578bfdd18"}},{"type":"Feature","id":303,"geometry":{"type":"Polygon","coordinates":[[[149.075514442097,-35.2277508746195],[149.075839855781,-35.2282088085563],[149.076209597759,-35.2286435006374],[149.076621217145,-35.2290520686746],[149.077071985262,-35.2294318036563],[149.077558913731,-35.2297801877177],[149.078078774285,-35.2300949108441],[149.078628120168,-35.2303738861956],[149.079203309003,-35.2306152639526],[149.079800526948,-35.230817443588],[149.080415813995,-35.2309790844865],[149.080136696444,-35.2316500083384],[149.07978832942,-35.2322987660503],[149.079373289559,-35.2329205561238],[149.078588554941,-35.2339847952655],[149.078326841037,-35.2343745288633],[149.078104423804,-35.234780360894],[149.077922762731,-35.2351996294202],[149.076928108009,-35.2378278882839],[149.07683396279,-35.2380469997401],[149.076719890007,-35.2382596424974],[149.076586542841,-35.2384645986721],[149.075454927836,-35.2400558169311],[149.075496477799,-35.2400757054099],[149.075033472664,-35.2407267391851],[149.074989624664,-35.2407826662759],[149.074940030045,-35.2408352630348],[149.07488506248,-35.240884133156],[149.074825136129,-35.2409289084124],[149.07476070252,-35.2409692514304],[149.074692247141,-35.2410048582317],[149.074620285789,-35.2410354605245],[149.074545360676,-35.2410608277244],[149.074468036351,-35.2410807686929],[149.074388895441,-35.2410951331768],[149.074308534261,-35.241103812941],[149.074227558322,-35.2411067425839],[149.073390943546,-35.2411071869405],[149.073799395632,-35.2430004239915],[149.073656593856,-35.2430004999682],[149.073676321419,-35.2430919408466],[149.073831091573,-35.2436749130584],[149.074041142024,-35.2442461256251],[149.074305178737,-35.2448020564629],[149.074621574702,-35.2453392776473],[149.075636235623,-35.2469022480601],[149.075739557271,-35.2470754144176],[149.075828222437,-35.24725396475],[149.075901817049,-35.2474370654068],[149.07595999739,-35.2476238614869],[149.076038685358,-35.2479940022404],[149.076078032626,-35.248368340403],[149.076077743449,-35.2487440674838],[149.076037819449,-35.2491183645337],[149.075958559618,-35.2494884232937],[149.075840558099,-35.2498514672659],[149.075683465151,-35.2502623836957],[149.073803386506,-35.2496320935197],[149.073251927253,-35.2494549459546],[149.07269434523,-35.2492912049987],[149.07213112461,-35.2491410128366],[149.068301897677,-35.2481707527555],[149.06698404789,-35.2477952135978],[149.065701155507,-35.247345546087],[149.064459408598,-35.2468239192741],[149.063264796442,-35.2462328493045],[149.06048082832,-35.2447447989024],[149.059946640612,-35.2444828528006],[149.059389349401,-35.2442556006419],[149.058812296169,-35.2440644049781],[149.058218940814,-35.2439104121724],[149.057612840909,-35.2437945455301],[149.05699763039,-35.2437174997662],[149.056376997786,-35.2436797368421],[149.056297712311,-35.2436774388081],[149.056355764944,-35.2419430528839],[149.056399743203,-35.2413665669129],[149.056492833693,-35.2407940241502],[149.056634578076,-35.2402282371756],[149.056824279044,-35.2396719853232],[149.057421795627,-35.2381302761946],[149.057678783921,-35.2373747906675],[149.057869424598,-35.2366061887386],[149.057992748103,-35.2358283870208],[149.058260079347,-35.2322131214662],[149.058362381092,-35.2313733400786],[149.058544176384,-35.230542660496],[149.058804355827,-35.2297261408054],[149.059141332856,-35.2289287527203],[149.059553053458,-35.2281553513156],[149.060037008726,-35.2274106454771],[149.060949766109,-35.2261291491279],[149.061263547097,-35.2256503678401],[149.061535155789,-35.2251545319944],[149.061763225128,-35.2246441386824],[149.061946607391,-35.2241217582592],[149.062084379955,-35.2235900213958],[149.062522330533,-35.2215455174725],[149.063456693443,-35.2217776775381],[149.064409878217,-35.2219508171294],[149.065376356431,-35.2220639321066],[149.069164578941,-35.2223870304629],[149.069629856699,-35.2224425429516],[149.070088064678,-35.2225290193863],[149.070536148142,-35.2226458832396],[149.07097111982,-35.2227923553992],[149.071390079812,-35.2229674593603],[149.071790234919,-35.223170027733],[149.072168917254,-35.2233987100217],[149.072523602023,-35.2236519816246],[149.07285192436,-35.2239281539946],[149.073151695089,-35.2242253858919],[149.07342091532,-35.2245416956554],[149.073657789783,-35.2248749744102],[149.075514442097,-35.2277508746195]]]},"properties":{"OBJECTID":303,"ID":11,"DIVISION_CODE":559,"DIVISION_NAME":"BELCONNEN","LAST_UPDATE_DATE":"Fri, 19 Feb 1999 09:47:11 GMT","DIVISION_SHORT":"BELC","GlobalID":"180d094b-3db4-434b-8f9d-a01703685ec2"}},{"type":"Feature","id":304,"geometry":{"type":"Polygon","coordinates":[[[149.061046026702,-35.2210411414832],[149.061529458013,-35.2212260251386],[149.062021843404,-35.2213942475369],[149.062522330533,-35.2215455174725],[149.062084379955,-35.2235900213958],[149.061946607391,-35.2241217582592],[149.061763225128,-35.2246441386824],[149.061535155789,-35.2251545319944],[149.061263547097,-35.2256503678401],[149.060949766109,-35.2261291491279],[149.060037008726,-35.2274106454771],[149.059553053458,-35.2281553513156],[149.059141332856,-35.2289287527203],[149.058804355827,-35.2297261408054],[149.058544176384,-35.230542660496],[149.058362381092,-35.2313733400786],[149.058260079347,-35.2322131214662],[149.057992748103,-35.2358283870208],[149.055839527792,-35.2352666468233],[149.054912809583,-35.2349937049374],[149.054013043681,-35.2346656316291],[149.053145094945,-35.2342842007752],[149.052313656019,-35.2338514747438],[149.051523221934,-35.2333697932324],[149.048393627461,-35.2313118593561],[149.047491993578,-35.2307680941715],[149.046538191472,-35.2302879811995],[149.04553887895,-35.2298748714523],[149.044501031132,-35.2295316482589],[149.043431891808,-35.2292607071619],[149.042338922926,-35.2290639392139],[149.03663156187,-35.2282396514043],[149.036076711032,-35.2281394195487],[149.035534214715,-35.2280009504399],[149.035007979392,-35.2278252411717],[149.035251323128,-35.2273643267968],[149.035535070297,-35.2269192392551],[149.035857702467,-35.2264923593246],[149.036217493291,-35.2260859703518],[149.036612517746,-35.2257022460426],[149.038006585538,-35.2244443798019],[149.038497689221,-35.2239659584446],[149.038943150184,-35.2234583474396],[149.039340402425,-35.2229244718293],[149.039687157877,-35.2223674079386],[149.040191766117,-35.2214746274451],[149.040588121869,-35.2208297723353],[149.04103523832,-35.2202076756005],[149.04153118302,-35.2196110243308],[149.042073812747,-35.2190423956448],[149.043526815641,-35.2176187146505],[149.043542354242,-35.2176034518981],[149.044730136508,-35.218172250157],[149.04597182025,-35.2186573832594],[149.047258673801,-35.2190554395287],[149.048581647419,-35.2193636196453],[149.049931436999,-35.2195797563574],[149.051298549602,-35.2197023297401],[149.056194645392,-35.219971365358],[149.057196598942,-35.2200587190668],[149.058187209445,-35.2202098890542],[149.059160451183,-35.2204239557043],[149.060110403981,-35.2206996168093],[149.061031289185,-35.2210351954831],[149.061046026702,-35.2210411414832]]]},"properties":{"OBJECTID":304,"ID":17,"DIVISION_CODE":560,"DIVISION_NAME":"FLOREY","LAST_UPDATE_DATE":"Fri, 19 Feb 1999 09:47:11 GMT","DIVISION_SHORT":"FLOR","GlobalID":"007c7024-3edc-4726-b399-fdfe2a4f6009"}},{"type":"Feature","id":305,"geometry":{"type":"Polygon","coordinates":[[[149.048688842022,-35.2315059914567],[149.051523221934,-35.2333697932324],[149.052313656019,-35.2338514747438],[149.053145094945,-35.2342842007752],[149.054013043681,-35.2346656316291],[149.054912809583,-35.2349937049373],[149.055839527792,-35.2352666468233],[149.057992748103,-35.2358283870208],[149.057869424598,-35.2366061887386],[149.057678783921,-35.2373747906675],[149.057421795627,-35.2381302761946],[149.056824279044,-35.2396719853232],[149.056634578076,-35.2402282371756],[149.056492833693,-35.2407940241502],[149.056399743203,-35.2413665669129],[149.056355764944,-35.2419430528839],[149.056297712311,-35.2436774388081],[149.050598873393,-35.2435121691676],[149.049525345902,-35.2434454871973],[149.048461817182,-35.2433082780666],[149.047415161279,-35.243101428526],[149.046392143071,-35.24282627544],[149.045399374496,-35.242484597138],[149.043272718887,-35.2416686898288],[149.042528347754,-35.2414124691701],[149.041761306735,-35.2412061057566],[149.040976547902,-35.2410509319025],[149.041308874316,-35.2396800491437],[149.041429102983,-35.2392678825326],[149.041587697081,-35.2388645451834],[149.041783712395,-35.238472436979],[149.042015982098,-35.2380938909528],[149.042283123707,-35.23773115941],[149.042583547315,-35.2373864005304],[149.04291546506,-35.237061665531],[149.04327690177,-35.2367588864664],[149.045694663843,-35.2348838820413],[149.046425993786,-35.2342706053491],[149.047096762619,-35.2336123775094],[149.047702881179,-35.2329132127936],[149.048240654867,-35.2321773750135],[149.048688842022,-35.2315059914567]]]},"properties":{"OBJECTID":305,"ID":31,"DIVISION_CODE":561,"DIVISION_NAME":"PAGE","LAST_UPDATE_DATE":"Fri, 19 Feb 1999 09:47:11 GMT","DIVISION_SHORT":"PAGE","GlobalID":"d5c76acd-f01c-44c5-abbb-0f5c8893c018"}},{"type":"Feature","id":306,"geometry":{"type":"Polygon","coordinates":[[[149.056297712311,-35.2436774388081],[149.056183202438,-35.2470983219179],[149.056153563679,-35.2474852962018],[149.056090727282,-35.2478695918697],[149.055995005757,-35.2482492947972],[149.054227840561,-35.2541926797069],[149.054122838798,-35.2546181769891],[149.05405912114,-35.2550491463161],[149.054037086082,-35.255482896832],[149.054056871876,-35.2559167202727],[149.054118355646,-35.2563479078759],[149.054221154142,-35.2567737672958],[149.054364626114,-35.2571916394149],[149.054373881406,-35.2572150152598],[149.050833779335,-35.2582694850865],[149.050564121672,-35.2583393815993],[149.050288235632,-35.2583903681528],[149.050008088561,-35.2584220811529],[149.049725678204,-35.2584342944454],[149.049443018449,-35.2584269209296],[149.049162124966,-35.2584000131797],[149.048885000826,-35.2583537630699],[149.048613622216,-35.2582885004059],[149.048349924339,-35.2582046905728],[149.048095787611,-35.2581029312154],[149.047853024251,-35.2579839479753],[149.047623365353,-35.2578485893151],[149.047408448541,-35.2576978204668],[149.047209806289,-35.2575327165471],[149.047028854993,-35.2573544548889],[149.046866884873,-35.2571643066444],[149.045673624251,-35.2556292065534],[149.045437910722,-35.2553458765445],[149.045181103035,-35.2550751636325],[149.044904202301,-35.2548181229304],[149.044638684568,-35.2545866304056],[149.044450645341,-35.2544078800344],[149.044282013487,-35.254216545183],[149.044134034609,-35.2540140393038],[149.044007801717,-35.2538018583636],[149.043904247153,-35.2535815697906],[149.043824135709,-35.2533548008937],[149.043768058981,-35.2531232268404],[149.043736431008,-35.2528885582804],[149.043729485213,-35.2526525287082],[149.043775163743,-35.2506652608781],[149.043776295735,-35.2504159604666],[149.043768234863,-35.2501667460238],[149.043750988586,-35.2499178455996],[149.04356771237,-35.2478305157219],[149.043550972388,-35.2473644641587],[149.043582462969,-35.246898926487],[149.043661956489,-35.2464372555439],[149.043788879626,-35.2459827762613],[149.043962317509,-35.2455387617215],[149.044181020328,-35.2451084095874],[149.045627924131,-35.2425701450143],[149.046580965633,-35.2428827351314],[149.04756039214,-35.2431345281462],[149.048560450031,-35.2433240449399],[149.049575264359,-35.2434501722404],[149.050598873393,-35.2435121691676],[149.056297712311,-35.2436774388081]]]},"properties":{"OBJECTID":306,"ID":34,"DIVISION_CODE":562,"DIVISION_NAME":"WEETANGERA","LAST_UPDATE_DATE":"Fri, 19 Feb 1999 09:47:11 GMT","DIVISION_SHORT":"WEET","GlobalID":"8bd89551-c6d8-4046-a182-0b4228b7e057"}},{"type":"Feature","id":307,"geometry":{"type":"Polygon","coordinates":[[[149.030177005741,-35.2395579350993],[149.03317747095,-35.2405137487759],[149.033833593039,-35.2406974802257],[149.034505999149,-35.2408360343293],[149.035190075924,-35.2409284605002],[149.035881129883,-35.2409741246365],[149.036574419645,-35.2409727134736],[149.038575749153,-35.2409005600232],[149.039381514702,-35.2408980396317],[149.040184934615,-35.2409485058574],[149.040980840872,-35.2410516340209],[149.041764113751,-35.2412067606925],[149.042529714734,-35.2414128879571],[149.043272718887,-35.2416686898288],[149.045399374496,-35.242484597138],[149.045475339862,-35.2425135036809],[149.045551524066,-35.2425420200112],[149.045627924131,-35.2425701450143],[149.044181020328,-35.2451084095874],[149.043962317509,-35.2455387617215],[149.043788879626,-35.2459827762613],[149.043661956489,-35.2464372555439],[149.043582462969,-35.246898926487],[149.043550972388,-35.2473644641587],[149.04356771237,-35.2478305157219],[149.043750988586,-35.2499178455996],[149.043768234863,-35.2501667460238],[149.043776295735,-35.2504159604666],[149.043775163743,-35.2506652608781],[149.043729485213,-35.2526525287082],[149.043736431008,-35.2528885582804],[149.043768058981,-35.2531232268404],[149.043824135709,-35.2533548008937],[149.043904247153,-35.2535815697906],[149.044007801717,-35.2538018583636],[149.044134034609,-35.2540140393038],[149.044282013487,-35.254216545183],[149.044450645341,-35.2544078800344],[149.044638684568,-35.2545866304056],[149.044904202301,-35.2548181229304],[149.044355397304,-35.2552416483976],[149.043899606942,-35.2550408480389],[149.043109170717,-35.2541381901916],[149.040285330996,-35.2536985058239],[149.038616772359,-35.2550298922842],[149.036215088229,-35.2547223580533],[149.034652362222,-35.2542292744254],[149.03283322312,-35.2518108424471],[149.032273228956,-35.2512463874996],[149.032203238522,-35.2512981068261],[149.032178369151,-35.2513166778139],[149.032153738376,-35.2513354615564],[149.032129348903,-35.2513544559909],[149.03195315017,-35.2512038047551],[149.03078799558,-35.2508508077415],[149.030050824434,-35.249971352418],[149.029024935878,-35.2483205301752],[149.027953784983,-35.2474169392702],[149.028070843668,-35.2446521707192],[149.02813943722,-35.2439354358568],[149.028283913326,-35.2432263326785],[149.028503170503,-35.2425302576713],[149.028795538269,-35.2418525080352],[149.029158789914,-35.2411982413784],[149.030177005741,-35.2395579350993]]]},"properties":{"OBJECTID":307,"ID":21,"DIVISION_CODE":563,"DIVISION_NAME":"HAWKER","LAST_UPDATE_DATE":"Fri, 19 Feb 1999 09:47:11 GMT","DIVISION_SHORT":"HAWK","GlobalID":"f9d49761-4363-45ff-bc88-84bd85bc17a4"}},{"type":"Feature","id":308,"geometry":{"type":"Polygon","coordinates":[[[149.03317747095,-35.2405137487759],[149.030177005741,-35.2395579350993],[149.030732747219,-35.2386626263159],[149.031056767826,-35.2381810665401],[149.03141921824,-35.2377183122111],[149.031818483314,-35.2372764246054],[149.032252784,-35.2368573720159],[149.032496170633,-35.2366378181314],[149.032862623453,-35.236277453828],[149.033190250461,-35.2358927440591],[149.033476661281,-35.2354864963694],[149.033719766417,-35.2350616754368],[149.033917792491,-35.2346213814314],[149.034069295168,-35.2341688273861],[149.034173169671,-35.2337073157454],[149.034228658824,-35.2332402142629],[149.034447209822,-35.2299492958119],[149.034509714026,-35.2294062321773],[149.03462454826,-35.2288689518453],[149.034790987043,-35.2283408443201],[149.035007979392,-35.2278252411717],[149.035534214715,-35.2280009504399],[149.036076711032,-35.2281394195487],[149.03663156187,-35.2282396514043],[149.042338922926,-35.2290639392139],[149.043431891808,-35.2292607071619],[149.044501031132,-35.2295316482589],[149.04553887895,-35.2298748714523],[149.046538191472,-35.2302879811995],[149.047491993578,-35.2307680941715],[149.048393627461,-35.2313118593561],[149.048688842022,-35.2315059914567],[149.048240654867,-35.2321773750135],[149.047702881179,-35.2329132127936],[149.047096762619,-35.2336123775094],[149.046425993786,-35.2342706053491],[149.045694663843,-35.2348838820413],[149.04327690177,-35.2367588864664],[149.04291546506,-35.237061665531],[149.042583547315,-35.2373864005304],[149.042283123707,-35.23773115941],[149.042015982098,-35.2380938909528],[149.041783712395,-35.238472436979],[149.041587697081,-35.2388645451834],[149.041429102983,-35.2392678825326],[149.041308874316,-35.2396800491437],[149.040976547902,-35.2410509319025],[149.040182036153,-35.2409482274244],[149.039380056545,-35.240897996132],[149.038575749153,-35.2409005600232],[149.036574419645,-35.2409727134736],[149.035881129883,-35.2409741246365],[149.035190075924,-35.2409284605002],[149.034505999149,-35.2408360343293],[149.033833593039,-35.2406974802257],[149.03317747095,-35.2405137487759]]]},"properties":{"OBJECTID":308,"ID":32,"DIVISION_CODE":564,"DIVISION_NAME":"SCULLIN","LAST_UPDATE_DATE":"Fri, 19 Feb 1999 09:47:11 GMT","DIVISION_SHORT":"SCUL","GlobalID":"9b2ab1d4-114d-4f76-8176-f60ce5944cf1"}},{"type":"Feature","id":309,"geometry":{"type":"Polygon","coordinates":[[[149.040596716687,-35.2156223866512],[149.040619143902,-35.2156413740135],[149.041531209082,-35.2163563296401],[149.042507537277,-35.2170116477884],[149.043542354242,-35.2176034518981],[149.043526815641,-35.2176187146505],[149.042073812747,-35.2190423956448],[149.04153118302,-35.2196110243308],[149.04103523832,-35.2202076756005],[149.040588121869,-35.2208297723353],[149.040191766117,-35.2214746274451],[149.039687157877,-35.2223674079386],[149.039340402425,-35.2229244718293],[149.038943150184,-35.2234583474396],[149.038497689221,-35.2239659584446],[149.038006585538,-35.2244443798019],[149.036612517746,-35.2257022460426],[149.036217493291,-35.2260859703518],[149.035857702467,-35.2264923593246],[149.035535070297,-35.2269192392551],[149.035251323128,-35.2273643267968],[149.035007979392,-35.2278252411717],[149.034437571311,-35.2275860721689],[149.033894650334,-35.2273071372579],[149.03338332364,-35.226990546687],[149.03290745926,-35.2266386955663],[149.032470656801,-35.2262542457382],[149.03207622022,-35.2258401056306],[149.031727132832,-35.2253994082436],[149.031426034748,-35.2249354874392],[149.030983485957,-35.2241757103222],[149.030725615278,-35.2237761300116],[149.030428579446,-35.2233953018913],[149.030094390574,-35.2230358050257],[149.029725312296,-35.2227000739888],[149.029323844427,-35.2223903823837],[149.028892706036,-35.222108827451],[149.028434817026,-35.2218573158732],[149.027953278368,-35.2216375508677],[149.024769131352,-35.2203220340071],[149.024007288513,-35.220039245039],[149.02321942339,-35.2198094393321],[149.022410996415,-35.2196342096012],[149.02158761041,-35.2195147703186],[149.020754971788,-35.2194519493038],[149.01991885104,-35.2194461819888],[149.019456095191,-35.2194588059062],[149.019123052659,-35.2168609497712],[149.019108883145,-35.2166746449164],[149.019114030568,-35.2164880253234],[149.01913845766,-35.216302437426],[149.019181988052,-35.2161192202053],[149.019244307553,-35.2159396955295],[149.019324966424,-35.2157651586171],[149.01942338262,-35.215596868693],[149.019538845996,-35.215436039904],[149.019798165528,-35.215130755913],[149.020082070524,-35.2148405781984],[149.020389258347,-35.2145668379061],[149.020718319594,-35.2143107907638],[149.02096295158,-35.2141455978978],[149.021221579013,-35.2139954488739],[149.021492831154,-35.2138611394412],[149.021775270378,-35.2137433813985],[149.022067399792,-35.2136427988232],[149.023046958881,-35.2133394393613],[149.023506972569,-35.2131787806016],[149.023949170969,-35.2129873744334],[149.024370509173,-35.2127665389264],[149.024768085988,-35.2125177947917],[149.025139163923,-35.2122428549051],[149.025481188033,-35.2119436125068],[149.025791803516,-35.2116221281591],[149.026068871924,-35.2112806155528],[149.026310485881,-35.2109214262587],[149.026514982206,-35.2105470335309],[149.02668095336,-35.2101600152724],[149.026807257118,-35.2097630362813],[149.026893024424,-35.2093588298994],[149.02693766536,-35.2089501791904],[149.026940873189,-35.2085398977759],[149.026889336617,-35.2073347221033],[149.026893455564,-35.206869535876],[149.026945507056,-35.2064063031541],[149.027045117107,-35.2059483449932],[149.027191570794,-35.2054989445784],[149.028639026318,-35.2059827935655],[149.030127957586,-35.2063727684774],[149.031649341233,-35.2066665060217],[149.031707813554,-35.2066758406071],[149.032444528527,-35.2068185603779],[149.033165138761,-35.2070087714699],[149.033865107557,-35.2072452763669],[149.034540028067,-35.2075265861022],[149.03518565102,-35.2078509296262],[149.035797911455,-35.2082162649479],[149.035824351125,-35.2082333980664],[149.036197926277,-35.2084965003573],[149.036544085723,-35.2087837545641],[149.036860518455,-35.209093243166],[149.03714511183,-35.2094229002009],[149.037395965675,-35.2097705250517],[149.037611404979,-35.2101337971318],[149.037789991081,-35.2105102913717],[149.037930531282,-35.210897494404],[149.038032086825,-35.2112928213384],[149.03808424986,-35.2115469053755],[149.038252459402,-35.2121946267129],[149.038487939951,-35.2128280712664],[149.03878894714,-35.2134425425796],[149.039153250629,-35.2140334847687],[149.039578150608,-35.2145965163118],[149.040060497778,-35.2151274625494],[149.040596716687,-35.2156223866512]]]},"properties":{"OBJECTID":309,"ID":25,"DIVISION_CODE":566,"DIVISION_NAME":"LATHAM","LAST_UPDATE_DATE":"Fri, 19 Feb 1999 09:47:11 GMT","DIVISION_SHORT":"LATH","GlobalID":"db8e295c-6f48-407d-9704-3d95e55a9026"}},{"type":"Feature","id":310,"geometry":{"type":"Polygon","coordinates":[[[149.03111565331,-35.2244026194533],[149.031426034748,-35.2249354874392],[149.031727132832,-35.2253994082436],[149.03207622022,-35.2258401056306],[149.032470656801,-35.2262542457382],[149.03290745926,-35.2266386955663],[149.03338332364,-35.226990546687],[149.033894650334,-35.2273071372579],[149.034437571311,-35.2275860721689],[149.035007979392,-35.2278252411717],[149.034790987043,-35.2283408443201],[149.03462454826,-35.2288689518453],[149.034509714026,-35.2294062321773],[149.034447209822,-35.2299492958119],[149.034228658824,-35.2332402142629],[149.034173169671,-35.2337073157454],[149.034069295168,-35.2341688273861],[149.033917792491,-35.2346213814314],[149.033719766417,-35.2350616754368],[149.033476661281,-35.2354864963694],[149.033190250461,-35.2358927440591],[149.032862623453,-35.236277453828],[149.032496170633,-35.2366378181314],[149.032252784,-35.2368573720159],[149.031818483314,-35.2372764246054],[149.03141921824,-35.2377183122111],[149.031056767826,-35.2381810665401],[149.030732747219,-35.2386626263159],[149.029158789914,-35.2411982413784],[149.028970226906,-35.2415189493545],[149.028798725052,-35.2418460402288],[149.0286446047,-35.2421789034322],[149.025524823928,-35.2391690514045],[149.025166464067,-35.2388026287688],[149.024834140009,-35.238420046876],[149.024528931566,-35.2380225492498],[149.022992496847,-35.2358889301056],[149.022559093486,-35.2353382937455],[149.022073729225,-35.2348176573902],[149.021539474929,-35.2343303140932],[149.020959710513,-35.2338793462785],[149.020338103556,-35.2334676062562],[149.019678586102,-35.2330976981933],[149.018985329797,-35.2327719616544],[149.01826271951,-35.2324924568153],[149.017515325618,-35.2322609514426],[149.016747875118,-35.2320789097214],[149.017777179449,-35.2293610347654],[149.017807854635,-35.2292874538844],[149.017843555619,-35.2292154153525],[149.017884167957,-35.2291451500743],[149.018561629021,-35.2280539395349],[149.018797863273,-35.2281500985403],[149.019042588912,-35.2282307022094],[149.019294287421,-35.228295250397],[149.019551397004,-35.228343342582],[149.019812322281,-35.2283746803537],[149.020075444187,-35.2283890692641],[149.020339130026,-35.228386420034],[149.020601743601,-35.2283667491079],[149.024993776573,-35.2278939368615],[149.025248343858,-35.2278582837403],[149.025498804184,-35.2278066352741],[149.025743667083,-35.2277392988251],[149.025981475406,-35.2276566751131],[149.026210814001,-35.2275592558292],[149.026430318131,-35.2274476207098],[149.026638681599,-35.2273224340849],[149.026834664523,-35.2271844409243],[149.029451398263,-35.2251930600441],[149.029642987247,-35.2250579203989],[149.029846450105,-35.2249350213215],[149.030060628055,-35.2248250627232],[149.030284301311,-35.2247286708155],[149.03111565331,-35.2244026194533]]]},"properties":{"OBJECTID":310,"ID":22,"DIVISION_CODE":567,"DIVISION_NAME":"HIGGINS","LAST_UPDATE_DATE":"Fri, 19 Feb 1999 09:47:11 GMT","DIVISION_SHORT":"HIGG","GlobalID":"60899be2-1389-4355-b544-0bb62dcce9f4"}},{"type":"Feature","id":311,"geometry":{"type":"Polygon","coordinates":[[[149.03111565331,-35.2244026194533],[149.030284301311,-35.2247286708155],[149.030060628055,-35.2248250627232],[149.029846450105,-35.2249350213215],[149.029642987247,-35.2250579203989],[149.029451398263,-35.2251930600441],[149.026834664523,-35.2271844409243],[149.026638681599,-35.2273224340849],[149.026430318131,-35.2274476207098],[149.026210814001,-35.2275592558292],[149.025981475406,-35.2276566751131],[149.025743667083,-35.2277392988251],[149.025498804184,-35.2278066352741],[149.025248343858,-35.2278582837403],[149.024993776573,-35.2278939368615],[149.020601743601,-35.2283667491079],[149.020339130026,-35.228386420034],[149.020075444187,-35.2283890692641],[149.019812322281,-35.2283746803537],[149.019551397004,-35.228343342582],[149.019294287421,-35.228295250397],[149.019042588912,-35.2282307022094],[149.018797863273,-35.2281500985403],[149.018561629021,-35.2280539395349],[149.017884167957,-35.2291451500743],[149.017843555619,-35.2292154153525],[149.017807854635,-35.2292874538844],[149.017777179449,-35.2293610347654],[149.016747875118,-35.2320789097214],[149.015097392912,-35.2317513037636],[149.014138030611,-35.2315401848288],[149.013192565141,-35.2312904066136],[149.012263309298,-35.2310025801073],[149.009185742786,-35.2299772504364],[149.008803247239,-35.2298643787731],[149.008410880182,-35.229777257733],[149.008011211856,-35.22971645802],[149.007606860311,-35.2296823779181],[149.007200474262,-35.2296752406835],[149.006794715751,-35.2296950930825],[149.003263702819,-35.2299858517644],[149.002815952954,-35.2301072444679],[148.999830288074,-35.230004368751],[148.998144294308,-35.2301967281761],[148.997420655056,-35.2281262095119],[148.995922297279,-35.2269151171916],[148.996289267276,-35.2265391063014],[148.996678633004,-35.2261785811816],[148.997089425136,-35.2258344390772],[148.997919965197,-35.2221398459647],[148.999083555719,-35.2211915563495],[148.99981369708,-35.2169919966443],[149.00018959424,-35.2172314674726],[149.000691107568,-35.217682532054],[149.001080481942,-35.21790534687],[149.001548665185,-35.2179696732177],[149.002634688893,-35.2179195217428],[149.003609458015,-35.2178165836305],[149.007587016543,-35.2180831583867],[149.008731310709,-35.2181924681104],[149.009863735338,-35.2183661047865],[149.010978928076,-35.2186032461126],[149.011880163324,-35.2188223039101],[149.01344283616,-35.2191467551423],[149.015032189883,-35.2193673065235],[149.016637981678,-35.2194825368758],[149.018249862638,-35.2194917037827],[149.01991885104,-35.2194461819888],[149.020754971788,-35.2194519493038],[149.02158761041,-35.2195147703186],[149.022410996415,-35.2196342096012],[149.02321942339,-35.2198094393321],[149.024007288513,-35.220039245039],[149.024769131352,-35.2203220340071],[149.027953278368,-35.2216375508677],[149.028434817026,-35.2218573158731],[149.028892706036,-35.222108827451],[149.029323844427,-35.2223903823836],[149.029725312296,-35.2227000739888],[149.030094390574,-35.2230358050256],[149.030428579446,-35.2233953018913],[149.030725615278,-35.2237761300115],[149.030983485957,-35.2241757103222],[149.03111565331,-35.2244026194533]]]},"properties":{"OBJECTID":311,"ID":23,"DIVISION_CODE":568,"DIVISION_NAME":"HOLT","LAST_UPDATE_DATE":"Fri, 19 Feb 1999 09:47:11 GMT","DIVISION_SHORT":"HOLT","GlobalID":"8eefacc7-dd86-43d9-81e3-d3503d966115"}},{"type":"Feature","id":312,"geometry":{"type":"Polygon","coordinates":[[[149.007471258621,-35.1982558209922],[149.013503722361,-35.2054961154109],[149.020572698955,-35.201526844089],[149.021727872148,-35.2024950151018],[149.022976064811,-35.2033820107428],[149.024308838368,-35.2041818325627],[149.025717181434,-35.2048890715131],[149.027191570794,-35.2054989445784],[149.027045117107,-35.2059483449932],[149.026945507056,-35.2064063031541],[149.026893455564,-35.206869535876],[149.026889336617,-35.2073347221033],[149.026940873189,-35.2085398977759],[149.02693766536,-35.2089501791904],[149.026893024424,-35.2093588298994],[149.026807257118,-35.2097630362813],[149.02668095336,-35.2101600152724],[149.026514982206,-35.2105470335309],[149.026310485881,-35.2109214262587],[149.026068871924,-35.2112806155528],[149.025791803516,-35.2116221281591],[149.025481188033,-35.2119436125068],[149.025139163923,-35.2122428549051],[149.024768085988,-35.2125177947917],[149.024370509173,-35.2127665389264],[149.023949170969,-35.2129873744334],[149.023506972569,-35.2131787806016],[149.023046958881,-35.2133394393613],[149.022067399792,-35.2136427988232],[149.021775270378,-35.2137433813985],[149.021492831154,-35.2138611394412],[149.021221579013,-35.2139954488739],[149.02096295158,-35.2141455978978],[149.020718319594,-35.2143107907638],[149.020389258347,-35.2145668379061],[149.020082070524,-35.2148405781983],[149.019798165528,-35.215130755913],[149.019538845996,-35.215436039904],[149.01942338262,-35.215596868693],[149.019324966424,-35.2157651586171],[149.019244307553,-35.2159396955295],[149.019181988052,-35.2161192202053],[149.01913845766,-35.216302437426],[149.019114030568,-35.2164880253234],[149.019108883145,-35.2166746449164],[149.019123052659,-35.2168609497712],[149.019456095191,-35.2194588059062],[149.018249862638,-35.2194917037827],[149.016637981678,-35.2194825368758],[149.015032189883,-35.2193673065235],[149.01344283616,-35.2191467551423],[149.011880163324,-35.2188223039101],[149.010978928076,-35.2186032461126],[149.009863735338,-35.2183661047865],[149.008731310709,-35.2181924681104],[149.007587016543,-35.2180831583867],[149.003609458015,-35.2178165836305],[149.002634688893,-35.2179195217428],[149.001548665185,-35.2179696732177],[149.001080481942,-35.21790534687],[149.000691107568,-35.217682532054],[149.00018959424,-35.2172314674726],[148.99981369708,-35.2169919966443],[148.999388888024,-35.2168817605516],[148.99854858981,-35.2167795048681],[148.996819303084,-35.2052094124176],[149.007471258621,-35.1982558209922]]]},"properties":{"OBJECTID":312,"ID":595,"DIVISION_CODE":569,"DIVISION_NAME":"MACGREGOR","LAST_UPDATE_DATE":"Thu, 03 May 2007 14:56:29 GMT","DIVISION_SHORT":"MACG","GlobalID":"3a9a76be-1a51-4763-92cc-4b75c487e19d"}},{"type":"Feature","id":313,"geometry":{"type":"Polygon","coordinates":[[[149.034194102979,-35.2073754973843],[149.033596131062,-35.2071480615566],[149.032980454904,-35.2069550541843],[149.032350012824,-35.2067973963935],[149.031707813554,-35.2066758406071],[149.031649341233,-35.2066665060217],[149.03016144313,-35.2063803483867],[149.028704377972,-35.2060021364931],[149.027286588176,-35.2055340616781],[149.025916288225,-35.2049788359503],[149.024601416998,-35.2043396762529],[149.023349591724,-35.2036202857964],[149.024066650722,-35.2028617568042],[149.024090603489,-35.2017627612049],[149.024102163854,-35.2014676244438],[149.024905510586,-35.199005205431],[149.028445644349,-35.1985366413856],[149.028441886736,-35.1984049859239],[149.02845171653,-35.1982735417489],[149.028475063136,-35.1981432519853],[149.028511758976,-35.1980150514703],[149.028561540694,-35.1978898600462],[149.028624051045,-35.1977685759607],[149.028698841465,-35.1976520694222],[149.028785375284,-35.1975411763568],[149.028883031583,-35.1974366924106],[149.028991109649,-35.1973393672417],[149.029152475756,-35.1971951284671],[149.029299781606,-35.1970410861329],[149.029432146473,-35.1968781613317],[149.029548778986,-35.1967073282624],[149.029648981853,-35.1965296084042],[149.02973215604,-35.1963460644079],[149.029768860262,-35.1962543617198],[149.029863401938,-35.1960483762574],[149.029979080383,-35.1958497913663],[149.030115045972,-35.1956600653312],[149.030270300123,-35.1954805913725],[149.030443702635,-35.1953126874164],[149.030633980062,-35.1951575864188],[149.030839735064,-35.1950164273132],[149.030943396555,-35.1949564449032],[149.031052475422,-35.1949033290991],[149.031166298129,-35.1948574078734],[149.031284161848,-35.1948189647735],[149.031405338807,-35.1947882371714],[149.031529080775,-35.1947654147984],[149.03165462369,-35.1947506385731],[149.031781192366,-35.1947439997323],[149.03190800529,-35.1947455392671],[149.032228256414,-35.1937967551798],[149.032324418249,-35.1938017367864],[149.032420714926,-35.1938044440335],[149.03251706663,-35.1938048746776],[149.036328713513,-35.1937767815312],[149.036413039156,-35.193774815562],[149.036497208506,-35.1937701669013],[149.036581094954,-35.193762842542],[149.03795897901,-35.193620299651],[149.038475710909,-35.1935853018042],[149.038994194724,-35.1935869094708],[149.0395105896,-35.1936251107176],[149.040021070156,-35.1936996225312],[149.040521854802,-35.1938098929136],[149.041754711953,-35.1941286295044],[149.041679685324,-35.1943148351158],[149.041621034525,-35.1945049604481],[149.041579058634,-35.1946980363784],[149.041553971734,-35.194893078737],[149.041543553552,-35.1951629688138],[149.041558008392,-35.195432733513],[149.041597253851,-35.1957008304168],[149.041633623142,-35.1958484237785],[149.041685013018,-35.1959929768131],[149.041751058063,-35.1961334614359],[149.041831288626,-35.1962688784921],[149.041925134154,-35.196398264864],[149.042031927254,-35.1965207003215],[149.042150908435,-35.1966353140676],[149.042281231512,-35.1967412909326],[149.042421969619,-35.1968378771725],[149.042572121807,-35.1969243858306],[149.042730620158,-35.197000201624],[149.042896337382,-35.1970647853208],[149.043635774154,-35.1973221837609],[149.043764185654,-35.1973722682985],[149.043886954357,-35.1974311196378],[149.044003194029,-35.1974983129512],[149.04411206556,-35.1975733631926],[149.044212783024,-35.1976557285984],[149.044304619348,-35.1977448145975],[149.044386911564,-35.1978399781035],[149.044459065593,-35.1979405321559],[149.044520560536,-35.1980457508791],[149.044570952432,-35.1981548747218],[149.044609877469,-35.1982671159394],[149.044637054605,-35.1983816642805],[149.044652287603,-35.1984976928358],[149.044655466446,-35.1986143640068],[149.044646568135,-35.1987308355529],[149.044625656855,-35.1988462666706],[149.044592883513,-35.1989598240639],[149.044548484651,-35.1990706879598],[149.04449278074,-35.1991780580262],[149.044426173866,-35.1992811591497],[149.044349144829,-35.1993792470321],[149.044262249677,-35.1994716135634],[149.044166115685,-35.1995575919342],[149.043509783943,-35.2000966974851],[149.043367545585,-35.2002237518726],[149.043238758036,-35.2003601300616],[149.043124324674,-35.2005048755079],[149.043025048209,-35.2006569729749],[149.042941625053,-35.2008153556525],[149.042654029523,-35.2014309353683],[149.042597276506,-35.2015395091455],[149.042530361169,-35.2016441110842],[149.042453692649,-35.201744101561],[149.042367739727,-35.2018388691487],[149.042273027962,-35.201927834355],[149.042170136478,-35.2020104531664],[149.042059694422,-35.202086220375],[149.04194237712,-35.2021546726687],[149.041818901944,-35.202215391464],[149.040486367208,-35.202813822723],[149.040350472108,-35.2028812597895],[149.04022216392,-35.2029580595616],[149.040102397569,-35.2030436504773],[149.03999206442,-35.2031373955464],[149.03989198564,-35.2032385970907],[149.039802906089,-35.2033465019358],[149.03932874613,-35.203977893448],[149.039227859493,-35.2041005453641],[149.039114944716,-35.2042159189199],[149.038990777392,-35.2043232215795],[149.038856210422,-35.2044217162451],[149.038712168157,-35.2045107263211],[149.038559640047,-35.2045896403623],[149.038399673843,-35.204657916275],[149.038233368402,-35.2047150850415],[149.038061866136,-35.2047607539426],[149.037886345161,-35.2047946092555],[149.037048142919,-35.204926463334],[149.036795271891,-35.2049756084205],[149.036548501994,-35.2050424582059],[149.036309669564,-35.2051265152379],[149.03607947439,-35.2052271284764],[149.035860117507,-35.2053429104015],[149.035653079305,-35.2054730796574],[149.035459757063,-35.2056167577904],[149.035281455514,-35.2057729751756],[149.035119378047,-35.2059406775591],[149.034974618577,-35.2061187331712],[149.034848154168,-35.2063059403634],[149.034194102979,-35.2073754973843]]]},"properties":{"OBJECTID":313,"ID":13,"DIVISION_CODE":570,"DIVISION_NAME":"CHARNWOOD","LAST_UPDATE_DATE":"Fri, 19 Feb 1999 09:47:11 GMT","DIVISION_SHORT":"CHAR","GlobalID":"7949ac48-f17a-4e30-8d7d-b7ba6f6a0fb6"}},{"type":"Feature","id":314,"geometry":{"type":"Polygon","coordinates":[[[149.052209247904,-35.2008689680599],[149.05338101642,-35.2011554213588],[149.052842996424,-35.2022876166529],[149.051778785637,-35.2026861498924],[149.051392992048,-35.2023875656237],[149.05139787123,-35.2023782235735],[149.051401765582,-35.2023685749961],[149.051404646932,-35.2023586896914],[149.051406494436,-35.2023486391714],[149.051407294729,-35.2023384961434],[149.051407042022,-35.2023283339841],[149.051405738144,-35.2023182262082],[149.051403392527,-35.2023082459373],[149.049894115268,-35.2026023923489],[149.049951032985,-35.2027695002211],[149.050023835786,-35.2029324014286],[149.050112069901,-35.2030900804238],[149.050215185349,-35.2032415542094],[149.050332539366,-35.2033858784675],[149.050463400411,-35.2035221534476],[149.050606952723,-35.2036495295762],[149.050762301409,-35.2037672127542],[149.051076919554,-35.2039873189528],[149.05092073154,-35.204149734328],[149.050779880169,-35.2043213380133],[149.050655164618,-35.2045011564719],[149.050547292537,-35.2046881695563],[149.050310194535,-35.2051427326671],[149.050185061059,-35.205356603281],[149.050037909483,-35.2055608139197],[149.049869837349,-35.2057538412303],[149.049682098289,-35.2059342452727],[149.04947609267,-35.2061006802635],[149.049253357158,-35.206251904617],[149.048692935977,-35.2066000655404],[149.048493989917,-35.2067350423674],[149.048309852546,-35.2068835022953],[149.04814187591,-35.2070443553171],[149.047991293422,-35.2072164204274],[149.047859210803,-35.2073984342913],[149.047746597968,-35.2075890605188],[149.047654281895,-35.2077868994758],[149.047582940555,-35.2079904985592],[149.047533097923,-35.208198362862],[149.047505120136,-35.2084089661483],[149.047499212791,-35.2086207620593],[149.047515419435,-35.2088321954673],[149.04755362124,-35.2090417138945],[149.047613537869,-35.2092477789127],[149.04769472953,-35.2094488774396],[149.047979842341,-35.210065244384],[149.048059988398,-35.2102633278998],[149.048119491746,-35.2104662536003],[149.048157928156,-35.2106725752489],[149.048175023533,-35.2108808223953],[149.048170655874,-35.2110895108555],[149.048144856143,-35.211297153289],[149.048097808055,-35.211502269799],[149.048029846771,-35.2117033984804],[149.047941456513,-35.211899105839],[149.047833267118,-35.2120879970094],[149.047706049554,-35.2122687256974],[149.047560710425,-35.2124400037762],[149.047398285513,-35.212600610469],[149.046455299473,-35.2134567502519],[149.046215306326,-35.2136929763393],[149.045999080272,-35.2139441853465],[149.045808004338,-35.2142087707593],[149.045643300751,-35.2144850405024],[149.045017652053,-35.2156503293382],[149.044712232199,-35.2161692061861],[149.044363371852,-35.2166692985416],[149.043972776108,-35.2171481609936],[149.043542354242,-35.2176034518981],[149.042507537277,-35.2170116477884],[149.041531209082,-35.2163563296401],[149.040619143902,-35.2156413740135],[149.040596716687,-35.2156223866512],[149.040060497778,-35.2151274625494],[149.039578150608,-35.2145965163118],[149.039153250629,-35.2140334847687],[149.03878894714,-35.2134425425796],[149.038487939951,-35.2128280712664],[149.038252459402,-35.2121946267129],[149.03808424986,-35.2115469053755],[149.038032086825,-35.2112928213384],[149.037930531282,-35.210897494404],[149.037789991081,-35.2105102913717],[149.037611404979,-35.2101337971318],[149.037395965675,-35.2097705250517],[149.03714511183,-35.2094229002009],[149.036860518455,-35.209093243166],[149.036544085723,-35.2087837545641],[149.036197926277,-35.2084965003573],[149.035824351125,-35.2082333980664],[149.035797911455,-35.2082162649479],[149.03528646305,-35.2079069702965],[149.034751068784,-35.2076262995738],[149.034194102979,-35.2073754973843],[149.034848154168,-35.2063059403634],[149.034974618577,-35.2061187331712],[149.035119378047,-35.2059406775591],[149.035281455514,-35.2057729751756],[149.035459757063,-35.2056167577904],[149.035653079305,-35.2054730796573],[149.035860117507,-35.2053429104015],[149.03607947439,-35.2052271284765],[149.036309669564,-35.2051265152379],[149.036548501994,-35.2050424582059],[149.036795271891,-35.2049756084205],[149.037048142919,-35.204926463334],[149.037886345161,-35.2047946092555],[149.038061866136,-35.2047607539426],[149.038233368402,-35.2047150850415],[149.038399673843,-35.204657916275],[149.038559640047,-35.2045896403623],[149.038712168157,-35.2045107263211],[149.038856210422,-35.2044217162451],[149.038990777392,-35.2043232215795],[149.039114944716,-35.2042159189199],[149.039227859493,-35.2041005453641],[149.03932874613,-35.203977893448],[149.039802906089,-35.2033465019358],[149.03989198564,-35.2032385970907],[149.03999206442,-35.2031373955464],[149.040102397569,-35.2030436504773],[149.04022216392,-35.2029580595616],[149.040350472108,-35.2028812597895],[149.040486367208,-35.202813822723],[149.041818901944,-35.202215391464],[149.04194237712,-35.2021546726687],[149.042059694422,-35.202086220375],[149.042170136478,-35.2020104531664],[149.042273027962,-35.201927834355],[149.042367739727,-35.2018388691487],[149.042453692649,-35.201744101561],[149.042530361169,-35.2016441110842],[149.042597276506,-35.2015395091455],[149.042654029523,-35.2014309353683],[149.042941625053,-35.2008153556525],[149.043025048209,-35.2006569729749],[149.043124324674,-35.2005048755079],[149.043238758036,-35.2003601300616],[149.043367545585,-35.2002237518726],[149.043509783943,-35.2000966974851],[149.044166115685,-35.1995575919342],[149.044262249677,-35.1994716135634],[149.044349144829,-35.1993792470321],[149.044426173866,-35.1992811591497],[149.04449278074,-35.1991780580262],[149.044548484651,-35.1990706879598],[149.044592883513,-35.1989598240639],[149.044625656855,-35.1988462666706],[149.044646568135,-35.1987308355529],[149.044655466446,-35.1986143640068],[149.044652287603,-35.1984976928358],[149.044637054605,-35.1983816642805],[149.044609877469,-35.1982671159394],[149.044570952432,-35.1981548747218],[149.044520560536,-35.1980457508791],[149.044459065593,-35.1979405321559],[149.044386911564,-35.1978399781035],[149.044304619348,-35.1977448145975],[149.044212783024,-35.1976557285984],[149.04411206556,-35.1975733631926],[149.044003194029,-35.1974983129512],[149.043886954357,-35.1974311196378],[149.043764185654,-35.1973722682985],[149.043635774154,-35.1973221837609],[149.042896337382,-35.1970647853208],[149.042730620158,-35.197000201624],[149.042572121807,-35.1969243858306],[149.042421969619,-35.1968378771725],[149.042281231512,-35.1967412909326],[149.042150908435,-35.1966353140676],[149.042031927254,-35.1965207003215],[149.041925134154,-35.196398264864],[149.041831288626,-35.1962688784921],[149.041751058063,-35.1961334614359],[149.041685013018,-35.1959929768131],[149.041633623142,-35.1958484237785],[149.041597253851,-35.1957008304168],[149.041569164864,-35.1955285824649],[149.041551317641,-35.1953554167353],[149.041543754379,-35.1951817433175],[149.046684673395,-35.1947193237183],[149.047621388502,-35.1949837595474],[149.048586553359,-35.1949001759563],[149.048897077546,-35.1951733070585],[149.048701383711,-35.1953232253388],[149.048692193731,-35.1953297690106],[149.048682448821,-35.1953357472527],[149.048672200497,-35.1953411284611],[149.048661502937,-35.195345884188],[149.048650412693,-35.1953499892921],[149.048638988395,-35.1953534220718],[149.048480125685,-35.1953958504798],[149.048484590451,-35.1954032815603],[149.048488394077,-35.1954109564849],[149.048491516952,-35.1954188356796],[149.048493942973,-35.1954268785174],[149.048495659631,-35.1954350435274],[149.048513669842,-35.1954302329435],[149.048521609173,-35.1954284050044],[149.04852970446,-35.1954271180271],[149.048537901101,-35.1954263806925],[149.048546143807,-35.195426197974],[149.04855437698,-35.195426571104],[149.048562545084,-35.1954274975659],[149.048570593026,-35.1954289711103],[149.048578466518,-35.1954309817979],[149.048586112454,-35.1954335160663],[149.04859347926,-35.1954365568211],[149.048600517244,-35.1954400835521],[149.048607178936,-35.1954440724705],[149.048613419399,-35.1954484966704],[149.048619196541,-35.1954533263095],[149.050035218352,-35.1967386961605],[149.049577959519,-35.1974414109545],[149.050383762609,-35.1982290300871],[149.050395044019,-35.1982249212219],[149.050406708883,-35.1982216114965],[149.05041867336,-35.1982191246998],[149.050430851454,-35.1982174787056],[149.050443155634,-35.1982166853447],[149.050455497464,-35.1982167503194],[149.050467788234,-35.1982176731627],[149.050479939605,-35.1982194472416],[149.050491864238,-35.1982220598047],[149.050503476423,-35.198225492074],[149.050514692697,-35.19822971938],[149.050525432443,-35.1982347113384],[149.050535618467,-35.1982404320694],[149.050545177557,-35.1982468404545],[149.050554041006,-35.1982538904332],[149.050562145107,-35.1982615313332],[149.050569431611,-35.1982697082348],[149.050575848145,-35.1982783623659],[149.05058134859,-35.1982874315244],[149.05058589341,-35.1982968505247],[149.05058944994,-35.1983065516671],[149.050591992614,-35.1983164652238],[149.050593503159,-35.1983265199401],[149.050593970715,-35.1983366435468],[149.050593391923,-35.1983467632795],[149.050591770941,-35.1983568064016],[149.051678940889,-35.1993032697809],[149.052055592629,-35.1996714001936],[149.051915967951,-35.2003970124567],[149.052209247904,-35.2008689680599]]]},"properties":{"OBJECTID":314,"ID":18,"DIVISION_CODE":571,"DIVISION_NAME":"FLYNN","LAST_UPDATE_DATE":"Fri, 19 Feb 1999 09:47:11 GMT","DIVISION_SHORT":"FLYN","GlobalID":"654a48ff-0be7-4cbc-9b38-4b1c36951bc9"}},{"type":"Feature","id":315,"geometry":{"type":"Polygon","coordinates":[[[149.052842996424,-35.2022876166529],[149.05338101642,-35.2011554213588],[149.054108935874,-35.2011551543211],[149.054837082052,-35.2010655548354],[149.055115325023,-35.2009083869155],[149.056663936353,-35.2009632894571],[149.058185788306,-35.2004695552091],[149.058758498449,-35.2007721145875],[149.059659626771,-35.2007703807152],[149.059663434175,-35.200770433047],[149.05966723645,-35.2007706034534],[149.059671028162,-35.2007708916911],[149.061291453871,-35.2009197175881],[149.061319699359,-35.2009233195576],[149.061347467338,-35.2009288868328],[149.061374555228,-35.2009363787978],[149.061400765408,-35.2009457407952],[149.061918546953,-35.201152700398],[149.061942541513,-35.2011633040203],[149.061965405543,-35.2011754747949],[149.06198698746,-35.2011891320326],[149.062007144179,-35.2012041851894],[149.062025742067,-35.2012205344664],[149.062209918518,-35.2013962738274],[149.062214948648,-35.2014014845167],[149.06221945062,-35.2014070110999],[149.062223395128,-35.2014128175995],[149.062226756492,-35.2014188662156],[149.062229512831,-35.2014251175725],[149.062247742865,-35.2014723259144],[149.062570029102,-35.201535427195],[149.062500129038,-35.2017374966879],[149.062409583133,-35.2019339664731],[149.062299044888,-35.2021234182431],[149.062169312138,-35.2023044843432],[149.062021321306,-35.2024758576452],[149.061856140638,-35.2026363009854],[149.061674962499,-35.2027846560968],[149.061454817713,-35.202936462926],[149.061219609985,-35.2030722000727],[149.06097107534,-35.2031908656382],[149.060711048198,-35.2032915837264],[149.060441447831,-35.2033736109111],[149.060164264194,-35.2034363417246],[149.059881543234,-35.2034793131282],[149.059934124475,-35.2037164481835],[149.060009565769,-35.2039493890142],[149.060107387294,-35.2041766534789],[149.060226966813,-35.2043967955422],[149.060367543631,-35.204608414476],[149.060528223427,-35.2048101637739],[149.060707983946,-35.2050007597199],[149.060816522212,-35.205098561135],[149.060934267451,-35.2051889028931],[149.061060461115,-35.2052712029681],[149.061194290221,-35.2053449311407],[149.061334892587,-35.2054096124155],[149.061481362387,-35.2054648300812],[149.061632755989,-35.2055102283959],[149.061788098033,-35.2055455148791],[149.061946387716,-35.2055704621963],[149.062106605243,-35.2055849096243],[149.063174761893,-35.2056457428935],[149.063348835515,-35.205661942941],[149.063520526573,-35.205690533327],[149.063688528472,-35.205731296472],[149.063851562687,-35.2057839221595],[149.064008388492,-35.205848009897],[149.064157812402,-35.2059230719632],[149.064298697251,-35.2060085371191],[149.064429970848,-35.2061037549543],[149.064550634137,-35.2062080008368],[149.064659768798,-35.2063204814261],[149.064756544236,-35.2064403407107],[149.064840223905,-35.2065666665213],[149.064910170911,-35.2066984974724],[149.064965852864,-35.2068348302779],[149.065287520515,-35.2077535905224],[149.063270639805,-35.2082292399804],[149.063031996319,-35.20829448561],[149.062800816685,-35.2083758441339],[149.062578712725,-35.2084727483206],[149.062367233004,-35.2085845225507],[149.062167852027,-35.2087103875259],[149.061981959969,-35.2088494657015],[149.061810852976,-35.2090007874031],[149.061655724131,-35.209163297586],[149.061517655131,-35.2093358631899],[149.061397608749,-35.2095172810376],[149.061296422115,-35.2097062862227],[149.061214800877,-35.2099015609279],[149.061153314279,-35.2101017436123],[149.061112391186,-35.2103054385042],[149.060833343357,-35.2121786600465],[149.060802155212,-35.2123345482027],[149.060755480703,-35.2124878092774],[149.060693634758,-35.2126374088794],[149.060617034709,-35.2127823373239],[149.060526197472,-35.2129216164474],[149.060421736063,-35.2130543062102],[149.060304355463,-35.2131795110413],[149.060174847861,-35.2132963858841],[149.060034087305,-35.2134041419001],[149.059883023807,-35.2135020517947],[149.059722676929,-35.2135894547259],[149.059554128902,-35.2136657607659],[149.058778522844,-35.2139835185287],[149.058605776284,-35.2140609486856],[149.058440453442,-35.214148617438],[149.058283453666,-35.2142460478882],[149.058135631038,-35.2143527100341],[149.057997789728,-35.2144680236528],[149.057870679618,-35.2145913614561],[149.057088513147,-35.2154097020794],[149.056956565307,-35.2155374220585],[149.056813157808,-35.2156565323208],[149.056659122116,-35.2157663422304],[149.056495351335,-35.2158662150744],[149.056322795025,-35.2159555717553],[149.055531654272,-35.2163314811124],[149.055342572593,-35.2164299836158],[149.055163902344,-35.2165408051817],[149.054996832363,-35.2166632084569],[149.054842474316,-35.2167963790248],[149.054701855308,-35.2169394308232],[149.054575911044,-35.2170914120391],[149.054465479601,-35.2172513114402],[149.054371295854,-35.2174180651027],[149.054293986582,-35.2175905634897],[149.054234066295,-35.2177676588327],[149.054191933807,-35.2179481727683],[149.054167869585,-35.2181309041783],[149.054027417392,-35.2198523032803],[149.051298549602,-35.2197023297401],[149.049931436999,-35.2195797563574],[149.048581647419,-35.2193636196453],[149.047258673801,-35.2190554395287],[149.04597182025,-35.2186573832595],[149.044730136508,-35.218172250157],[149.043542354242,-35.2176034518981],[149.043972776108,-35.2171481609936],[149.044363371852,-35.2166692985416],[149.044712232199,-35.2161692061861],[149.045017652053,-35.2156503293382],[149.045643300751,-35.2144850405024],[149.045808004338,-35.2142087707593],[149.045999080272,-35.2139441853465],[149.046215306326,-35.2136929763393],[149.046455299473,-35.2134567502519],[149.047398285513,-35.212600610469],[149.047560710425,-35.2124400037762],[149.047706049554,-35.2122687256974],[149.047833267118,-35.2120879970094],[149.047941456513,-35.211899105839],[149.048029846771,-35.2117033984804],[149.048097808055,-35.211502269799],[149.048144856143,-35.211297153289],[149.048170655874,-35.2110895108555],[149.048175023533,-35.2108808223953],[149.048157928156,-35.2106725752489],[149.048119491746,-35.2104662536003],[149.048059988398,-35.2102633278998],[149.047979842341,-35.210065244384],[149.04769472953,-35.2094488774396],[149.047613537869,-35.2092477789127],[149.04755362124,-35.2090417138945],[149.047515419435,-35.2088321954673],[149.047499212791,-35.2086207620593],[149.047505120136,-35.2084089661483],[149.047533097923,-35.208198362862],[149.047582940555,-35.2079904985592],[149.047654281895,-35.2077868994758],[149.047746597968,-35.2075890605188],[149.047859210803,-35.2073984342913],[149.047991293422,-35.2072164204274],[149.04814187591,-35.2070443553171],[149.048309852546,-35.2068835022953],[149.048493989917,-35.2067350423674],[149.048692935977,-35.2066000655404],[149.049253357158,-35.206251904617],[149.04947609267,-35.2061006802634],[149.049682098289,-35.2059342452727],[149.049869837349,-35.2057538412303],[149.050037909483,-35.2055608139197],[149.050185061059,-35.205356603281],[149.050310194535,-35.2051427326671],[149.050547292537,-35.2046881695563],[149.050655164618,-35.2045011564719],[149.050779880169,-35.2043213380133],[149.05092073154,-35.204149734328],[149.051076919554,-35.2039873189528],[149.050762301409,-35.2037672127542],[149.050606952723,-35.2036495295762],[149.050463400411,-35.2035221534476],[149.050332539366,-35.2033858784675],[149.050215185349,-35.2032415542094],[149.050112069901,-35.2030900804238],[149.050023835786,-35.2029324014286],[149.049951032985,-35.2027695002211],[149.049894115268,-35.2026023923489],[149.051403392527,-35.2023082459373],[149.051405738144,-35.2023182262082],[149.051407042022,-35.2023283339841],[149.051407294729,-35.2023384961434],[149.051406494436,-35.2023486391714],[149.051404646932,-35.2023586896914],[149.051401765582,-35.2023685749961],[149.05139787123,-35.2023782235735],[149.051392992048,-35.2023875656237],[149.051778785637,-35.2026861498924],[149.052842996424,-35.2022876166529]]]},"properties":{"OBJECTID":315,"ID":30,"DIVISION_CODE":572,"DIVISION_NAME":"MELBA","LAST_UPDATE_DATE":"Fri, 19 Feb 1999 09:47:11 GMT","DIVISION_SHORT":"MELB","GlobalID":"fb51925a-0333-46c1-a37d-7f6823cf9a23"}},{"type":"Feature","id":316,"geometry":{"type":"Polygon","coordinates":[[[149.056194645392,-35.219971365358],[149.054027417392,-35.2198523032803],[149.054167869585,-35.2181309041783],[149.054191933807,-35.2179481727683],[149.054234066295,-35.2177676588327],[149.054293986582,-35.2175905634897],[149.054371295855,-35.2174180651028],[149.054465479601,-35.2172513114402],[149.054575911044,-35.2170914120392],[149.054701855308,-35.2169394308233],[149.054842474316,-35.2167963790248],[149.054996832363,-35.2166632084569],[149.055163902344,-35.2165408051817],[149.055342572593,-35.2164299836158],[149.055531654272,-35.2163314811124],[149.056322795025,-35.2159555717553],[149.056495351335,-35.2158662150744],[149.056659122116,-35.2157663422304],[149.056813157808,-35.2156565323208],[149.056956565307,-35.2155374220585],[149.057088513147,-35.2154097020794],[149.057870679618,-35.2145913614561],[149.057997789728,-35.2144680236528],[149.058135631038,-35.2143527100341],[149.058283453666,-35.2142460478882],[149.058440453442,-35.214148617438],[149.058605776284,-35.2140609486856],[149.058778522844,-35.2139835185287],[149.059554128902,-35.2136657607659],[149.059722676929,-35.2135894547259],[149.059883023807,-35.2135020517947],[149.060034087305,-35.2134041419001],[149.060174847861,-35.2132963858841],[149.060304355463,-35.2131795110413],[149.060421736063,-35.2130543062102],[149.060526197472,-35.2129216164474],[149.060617034709,-35.2127823373239],[149.060693634758,-35.2126374088794],[149.060755480703,-35.2124878092774],[149.060802155212,-35.2123345482027],[149.060833343357,-35.2121786600465],[149.061112391186,-35.2103054385042],[149.061153314279,-35.2101017436123],[149.061214800877,-35.2099015609279],[149.061296422115,-35.2097062862227],[149.061397608749,-35.2095172810376],[149.061517655131,-35.2093358631899],[149.061655724131,-35.209163297586],[149.061810852976,-35.2090007874031],[149.061981959969,-35.2088494657015],[149.062167852027,-35.2087103875259],[149.062367233004,-35.2085845225507],[149.062578712725,-35.2084727483206],[149.062800816685,-35.2083758441339],[149.063031996319,-35.20829448561],[149.063270639805,-35.2082292399804],[149.066647364379,-35.2074328708651],[149.066924985299,-35.2073569889195],[149.067193952,-35.2072624140986],[149.067452399717,-35.2071498021147],[149.067698536637,-35.2070199337314],[149.067930656324,-35.2068737093493],[149.068147149551,-35.206712142761],[149.068346515459,-35.2065363541213],[149.068527371959,-35.206347562179],[149.068688465314,-35.2061470758251],[149.068828678832,-35.205936285017],[149.068947040598,-35.2057166511405],[149.069042730217,-35.2054896968763],[149.069115084491,-35.2052569956426],[149.069163602012,-35.2050201606862],[149.069187946637,-35.2047808338971],[149.069187949808,-35.2045406744257],[149.06916361172,-35.2043013471808],[149.069115101306,-35.2040645112871],[149.069042755067,-35.2038318085844],[149.068763265005,-35.2030672176936],[149.068702278807,-35.2028755161901],[149.068658285816,-35.2026807052593],[149.06863151477,-35.2024837983335],[149.06862210481,-35.202285819742],[149.06863010476,-35.2020877993813],[149.068649832082,-35.2019449249271],[149.068684655172,-35.20180400539],[149.06873430893,-35.201666113242],[149.068798415391,-35.2015322979094],[149.068876486606,-35.2014035777868],[149.068967928354,-35.2012809324872],[149.069072044669,-35.2011652953867],[149.069188043138,-35.2010575465227],[149.069315040928,-35.2009585058964],[149.069452071512,-35.2008689272336],[149.06959809202,-35.200789492249],[149.069751991175,-35.2007208054592],[149.069912597755,-35.2006633895832],[149.070078689499,-35.200617681564],[149.070249002412,-35.2005840292453],[149.070422240382,-35.2005626887241],[149.070597085039,-35.2005538224023],[149.071738356501,-35.2005368881413],[149.071913279802,-35.2005289142125],[149.072086987916,-35.2005102325293],[149.07225850932,-35.2004809475778],[149.072426884726,-35.2004412231465],[149.07259117244,-35.2003912814099],[149.07275045364,-35.2003314016856],[149.072903837508,-35.2002619188717],[149.073644918928,-35.1998958862816],[149.074326509808,-35.2008256184577],[149.074623463974,-35.201195977955],[149.074955836939,-35.2015454765278],[149.075321464295,-35.20187183781],[149.075717964951,-35.2021729361115],[149.076142756646,-35.2024468102691],[149.076593072759,-35.202691676426],[149.07706598034,-35.202905939656],[149.077558399213,-35.2030882043567],[149.078820447792,-35.2035058909788],[149.079066660952,-35.2035970203248],[149.079303120427,-35.2037041476302],[149.079528286387,-35.2038265752914],[149.079740692528,-35.2039635060685],[149.080047215089,-35.2041968521322],[149.080329021943,-35.2044503213549],[149.080584158772,-35.2047221561372],[149.080810856142,-35.2050104715143],[149.08100754177,-35.2053132682231],[149.081172851437,-35.2056284465621],[149.081305638453,-35.205953820948],[149.081404981618,-35.206287135069],[149.081470191619,-35.2066260775288],[149.081500815822,-35.2069682978726],[149.08149664142,-35.207311422886],[149.081494262864,-35.2074903568192],[149.081509629533,-35.2076688563882],[149.081542639658,-35.2078457380935],[149.081593074484,-35.2080198291552],[149.08166059972,-35.2081899752888],[149.081744767752,-35.2083550483595],[149.081845020606,-35.2085139538624],[149.081960693649,-35.2086656381806],[149.082091019991,-35.2088090955715],[149.082235135571,-35.2089433748368],[149.082392084881,-35.2090675856301],[149.082560827308,-35.2091809043611],[149.082275047841,-35.209492634874],[149.082111899301,-35.2096875236197],[149.081969775025,-35.2098932051155],[149.081849728141,-35.2101081555259],[149.081752648228,-35.2103307823316],[149.081679254732,-35.2105594361272],[149.08140452376,-35.2115942727713],[149.081352576341,-35.2117558384377],[149.081283734237,-35.2119130928679],[149.081198517193,-35.2120648485988],[149.081097568613,-35.2122099596824],[149.080981650707,-35.2123473303399],[149.080851638737,-35.212475923237],[149.080708514406,-35.2125947673183],[149.08055335845,-35.2127029651406],[149.080387342473,-35.2127996996515],[149.080211720105,-35.2128842403599],[149.080027817529,-35.2129559488534],[149.079837023471,-35.2130142836203],[149.079640778707,-35.2130588041394],[149.079440565185,-35.2130891742077],[149.079237894829,-35.2131051644797],[149.079034298121,-35.2131066541999],[149.078831312542,-35.2130936321147],[149.075990757332,-35.2128090148345],[149.075644101401,-35.2127867195134],[149.075296394829,-35.2127891120784],[149.074950243027,-35.2128161746126],[149.074608239765,-35.212867704343],[149.074272947739,-35.2129433151594],[149.073946879375,-35.2130424405057],[149.073632478014,-35.2131643376243],[149.0733320996,-35.2133080931186],[149.07304799504,-35.213472629796],[149.07278229333,-35.2136567147357],[149.07253698561,-35.2138589685256],[149.07231391024,-35.2140778755955],[149.072114739025,-35.2143117955707],[149.071442938496,-35.2151784077644],[149.071288861283,-35.2153604972494],[149.07111739407,-35.2155317978018],[149.070929653479,-35.2156911937763],[149.070726862135,-35.2158376470526],[149.069619206474,-35.2165746666904],[149.069503534866,-35.2166584903731],[149.069396859007,-35.2167499971588],[149.069299934095,-35.2168485392653],[149.069213446309,-35.216953419104],[149.06913800795,-35.2170638942181],[149.069074153104,-35.217179182538],[149.069022333861,-35.2172984679166],[149.068982917116,-35.2174209059077],[149.068956181966,-35.2175456297426],[149.068942317736,-35.2176717564669],[149.068941422635,-35.2177983931905],[149.068953503061,-35.2179246434086],[149.06897847355,-35.2180496133486],[149.069016157386,-35.2181724182976],[149.069066287844,-35.2182921888656],[149.070041083128,-35.2203367577183],[149.070125208165,-35.2205011033294],[149.070219130099,-35.2206618356237],[149.070322619354,-35.2208185616212],[149.070465095872,-35.2210221457011],[149.070549952929,-35.2211560911438],[149.070620854103,-35.2212953936237],[149.070677302013,-35.2214390760558],[149.070718900648,-35.2215861306289],[149.070745358147,-35.2217355258738],[149.070756488849,-35.2218862138976],[149.070752214594,-35.2220371377342],[149.070732565278,-35.2221872387574],[149.070697678643,-35.2223354641069],[149.070647799316,-35.2224807740731],[149.070576995052,-35.2226582078538],[149.070116031752,-35.2225353566307],[149.069644112021,-35.2224447502095],[149.069164578941,-35.2223870304629],[149.065376356431,-35.2220639321066],[149.064479335115,-35.2219610125593],[149.06359340954,-35.2218063751041],[149.062723002597,-35.2216007917026],[149.061872459628,-35.2213452886571],[149.061046026702,-35.2210411414832],[149.061031289185,-35.2210351954831],[149.060110403981,-35.2206996168093],[149.059160451183,-35.2204239557043],[149.058187209445,-35.2202098890542],[149.057196598942,-35.2200587190668],[149.056194645392,-35.219971365358]]]},"properties":{"OBJECTID":316,"ID":16,"DIVISION_CODE":574,"DIVISION_NAME":"EVATT","LAST_UPDATE_DATE":"Fri, 19 Feb 1999 09:47:11 GMT","DIVISION_SHORT":"EVAT","GlobalID":"44af9453-75c3-4c2d-a939-d0ef0133b72e"}},{"type":"Feature","id":317,"geometry":{"type":"Polygon","coordinates":[[[149.086855785343,-35.2133195087241],[149.086664467928,-35.2137711611713],[149.086427155045,-35.2142078668344],[149.086145556728,-35.2146264775293],[149.085821702354,-35.2150239754672],[149.085457926023,-35.2153974950165],[149.085056849748,-35.2157443433678],[149.084621364559,-35.2160620199551],[149.082080652855,-35.2177624173088],[149.081615834979,-35.2181010823688],[149.081187219533,-35.2184705110065],[149.080797819983,-35.2188681063484],[149.080450374254,-35.2192910734804],[149.080147325464,-35.2197364390873],[149.079890804745,-35.2202010723463],[149.078992799536,-35.2220276597658],[149.078738721378,-35.2224915490785],[149.078441442116,-35.2229378165678],[149.078102762251,-35.2233637582983],[149.077724733229,-35.2237667934441],[149.077309645013,-35.2241444799319],[149.076860012223,-35.2244945292445],[149.076378558901,-35.2248148202943],[149.07586820201,-35.2251034122821],[149.075332033756,-35.225358556464],[149.074268124491,-35.225820390318],[149.073657789783,-35.2248749744102],[149.073423518692,-35.224545039572],[149.073157546091,-35.2242317049485],[149.072861609339,-35.223937016877],[149.072537641427,-35.2236628998984],[149.072187758342,-35.2234111441927],[149.071814245256,-35.2231833938919],[149.071419541593,-35.222981136347],[149.071006225107,-35.2228056924185],[149.070576995052,-35.2226582078538],[149.070647799316,-35.2224807740731],[149.070697678643,-35.2223354641069],[149.070732565278,-35.2221872387574],[149.070752214594,-35.2220371377342],[149.070756488849,-35.2218862138976],[149.070745358147,-35.2217355258738],[149.070718900648,-35.2215861306289],[149.070677302013,-35.2214390760558],[149.070620854103,-35.2212953936237],[149.070549952929,-35.2211560911438],[149.070465095872,-35.2210221457011],[149.070322619354,-35.2208185616212],[149.070219130099,-35.2206618356237],[149.070125208165,-35.2205011033294],[149.070041083128,-35.2203367577183],[149.069066287844,-35.2182921888656],[149.069016157386,-35.2181724182976],[149.06897847355,-35.2180496133486],[149.068953503061,-35.2179246434086],[149.068941422635,-35.2177983931905],[149.068942317736,-35.2176717564669],[149.068956181966,-35.2175456297426],[149.068982917116,-35.2174209059077],[149.069022333861,-35.2172984679166],[149.069074153104,-35.217179182538],[149.06913800795,-35.2170638942182],[149.069213446309,-35.216953419104],[149.069299934095,-35.2168485392652],[149.069396859007,-35.2167499971588],[149.069503534866,-35.2166584903731],[149.069619206474,-35.2165746666904],[149.070726862135,-35.2158376470526],[149.070929653479,-35.2156911937763],[149.07111739407,-35.2155317978018],[149.071288861283,-35.2153604972494],[149.071442938496,-35.2151784077644],[149.072114739025,-35.2143117955707],[149.07231391024,-35.2140778755955],[149.07253698561,-35.2138589685256],[149.07278229333,-35.2136567147357],[149.07304799504,-35.213472629796],[149.0733320996,-35.2133080931186],[149.073632478014,-35.2131643376243],[149.073946879375,-35.2130424405057],[149.074272947739,-35.2129433151594],[149.074608239765,-35.212867704343],[149.074950243027,-35.2128161746126],[149.075296394829,-35.2127891120784],[149.075644101401,-35.2127867195134],[149.075990757332,-35.2128090148345],[149.078831312542,-35.2130936321147],[149.079034298121,-35.2131066541999],[149.079237894829,-35.2131051644797],[149.079440565185,-35.2130891742077],[149.079640778707,-35.2130588041393],[149.079837023471,-35.2130142836202],[149.080027817529,-35.2129559488534],[149.080211720105,-35.2128842403599],[149.080387342473,-35.2127996996515],[149.08055335845,-35.2127029651406],[149.080708514406,-35.2125947673183],[149.080851638737,-35.212475923237],[149.080981650707,-35.2123473303399],[149.081097568613,-35.2122099596824],[149.081198517193,-35.2120648485988],[149.081283734237,-35.2119130928679],[149.081352576341,-35.2117558384377],[149.08140452376,-35.2115942727713],[149.081679254732,-35.2105594361272],[149.081752648228,-35.2103307823316],[149.081849728141,-35.2101081555259],[149.081969775025,-35.2098932051155],[149.082111899301,-35.2096875236197],[149.082275047841,-35.209492634874],[149.082560827308,-35.2091809043611],[149.083092038156,-35.2095089331328],[149.083273257418,-35.2096311266431],[149.083441108252,-35.2097655685342],[149.083594365635,-35.2099112776605],[149.083731911027,-35.2100671906445],[149.083852740538,-35.2102321696362],[149.083955972251,-35.2104050106156],[149.084040852664,-35.2105844521785],[149.084617905115,-35.2119780756006],[149.084686690013,-35.2121232707377],[149.084770493888,-35.212263049331],[149.084868690853,-35.2123963673223],[149.084980547499,-35.2125222289057],[149.08510522838,-35.2126396939661],[149.085241802244,-35.2127478851021],[149.085389248996,-35.2128459941812],[149.085546467311,-35.2129332883763],[149.085712282865,-35.2130091156406],[149.085885457105,-35.2130729095789],[149.086064696503,-35.2131241936792],[149.086855785343,-35.2133195087241]]]},"properties":{"OBJECTID":317,"ID":29,"DIVISION_CODE":575,"DIVISION_NAME":"MCKELLAR","LAST_UPDATE_DATE":"Fri, 19 Feb 1999 09:47:11 GMT","DIVISION_SHORT":"MCKE","GlobalID":"790befc3-fc49-4eac-97db-8de3a98320a5"}},{"type":"Feature","id":318,"geometry":{"type":"Polygon","coordinates":[[[149.058071203821,-35.1899528023612],[149.058607802459,-35.1901264168521],[149.059128555907,-35.1903299690111],[149.059630989269,-35.1905624914734],[149.060116939134,-35.1908137739295],[149.060593938274,-35.1910763614224],[149.061061596521,-35.1913500392021],[149.061561677488,-35.1916417587632],[149.062072743372,-35.1919203557156],[149.062594283393,-35.1921855515725],[149.063052321481,-35.1923971522405],[149.063523224255,-35.1925887828866],[149.064005700774,-35.1927599181524],[149.064304560898,-35.19284632175],[149.06461136601,-35.1929113065151],[149.064923842683,-35.1929543909164],[149.06523967545,-35.1929752557047],[149.065556523971,-35.1929737462798],[149.065872040375,-35.1929498738355],[149.06618388667,-35.1929038152767],[149.06648975207,-35.1928359119078],[149.066787370123,-35.1927466669027],[149.068675458277,-35.1948386732238],[149.068887344365,-35.1950875271525],[149.069082161452,-35.1953456088807],[149.06925931449,-35.1956121303375],[149.069639853696,-35.1962242781485],[149.069779646784,-35.1964273629741],[149.069939925836,-35.1966199802837],[149.070119535248,-35.1968007411544],[149.070317180003,-35.1969683421497],[149.070531435005,-35.1971215747205],[149.070760755361,-35.1972593339211],[149.071108676107,-35.1974502642646],[149.071506202198,-35.1976861623939],[149.071881615565,-35.1979453239701],[149.072232899955,-35.1982263572297],[149.072558168632,-35.1985277529408],[149.072855674519,-35.1988478925046],[149.073123819572,-35.1991850566445],[149.073644918928,-35.1998958862816],[149.072903837508,-35.2002619188717],[149.07275045364,-35.2003314016856],[149.07259117244,-35.2003912814099],[149.072426884726,-35.2004412231465],[149.07225850932,-35.2004809475778],[149.072086987916,-35.2005102325293],[149.071913279802,-35.2005289142125],[149.071738356501,-35.2005368881413],[149.070597085039,-35.2005538224023],[149.070422240382,-35.2005626887241],[149.070249002412,-35.2005840292453],[149.070078689499,-35.200617681564],[149.069912597755,-35.2006633895832],[149.069751991175,-35.2007208054592],[149.06959809202,-35.200789492249],[149.069452071512,-35.2008689272336],[149.069315040928,-35.2009585058964],[149.069188043138,-35.2010575465227],[149.069072044669,-35.2011652953867],[149.068967928354,-35.2012809324872],[149.068876486606,-35.2014035777868],[149.068798415391,-35.2015322979094],[149.06873430893,-35.201666113242],[149.068684655172,-35.20180400539],[149.068649832082,-35.2019449249271],[149.06863010476,-35.2020877993813],[149.06862210481,-35.202285819742],[149.06863151477,-35.2024837983335],[149.068658285816,-35.2026807052593],[149.068702278807,-35.2028755161901],[149.068763265005,-35.2030672176936],[149.069042755067,-35.2038318085844],[149.069115101306,-35.2040645112871],[149.06916361172,-35.2043013471808],[149.069187949808,-35.2045406744257],[149.069187946637,-35.2047808338971],[149.069163602012,-35.2050201606862],[149.069115084491,-35.2052569956426],[149.069042730217,-35.2054896968763],[149.068947040598,-35.2057166511405],[149.068828678832,-35.205936285017],[149.068688465314,-35.2061470758251],[149.068527371959,-35.206347562179],[149.068346515459,-35.2065363541213],[149.068147149551,-35.206712142761],[149.067930656324,-35.2068737093493],[149.067698536637,-35.2070199337314],[149.067452399717,-35.2071498021147],[149.067193952,-35.2072624140986],[149.066924985299,-35.2073569889195],[149.066647364379,-35.2074328708651],[149.065287520515,-35.2077535905224],[149.064965852864,-35.2068348302779],[149.064910170911,-35.2066984974724],[149.064840223905,-35.2065666665213],[149.064756544236,-35.2064403407107],[149.064659768798,-35.2063204814261],[149.064550634137,-35.2062080008368],[149.064429970848,-35.2061037549543],[149.064298697251,-35.2060085371191],[149.064157812402,-35.2059230719632],[149.064008388492,-35.205848009897],[149.063851562687,-35.2057839221595],[149.063688528472,-35.205731296472],[149.063520526573,-35.205690533327],[149.063348835515,-35.205661942941],[149.063174761893,-35.2056457428935],[149.062106605243,-35.2055849096243],[149.061946387716,-35.2055704621963],[149.061788098033,-35.2055455148791],[149.061632755989,-35.2055102283959],[149.061481362387,-35.2054648300812],[149.061334892587,-35.2054096124155],[149.061194290221,-35.2053449311407],[149.061060461115,-35.2052712029681],[149.060934267451,-35.2051889028931],[149.060816522212,-35.205098561135],[149.060707983946,-35.2050007597199],[149.060528223427,-35.2048101637739],[149.060367543631,-35.204608414476],[149.060226966813,-35.2043967955422],[149.060107387294,-35.2041766534789],[149.060009565769,-35.2039493890142],[149.059934124475,-35.2037164481835],[149.059881543234,-35.2034793131282],[149.060164264194,-35.2034363417246],[149.060441447831,-35.2033736109111],[149.060711048198,-35.2032915837264],[149.06097107534,-35.2031908656382],[149.061219609985,-35.2030722000727],[149.061454817713,-35.202936462926],[149.061674962499,-35.2027846560968],[149.061856140638,-35.2026363009854],[149.062021321306,-35.2024758576452],[149.062169312138,-35.2023044843432],[149.062299044888,-35.2021234182431],[149.062409583133,-35.2019339664731],[149.062500129038,-35.2017374966879],[149.062570029102,-35.201535427195],[149.062247742865,-35.2014723259144],[149.062229512831,-35.2014251175725],[149.062226756492,-35.2014188662156],[149.062223395128,-35.2014128175995],[149.06221945062,-35.2014070110999],[149.062214948648,-35.2014014845167],[149.062209918518,-35.2013962738274],[149.062025742067,-35.2012205344664],[149.062007144179,-35.2012041851894],[149.06198698746,-35.2011891320326],[149.061965405543,-35.2011754747949],[149.061942541513,-35.2011633040203],[149.061918546953,-35.201152700398],[149.061400765408,-35.2009457407952],[149.061374555228,-35.2009363787978],[149.061347467338,-35.2009288868328],[149.061319699359,-35.2009233195576],[149.061291453871,-35.2009197175881],[149.059671028162,-35.2007708916911],[149.05966723645,-35.2007706034534],[149.059663434175,-35.200770433047],[149.059659626771,-35.2007703807152],[149.058758498449,-35.2007721145875],[149.058903304927,-35.2004737103916],[149.058902289159,-35.1987997439814],[149.058541674882,-35.198101572056],[149.057468931703,-35.1970291481065],[149.057324760505,-35.1958251634318],[149.057809349359,-35.1947640657217],[149.058071203821,-35.1899528023612]]]},"properties":{"OBJECTID":318,"ID":33,"DIVISION_CODE":576,"DIVISION_NAME":"SPENCE","LAST_UPDATE_DATE":"Fri, 19 Feb 1999 09:47:11 GMT","DIVISION_SHORT":"SPEN","GlobalID":"d36e765a-c63c-4845-98ca-21c597c7c2c3"}},{"type":"Feature","id":319,"geometry":{"type":"Polygon","coordinates":[[[149.041754711953,-35.1941286295044],[149.040521854802,-35.1938098929136],[149.040021070156,-35.1936996225312],[149.0395105896,-35.1936251107176],[149.038994194724,-35.1935869094708],[149.038475710909,-35.1935853018042],[149.03795897901,-35.193620299651],[149.036581094954,-35.193762842542],[149.036497208506,-35.1937701669013],[149.036413039156,-35.193774815562],[149.036328713513,-35.1937767815312],[149.032795576854,-35.1938028259788],[149.032792126678,-35.1934868215854],[149.032796052972,-35.1933720559291],[149.032810315852,-35.193257843579],[149.032834837038,-35.1931448110239],[149.032869481982,-35.1930335782786],[149.032914060607,-35.1929247554831],[149.032968328349,-35.1928189395554],[149.033235921253,-35.192346854015],[149.033106942645,-35.1922975874764],[149.033040250987,-35.1922692418924],[149.032976710581,-35.1922363781445],[149.032916774577,-35.1921992306075],[149.032860870415,-35.1921580642066],[149.032809396782,-35.1921131725282],[149.032076172668,-35.1914170017258],[149.033226053231,-35.1901226701373],[149.031354775428,-35.1891716823834],[149.031249133331,-35.1869563273527],[149.031036205489,-35.1847663723489],[149.031202116919,-35.1847829139291],[149.031491069751,-35.1848018327124],[149.031780938754,-35.1848011287347],[149.032069750118,-35.1847808067964],[149.032355537238,-35.1847410052829],[149.032636354112,-35.1846819952212],[149.03291028859,-35.184604178434],[149.033175475406,-35.184508084802],[149.033430108874,-35.1843943686555],[149.033672455191,-35.1842638043167],[149.033900864245,-35.184117280826],[149.034113780848,-35.1839557958866],[149.034309755329,-35.1837804490691],[149.034471486724,-35.1836231803502],[149.034532855266,-35.1835682797537],[149.034599538017,-35.183517728748],[149.034671079161,-35.1834718728715],[149.034746989674,-35.1834310255686],[149.034826750671,-35.1833954660476],[149.034909816946,-35.1833654373718],[149.034995620705,-35.1833411447989],[149.035083575442,-35.1833227543776],[149.035173079952,-35.183310391813],[149.035263522435,-35.1833041416073],[149.035354284684,-35.1833040464824],[149.035444746303,-35.1833101070878],[149.035534288953,-35.1833222819963],[149.035622300575,-35.183340487987],[149.035708179576,-35.1833646006144],[149.03619405879,-35.1831029895512],[149.036697558637,-35.1828648960267],[149.037216992277,-35.1826511176219],[149.037453769852,-35.1830754653267],[149.037729733192,-35.1834835444912],[149.038043236597,-35.1838729207247],[149.038392410341,-35.1842412711779],[149.038775171821,-35.1845863984052],[149.039189237973,-35.1849062434791],[149.03963213889,-35.1851988982789],[149.040422379641,-35.1856430999559],[149.04125208791,-35.1860358179986],[149.04211629753,-35.1863747016475],[149.043009835612,-35.1866577223764],[149.043927353532,-35.1868831860455],[149.045156241206,-35.1871747334588],[149.046362327145,-35.1875246279618],[149.047541505296,-35.1879316783427],[149.048421905284,-35.188260719295],[149.049763974199,-35.1887058127775],[149.051147893576,-35.1890539984288],[149.052563301035,-35.189302669221],[149.0539995981,-35.1894499632801],[149.055950367843,-35.1895799486802],[149.056669561927,-35.1896537225537],[149.057378280066,-35.1897783187966],[149.058071203821,-35.1899528023612],[149.057809349359,-35.1947640657217],[149.057324760505,-35.1958251634318],[149.057468931703,-35.1970291481065],[149.058541674882,-35.198101572056],[149.058902289159,-35.1987997439814],[149.058903304927,-35.2004737103916],[149.058758498449,-35.2007721145875],[149.058185788306,-35.2004695552091],[149.056663936353,-35.2009632894571],[149.055115325023,-35.2009083869155],[149.054837082052,-35.2010655548354],[149.054108935874,-35.2011551543211],[149.05338101642,-35.2011554213588],[149.052209247904,-35.2008689680599],[149.051915967951,-35.2003970124567],[149.052055592629,-35.1996714001936],[149.051678940889,-35.1993032697809],[149.050591770941,-35.1983568064016],[149.050593391923,-35.1983467632795],[149.050593970715,-35.1983366435468],[149.050593503159,-35.1983265199401],[149.050591992614,-35.1983164652238],[149.05058944994,-35.1983065516671],[149.05058589341,-35.1982968505247],[149.05058134859,-35.1982874315244],[149.050575848145,-35.1982783623659],[149.050569431611,-35.1982697082348],[149.050562145107,-35.1982615313332],[149.050554041006,-35.1982538904332],[149.050545177557,-35.1982468404545],[149.050535618467,-35.1982404320694],[149.050525432443,-35.1982347113384],[149.050514692697,-35.19822971938],[149.050503476423,-35.198225492074],[149.050491864238,-35.1982220598047],[149.050479939605,-35.1982194472416],[149.050467788234,-35.1982176731627],[149.050455497464,-35.1982167503194],[149.050443155634,-35.1982166853447],[149.050430851454,-35.1982174787056],[149.05041867336,-35.1982191246998],[149.050406708883,-35.1982216114965],[149.050395044019,-35.1982249212219],[149.050383762609,-35.1982290300871],[149.049577959519,-35.1974414109545],[149.050035218352,-35.1967386961605],[149.048619196541,-35.1954533263095],[149.048613419399,-35.1954484966704],[149.048607178936,-35.1954440724705],[149.048600517244,-35.1954400835521],[149.04859347926,-35.1954365568211],[149.048586112454,-35.1954335160662],[149.048578466518,-35.1954309817979],[149.048570593026,-35.1954289711103],[149.048562545084,-35.1954274975659],[149.04855437698,-35.195426571104],[149.048546143807,-35.195426197974],[149.048537901101,-35.1954263806925],[149.04852970446,-35.1954271180271],[149.048521609173,-35.1954284050044],[149.048513669842,-35.1954302329435],[149.048495659631,-35.1954350435274],[149.048493942973,-35.1954268785174],[149.048491516952,-35.1954188356796],[149.048488394077,-35.1954109564849],[149.048484590451,-35.1954032815603],[149.048480125685,-35.1953958504798],[149.048638988395,-35.1953534220718],[149.048650412693,-35.1953499892921],[149.048661502937,-35.195345884188],[149.048672200497,-35.1953411284611],[149.048682448821,-35.1953357472527],[149.048692193731,-35.1953297690106],[149.048701383711,-35.1953232253388],[149.048897077546,-35.1951733070585],[149.048586553359,-35.1949001759563],[149.047621388502,-35.1949837595474],[149.046684673395,-35.1947193237183],[149.041543754379,-35.1951817433175],[149.041543998846,-35.1950854580636],[149.04154740546,-35.1949892132152],[149.041553971734,-35.194893078737],[149.041579058634,-35.1946980363784],[149.041621034525,-35.1945049604481],[149.041679685324,-35.1943148351158],[149.041754711953,-35.1941286295044]]]},"properties":{"OBJECTID":319,"ID":126,"DIVISION_CODE":577,"DIVISION_NAME":"FRASER","LAST_UPDATE_DATE":"Mon, 12 Aug 2002 13:43:05 GMT","DIVISION_SHORT":"FRAS","GlobalID":"1aebdb10-416d-4484-919c-dbf932c90b97"}},{"type":"Feature","id":320,"geometry":{"type":"Polygon","coordinates":[[[149.030839735064,-35.1950164273132],[149.030633980062,-35.1951575864188],[149.030443702635,-35.1953126874164],[149.030270300123,-35.1954805913725],[149.030115045972,-35.1956600653312],[149.029979080383,-35.1958497913663],[149.029863401938,-35.1960483762574],[149.029768860262,-35.1962543617198],[149.02973215604,-35.1963460644079],[149.029648981853,-35.1965296084042],[149.029548778986,-35.1967073282624],[149.029432146473,-35.1968781613317],[149.029299781606,-35.1970410861329],[149.029152475756,-35.1971951284671],[149.028991109649,-35.1973393672417],[149.028883031583,-35.1974366924106],[149.028785375284,-35.1975411763568],[149.028698841465,-35.1976520694222],[149.028624051045,-35.1977685759607],[149.028561540694,-35.1978898600462],[149.028511758976,-35.1980150514703],[149.028475063136,-35.1981432519853],[149.02845171653,-35.1982735417489],[149.028441886736,-35.1984049859239],[149.028445644349,-35.1985366413856],[149.024905510586,-35.199005205431],[149.024102163854,-35.2014676244438],[149.024090603489,-35.2017627612049],[149.024066650722,-35.2028617568042],[149.023349591724,-35.2036202857964],[149.022371228617,-35.2029705894721],[149.02144438419,-35.2022718604277],[149.020572698955,-35.201526844089],[149.013503722361,-35.2054961154109],[149.007471258621,-35.1982558209922],[149.008210325605,-35.1956282514725],[149.007630354396,-35.1935126785015],[149.007096258979,-35.1917605620439],[149.01788984765,-35.1854023386127],[149.02197477483,-35.1863930372373],[149.024545403178,-35.1846751715167],[149.024686663377,-35.184588279184],[149.024835968738,-35.1845109832856],[149.02499235432,-35.1844437833628],[149.025154809429,-35.184387113708],[149.025322284154,-35.1843413405581],[149.02549369615,-35.1843067597286],[149.025667937633,-35.1842835947018],[149.025843882535,-35.1842719951832],[149.026020393783,-35.1842720361342],[149.026196330646,-35.1842837172875],[149.031036205489,-35.1847663723489],[149.031249133331,-35.1869563273527],[149.031354775428,-35.1891716823834],[149.033226053231,-35.1901226701373],[149.032076172668,-35.1914170017258],[149.032809396782,-35.1921131725282],[149.032860870415,-35.1921580642066],[149.032916774577,-35.1921992306075],[149.032976710581,-35.1922363781445],[149.033040250987,-35.1922692418925],[149.033106942645,-35.1922975874764],[149.033235921253,-35.192346854015],[149.032968328349,-35.1928189395554],[149.032914060607,-35.1929247554831],[149.032869481982,-35.1930335782786],[149.032834837038,-35.1931448110239],[149.032810315852,-35.193257843579],[149.032796052972,-35.1933720559291],[149.032792126678,-35.1934868215854],[149.032795576854,-35.1938028259788],[149.03251706663,-35.1938048746776],[149.032420714926,-35.1938044440335],[149.032324418249,-35.1938017367864],[149.032228256414,-35.1937967551798],[149.03190800529,-35.1947455392671],[149.031781192366,-35.1947439997323],[149.03165462369,-35.1947506385731],[149.031529080775,-35.1947654147984],[149.031405338807,-35.1947882371714],[149.031284161848,-35.1948189647735],[149.031166298129,-35.1948574078734],[149.031052475422,-35.1949033290991],[149.030943396555,-35.1949564449032],[149.030839735064,-35.1950164273132]]]},"properties":{"OBJECTID":320,"ID":125,"DIVISION_CODE":578,"DIVISION_NAME":"DUNLOP","LAST_UPDATE_DATE":"Mon, 12 Aug 2002 13:42:09 GMT","DIVISION_SHORT":"DUNL","GlobalID":"ad86f133-219d-4c06-bb82-9cf366db8a04"}},{"type":"Feature","id":321,"geometry":{"type":"Polygon","coordinates":[[[149.091945889928,-35.2346903521659],[149.089939775836,-35.2344321551356],[149.089287629035,-35.2343078453798],[149.08864955104,-35.2341414978567],[149.088029560635,-35.2339341602526],[149.087431562608,-35.2336871384188],[149.086859323138,-35.2334019881421],[149.086316446067,-35.2330805053402],[149.085841475584,-35.2327750013823],[149.085189292311,-35.2323892767699],[149.084501380855,-35.2320478847948],[149.083782207183,-35.2317530416492],[149.083036440044,-35.231506661336],[149.082268920685,-35.2313103432531],[149.081484631441,-35.2311653618187],[149.081094870358,-35.2311067366824],[149.08046022785,-35.2309890223173],[149.079839475731,-35.2308290358923],[149.079236788971,-35.2306278534074],[149.078656220959,-35.230386827932],[149.078101676231,-35.2301075804998],[149.077576884192,-35.2297919891992],[149.077085374027,-35.2294421765354],[149.07663045096,-35.2290604951477],[149.076215174024,-35.2286495119782],[149.07584233549,-35.2282119909998],[149.075514442097,-35.2277508746195],[149.074268124491,-35.225820390318],[149.075332033756,-35.225358556464],[149.07586820201,-35.2251034122821],[149.076378558901,-35.2248148202943],[149.076860012223,-35.2244945292445],[149.077309645013,-35.2241444799319],[149.077724733229,-35.2237667934441],[149.078102762251,-35.2233637582983],[149.078441442116,-35.2229378165678],[149.078738721378,-35.2224915490785],[149.078992799536,-35.2220276597658],[149.079890804745,-35.2202010723463],[149.080147325464,-35.2197364390873],[149.080450374254,-35.2192910734804],[149.080797819983,-35.2188681063484],[149.081187219533,-35.2184705110065],[149.081615834979,-35.2181010823688],[149.082080652855,-35.2177624173088],[149.08439543327,-35.2162132319695],[149.084715358553,-35.2165085343144],[149.085064560253,-35.2167805836849],[149.085440538313,-35.2170274321899],[149.085840600882,-35.2172473123653],[149.086261883588,-35.2174386498335],[149.086701370052,-35.2176000745814],[149.087155913497,-35.2177304307738],[149.08762225928,-35.2178287850328],[149.087924216107,-35.2178707181814],[149.088229374896,-35.2178919139403],[149.088535624542,-35.2178922256842],[149.08884084639,-35.2178716512645],[149.089142928904,-35.2178303330241],[149.089439782271,-35.2177685568121],[149.089729352868,-35.2176867500049],[149.090801244524,-35.2173423757356],[149.091093115556,-35.2172528620037],[149.091388229461,-35.2171708216059],[149.091686302197,-35.2170963334992],[149.091969390806,-35.2170393607096],[149.092257083381,-35.2170009412586],[149.092547577387,-35.2169813158558],[149.092839052742,-35.2169806074565],[149.093129683222,-35.216998820492],[149.093417647893,-35.2170358408422],[149.09370114252,-35.2170914365505],[149.093978390869,-35.2171652592765],[149.094247655829,-35.2172568464784],[149.094507250294,-35.2173656243102],[149.094965351986,-35.2175900817876],[149.095408283335,-35.2178341868936],[149.095834794278,-35.2180972507614],[149.097603889387,-35.2192499633898],[149.098257913309,-35.2197048392686],[149.098875157024,-35.2201931038438],[149.099453093642,-35.2207127587259],[149.099716514737,-35.2209884046114],[149.099950308866,-35.221281492853],[149.10015276986,-35.2215898849585],[149.100322420113,-35.2219113307499],[149.100458021377,-35.2222434847785],[149.100558583803,-35.2225839234346],[149.100623373177,-35.2229301626298],[149.100651916287,-35.2232796759198],[149.1006438104,-35.223789588466],[149.100589494808,-35.2242975929131],[149.100489269716,-35.224800873415],[149.100343689828,-35.2252966402584],[149.100153561289,-35.2257821453275],[149.099957491851,-35.2261769768649],[149.099724722498,-35.2265581532757],[149.099456652739,-35.226923381921],[149.099154894462,-35.2272704660504],[149.098821262252,-35.2275973180176],[149.098457762482,-35.2279019718423],[149.098066581249,-35.2281825950397],[149.097650071227,-35.2284374996471],[149.097210737519,-35.2286651523819],[149.094915148377,-35.2297548341792],[149.09461793998,-35.2299100001768],[149.094337734785,-35.2300851760993],[149.094076528591,-35.2302791143147],[149.093836181922,-35.2304904335515],[149.093618406776,-35.2307176287333],[149.093424754426,-35.2309590816966],[149.093256604375,-35.2312130727122],[149.093115154518,-35.2314777927324],[149.093001412611,-35.2317513562729],[149.091945889928,-35.2346903521659]]]},"properties":{"OBJECTID":321,"ID":26,"DIVISION_CODE":580,"DIVISION_NAME":"LAWSON","LAST_UPDATE_DATE":"Fri, 19 Feb 1999 09:47:11 GMT","DIVISION_SHORT":"LAWS","GlobalID":"c21dbfc4-8c06-4a1c-823f-720afe90e622"}},{"type":"Feature","id":322,"geometry":{"type":"Polygon","coordinates":[[[149.039201554976,-35.3725404553612],[149.041344767044,-35.3720461706435],[149.041878715953,-35.3719410977433],[149.042420983882,-35.3718701507489],[149.042968324992,-35.3718337543008],[149.043517463103,-35.3718321262312],[149.04406511129,-35.3718652762613],[149.044607991543,-35.371933005944],[149.045142854378,-35.3720349098511],[149.045658371681,-35.372132655241],[149.046181739584,-35.3721965532334],[149.046709650675,-35.3722262000482],[149.047238768818,-35.3722214083553],[149.047765750252,-35.3721822084585],[149.048287264729,-35.3721088481031],[149.048997478825,-35.3719849554773],[149.049434672227,-35.3719236609871],[149.049876472648,-35.3718914102843],[149.050320008951,-35.3718884129412],[149.050762398727,-35.3719146884206],[149.051200767014,-35.3719700659494],[149.051632264978,-35.3720541856288],[149.052054088413,-35.3721665007719],[149.052463495958,-35.3723062814559],[149.052768676686,-35.3721445662882],[149.05308021112,-35.3719911948697],[149.053397759345,-35.3718463345228],[149.058918902699,-35.3694244454713],[149.061200408105,-35.3694234879886],[149.061313554841,-35.369427080504],[149.061426008679,-35.3694379332604],[149.061537076327,-35.3694559793484],[149.06164607304,-35.3694811075107],[149.061752326838,-35.3695131628279],[149.061855182649,-35.3695519476739],[149.061954006349,-35.369597222934],[149.062048188667,-35.3696487094787],[149.062137148948,-35.3697060898846],[149.062220338725,-35.3697690103913],[149.062357364897,-35.3698907931026],[149.062481655155,-35.3700214219412],[149.062592361693,-35.3701600059288],[149.062688729345,-35.3703055998239],[149.062770100737,-35.3704572105671],[149.062822894418,-35.3705554973432],[149.062885477145,-35.3706498507931],[149.062957416041,-35.3707396182328],[149.063038213499,-35.3708241787003],[149.06312731063,-35.3709029472505],[149.063224091127,-35.3709753790027],[149.063327885528,-35.3710409729095],[149.063437975845,-35.3710992752236],[149.063553600535,-35.3711498826369],[149.063673959766,-35.3711924450705],[149.064380676659,-35.3714142785077],[149.064468155152,-35.3714453395049],[149.064552045171,-35.3714824521117],[149.064631724127,-35.3715253408994],[149.064706600683,-35.3715736875713],[149.064776119138,-35.3716271333248],[149.064839763554,-35.3716852815143],[149.064897061583,-35.3717477005944],[149.064947587974,-35.3718139273225],[149.064990967729,-35.3718834701966],[149.065026878885,-35.3719558131027],[149.065055054908,-35.372030419145],[149.065075286665,-35.3721067346302],[149.065087423983,-35.3721841931771],[149.065091376759,-35.3722622199192],[149.065087115635,-35.3723402357717],[149.065074672212,-35.372417661729],[149.065002448601,-35.3727542603375],[149.065338286498,-35.3728190487498],[149.065666818813,-35.3729053836431],[149.065985988473,-35.3730127244358],[149.066293797006,-35.3731403990197],[149.066588317053,-35.3732876079668],[149.06686770443,-35.3734534295331],[149.067130209676,-35.3736368254284],[149.067374189006,-35.3738366473155],[149.0675981146,-35.3740516439984],[149.067800584174,-35.3742804692547],[149.068166494384,-35.3747304617036],[149.069472238007,-35.3764274997871],[149.069741590218,-35.3767678134037],[149.070053363959,-35.3771098782352],[149.070397893292,-35.3774301729331],[149.070772921609,-35.3777265993004],[149.071175992427,-35.3779972154791],[149.071604465478,-35.3782402486763],[149.072055534007,-35.3784541067832],[149.072526243166,-35.378637388809],[149.073013509371,-35.378788894064],[149.073514140518,-35.3789076300285],[149.073997851525,-35.3789944608116],[149.074192726069,-35.3790273045988],[149.074676491553,-35.3791139306663],[149.075222392097,-35.3792435730661],[149.075752934761,-35.3794105953652],[149.076264311332,-35.379613798687],[149.076752851096,-35.3798517244475],[149.077215047173,-35.3801226648198],[149.077647581681,-35.3804246749871],[149.078047349552,-35.380755587096],[149.078411480813,-35.3811130258099],[149.078737361193,-35.3814944253534],[149.078993486072,-35.3818415283637],[149.079398540164,-35.3824060301927],[149.079876982909,-35.3830106206982],[149.080060829435,-35.3831876332297],[149.08026228752,-35.3833512865983],[149.080479915436,-35.3835004095499],[149.080712155703,-35.3836339348184],[149.080957346236,-35.3837509067661],[149.081213732241,-35.3838504882243],[149.081479478778,-35.3839319664872],[149.081752683894,-35.3839947584133],[149.08203139224,-35.3840384146004],[149.082313609069,-35.3840626226027],[149.082597314517,-35.3840672091673],[149.082880478067,-35.3840521414746],[149.083161073079,-35.3840175273731],[149.084006718347,-35.3838189078037],[149.084984957241,-35.3835507062059],[149.085298656108,-35.3834664296199],[149.085990743741,-35.3833124728278],[149.086695534175,-35.3832038415271],[149.087408609076,-35.3831412166811],[149.088125498228,-35.3831249908383],[149.088841707531,-35.3831552656749],[149.08955274715,-35.3832318513583],[149.090254159641,-35.383354267738],[149.090941547871,-35.3835217473539],[149.091610602561,-35.3837332402442],[149.091912039438,-35.3838435195963],[149.092306045192,-35.3839900217681],[149.091960191044,-35.384651687172],[149.091551322216,-35.3852887957241],[149.09108201506,-35.3858973305697],[149.090555227178,-35.3864734549121],[149.089974278793,-35.3870135362149],[149.089342831837,-35.3875141691198],[149.088664866876,-35.3879721969313],[149.087944658013,-35.388384731536],[149.08718674594,-35.3887491716272],[149.086395909301,-35.3890632191222],[149.085577134545,-35.389324893666],[149.085402723053,-35.3893741952766],[149.083813612546,-35.3898866209431],[149.082283736685,-35.3905083073426],[149.080824273586,-35.3912347129236],[149.079445887812,-35.3920605309442],[149.07815865251,-35.3929797281791],[149.076935558197,-35.3939314527317],[149.076069428433,-35.3945490310263],[149.07514108289,-35.3951027049851],[149.074157531521,-35.3955882929875],[149.073126201648,-35.3960021275388],[149.071058362989,-35.3967424321483],[149.070244807585,-35.3970666751255],[149.069466246479,-35.397444155536],[149.068727864763,-35.397872359735],[149.068034580199,-35.3983484362512],[149.067391010483,-35.398869214759],[149.066801442488,-35.3994312271744],[149.066269803709,-35.4000307307343],[149.065799636095,-35.4006637329056],[149.065170949135,-35.401593605157],[149.064901421691,-35.4021739915655],[149.06468073797,-35.4027680453772],[149.064509921454,-35.4033730144571],[149.063697883774,-35.4031974005757],[149.062906559462,-35.4029669636012],[149.062141459765,-35.4026833084241],[149.061407913137,-35.4023484105754],[149.060860550629,-35.4030786809102],[149.059008329631,-35.4017971752986],[149.058333190809,-35.4002386371588],[149.057889804444,-35.3992643638431],[149.056746890349,-35.3979234665719],[149.053640686301,-35.3968670129627],[149.048707121203,-35.3970337050176],[149.047534830974,-35.3973147425353],[149.047127973007,-35.3971752237463],[149.044955736707,-35.395653665771],[149.043192638913,-35.3973774024832],[149.040112393926,-35.3984593520169],[149.037722139622,-35.3975012853819],[149.034586556356,-35.39704903771],[149.031164948767,-35.3950465017273],[149.028758613593,-35.3914857848189],[149.028923435615,-35.3912384645171],[149.029488785312,-35.3904638142771],[149.030126341354,-35.3897277196371],[149.030832201011,-35.3890346842291],[149.031602043985,-35.3883889481135],[149.032431158863,-35.3877944618588],[149.033314471952,-35.3872548623929],[149.034246578327,-35.3867734507752],[149.035221774884,-35.3863531720227],[149.036133305185,-35.3859638713405],[149.037008922596,-35.3855227462495],[149.037844241003,-35.3850320067978],[149.046427845596,-35.3796017109396],[149.04264494903,-35.3791710925029],[149.041850227435,-35.378810452413],[149.040966274258,-35.3785944284943],[149.040048113079,-35.378524283734],[149.03882012732,-35.377544956663],[149.038494135234,-35.3763068043823],[149.03849347354,-35.3744640661494],[149.039201554976,-35.3725404553612]]]},"properties":{"OBJECTID":322,"ID":83,"DIVISION_CODE":601,"DIVISION_NAME":"KAMBAH","LAST_UPDATE_DATE":"Fri, 19 Feb 1999 09:47:44 GMT","DIVISION_SHORT":"KAMB","GlobalID":"b0a84be7-3869-49f0-b75e-249a0c71da7a"}},{"type":"Feature","id":323,"geometry":{"type":"Polygon","coordinates":[[[149.087329997867,-35.4098036019776],[149.086816082702,-35.4103944242425],[149.086127890606,-35.4100826989697],[149.085741122683,-35.4098897115077],[149.085375496867,-35.4096708388929],[149.085033591292,-35.4094276245475],[149.084717816759,-35.4091617835331],[149.084430399738,-35.4088751904523],[149.084173366668,-35.4085698662256],[149.083948529674,-35.4082479638358],[149.083757473789,-35.4079117531427],[149.08353044,-35.4075103830978],[149.083264730948,-35.4071252542297],[149.082962067019,-35.4067588593754],[149.082624407714,-35.4064135700816],[149.082253938968,-35.4060916212606],[149.081853058986,-35.4057950967295],[149.081424362727,-35.4055259157286],[149.080970625101,-35.4052858205047],[149.080494783019,-35.4050763650395],[149.080101301739,-35.4049026572273],[149.079726742871,-35.4047028678453],[149.079373679468,-35.4044783694179],[149.079044536853,-35.404230704209],[149.078741575958,-35.4039615736224],[149.078466877792,-35.4036728265097],[149.07835065516,-35.4035505318017],[149.078222603295,-35.4034364310779],[149.078083580567,-35.40333128915],[149.077934518873,-35.403235810777],[149.077776417386,-35.403150635942],[149.077610335866,-35.403076335563],[149.077437387551,-35.4030134076668],[149.077258731697,-35.4029622740513],[149.07707556581,-35.4029232774589],[149.076889117622,-35.4028966792794],[149.076700636859,-35.4028826577983],[149.076511386871,-35.4028813070017],[149.076322636162,-35.4028926359469],[149.074730595745,-35.4030420318649],[149.074717934615,-35.4024420304908],[149.074642730243,-35.4018451068536],[149.074505533586,-35.4012556232305],[149.074307348576,-35.4006778874357],[149.074049624744,-35.4001161213458],[149.072103253685,-35.3963683583613],[149.073126201648,-35.3960021275388],[149.074157531521,-35.3955882929875],[149.07514108289,-35.3951027049851],[149.076069428433,-35.3945490310263],[149.076935558197,-35.3939314527317],[149.07815865251,-35.3929797281791],[149.079445887812,-35.3920605309442],[149.080824273586,-35.3912347129236],[149.082283736685,-35.3905083073426],[149.083813612546,-35.3898866209431],[149.085402723053,-35.3893741952766],[149.085577134545,-35.389324893666],[149.086395909301,-35.3890632191222],[149.08718674594,-35.3887491716272],[149.087944658013,-35.388384731536],[149.088664866876,-35.3879721969313],[149.089342831837,-35.3875141691198],[149.089974278793,-35.3870135362149],[149.090555227178,-35.3864734549121],[149.09108201506,-35.3858973305697],[149.091551322216,-35.3852887957241],[149.091960191044,-35.384651687172],[149.092306045192,-35.3839900217681],[149.097003789057,-35.3857366263354],[149.097630768581,-35.3859965381693],[149.098228578598,-35.3862990527454],[149.098792912724,-35.3866419909971],[149.09931970556,-35.3870228826597],[149.099805161968,-35.387438984053],[149.100245784411,-35.3878872978352],[149.10063839815,-35.3883645945818],[149.100980174121,-35.3888674360384],[149.101268649333,-35.3893921998778],[149.102773806833,-35.3924731723021],[149.102894264449,-35.3926937212458],[149.103035860093,-35.3929056827641],[149.103197688281,-35.3931077011558],[149.103378714097,-35.3932984843066],[149.10357777981,-35.3934768119556],[149.103793612283,-35.3936415435012],[149.104024831109,-35.3937916252984],[149.104269957444,-35.3939260973996],[149.104527423463,-35.3940440996961],[149.105457647312,-35.3944312787094],[149.105288027138,-35.3947447231952],[149.105149127975,-35.3950681462244],[149.105041815681,-35.3953995325495],[149.104966759323,-35.3957368172781],[149.104924426997,-35.3960778987381],[149.104915082902,-35.3964206515725],[149.104938785683,-35.3967629399825],[149.104995388055,-35.397102631037],[149.105084537711,-35.3974376079636],[149.106081907498,-35.400582675667],[149.106175694805,-35.4009284045842],[149.106239301563,-35.4012787086989],[149.106272407096,-35.4016318240807],[149.106274844301,-35.40198597262],[149.106246600505,-35.4023393709824],[149.106189940409,-35.4027978886023],[149.10608404661,-35.4031511046465],[149.105715316652,-35.4040196701213],[149.105274754753,-35.4046381123785],[149.104814758749,-35.4052009206666],[149.103988844499,-35.4058204675449],[149.103420419954,-35.4061362005322],[149.101842393311,-35.4067146024412],[149.101425863034,-35.4067852149581],[149.10100443188,-35.4068324765527],[149.100580050641,-35.4068561684393],[149.100154683775,-35.4068561809357],[149.09497206076,-35.4067117994163],[149.094232327502,-35.4067160652069],[149.093495517191,-35.4067700239268],[149.092766601272,-35.4068733115494],[149.092050497976,-35.4070252312098],[149.091352039161,-35.407224757902],[149.090675937735,-35.4074705453881],[149.090026755873,-35.4077609352742],[149.089408874251,-35.4080939681913],[149.088826462501,-35.4084673970056],[149.088283451082,-35.4088787019707],[149.087783504757,-35.4093251077191],[149.087329997867,-35.4098036019776]]]},"properties":{"OBJECTID":323,"ID":89,"DIVISION_CODE":602,"DIVISION_NAME":"WANNIASSA","LAST_UPDATE_DATE":"Fri, 19 Feb 1999 09:47:44 GMT","DIVISION_SHORT":"WANN","GlobalID":"d8e38f8d-7002-47ca-b3b3-db7c9707065e"}},{"type":"Feature","id":324,"geometry":{"type":"Polygon","coordinates":[[[149.084138085331,-35.4126601067766],[149.084803160601,-35.4122491743943],[149.085421949131,-35.4117923495211],[149.085989741462,-35.4112931096073],[149.086502216566,-35.4107552548979],[149.087329997867,-35.4098036019776],[149.087783504757,-35.4093251077191],[149.088283451082,-35.4088787019707],[149.088826462501,-35.4084673970056],[149.089408874251,-35.4080939681913],[149.090026755873,-35.4077609352742],[149.090675937735,-35.4074705453881],[149.091352039161,-35.407224757902],[149.092050497976,-35.4070252312098],[149.092766601272,-35.4068733115494],[149.093495517191,-35.4067700239268],[149.094232327502,-35.4067160652069],[149.09497206076,-35.4067117994163],[149.100154683775,-35.4068561809357],[149.100580050641,-35.4068561684393],[149.10100443188,-35.4068324765527],[149.101425863034,-35.4067852149581],[149.101842393311,-35.4067146024412],[149.102455469528,-35.4064898917378],[149.102752930365,-35.4086818830913],[149.102846690247,-35.4097749384279],[149.10283201236,-35.4108706195735],[149.102708988736,-35.4119617280895],[149.102335530907,-35.4142541115247],[149.102239481406,-35.4150904043554],[149.10222300615,-35.4159302770447],[149.102286207005,-35.4167686630722],[149.102428705159,-35.4176005047306],[149.102649643358,-35.4184207836418],[149.103056473352,-35.4196938434734],[149.103162990206,-35.4200645616459],[149.10324686879,-35.4204391548957],[149.103307901503,-35.4208166974882],[149.103084262132,-35.4208370536553],[149.102860331758,-35.4208551402861],[149.102636144759,-35.4208709546031],[149.097003179304,-35.4212394158445],[149.096261711879,-35.4213109933922],[149.095528930779,-35.4214280609805],[149.094808994843,-35.4215899542502],[149.094105990083,-35.4217957544333],[149.09342390651,-35.4220442935615],[149.092766615501,-35.4223341610889],[149.092266982447,-35.422574803209],[149.091566263187,-35.422880308064],[149.090836426922,-35.4231360959535],[149.090082727002,-35.4233403255819],[149.089310588707,-35.423491526771],[149.088525570161,-35.4235886110518],[149.087733322295,-35.4236308795088],[149.086939548136,-35.423618027816],[149.08614996172,-35.4235501484312],[149.085370246921,-35.4234277299317],[149.083742764813,-35.4231130726695],[149.083195796517,-35.4230255678157],[149.082642168778,-35.4229731645956],[149.082085238244,-35.4229561807553],[149.081528381577,-35.422974719293],[149.080974975001,-35.4230286678343],[149.080428373838,-35.4231176993126],[149.079891892178,-35.4232412739502],[149.079368782802,-35.4233986425284],[149.078862217468,-35.4235888509269],[149.07829216731,-35.4238253019021],[149.077702881864,-35.4231125241994],[149.077181803365,-35.4223650005297],[149.076731971848,-35.4215870947108],[149.076356011193,-35.4207833478046],[149.076056113841,-35.4199584515937],[149.075834028044,-35.4191172211804],[149.075627447559,-35.4181586859444],[149.075387162028,-35.4172340628091],[149.075068498415,-35.416325453884],[149.074673018733,-35.415437305615],[149.075297452607,-35.4152442584771],[149.075936343847,-35.4150860618205],[149.076586793874,-35.4149634333182],[149.078183256718,-35.4147084637602],[149.079448483549,-35.4144618993982],[149.080684766476,-35.4141312835403],[149.081883787883,-35.4137188407835],[149.083037481221,-35.4132273462277],[149.084138085331,-35.4126601067766]]]},"properties":{"OBJECTID":324,"ID":85,"DIVISION_CODE":603,"DIVISION_NAME":"MONASH","LAST_UPDATE_DATE":"Fri, 19 Feb 1999 09:47:44 GMT","DIVISION_SHORT":"MONA","GlobalID":"dd14c3aa-6f5c-4ee2-82b8-60a86ba79e61"}},{"type":"Feature","id":325,"geometry":{"type":"Polygon","coordinates":[[[149.114524856009,-35.4164627981978],[149.112016952873,-35.4179872510186],[149.11070952418,-35.4187119749215],[149.109330131143,-35.4193410079586],[149.107889198515,-35.4198695953092],[149.106397616932,-35.4202937412803],[149.104866660506,-35.4206102395581],[149.103307901503,-35.4208166974882],[149.10324686879,-35.4204391548957],[149.103162990206,-35.4200645616459],[149.103056473352,-35.4196938434734],[149.102649643358,-35.4184207836418],[149.102428705159,-35.4176005047306],[149.102286207005,-35.4167686630722],[149.10222300615,-35.4159302770447],[149.102239481406,-35.4150904043554],[149.102335530907,-35.4142541115247],[149.102708988736,-35.4119617280895],[149.10283201236,-35.4108706195735],[149.102846690247,-35.4097749384279],[149.102752930365,-35.4086818830913],[149.102455469528,-35.4064898917378],[149.103420419954,-35.4061362005322],[149.103988844499,-35.4058204675449],[149.104814758749,-35.4052009206666],[149.105274754753,-35.4046381123785],[149.105715316652,-35.4040196701213],[149.10608404661,-35.4031511046465],[149.106154412614,-35.4029163951598],[149.107116081506,-35.4031830610966],[149.107194411817,-35.4032131252792],[149.107270844438,-35.4032463025658],[149.107345194939,-35.4032825129012],[149.108262235798,-35.4037937775963],[149.109835321788,-35.4045059987266],[149.110421700326,-35.4047660308464],[149.113097212994,-35.4057044617448],[149.113784283538,-35.4059480693441],[149.115330791608,-35.406953008788],[149.115574041033,-35.407128329542],[149.117891195616,-35.4086339496188],[149.119462841135,-35.4089437269465],[149.117989507393,-35.4103844377876],[149.117835632242,-35.4105468749247],[149.117697014398,-35.4107182716824],[149.117574429129,-35.4108976695918],[149.117468562061,-35.4110840654335],[149.117380005344,-35.4112764168472],[149.117309254333,-35.41147364816],[149.11725670482,-35.4116746564015],[149.116972491117,-35.4130026670262],[149.116946098897,-35.413101575871],[149.116909753043,-35.4131983459814],[149.116863705187,-35.4132923072994],[149.116808274141,-35.4133828092132],[149.116743843693,-35.4134692250626],[149.116670859951,-35.4135509564781],[149.116589828252,-35.413627437525],[149.116501309664,-35.413698138622],[149.116405917102,-35.4137625702087],[149.116304311083,-35.4138202861357],[149.116197195156,-35.4138708867544],[149.116085311024,-35.4139140216845],[149.115969433412,-35.4139493922406],[149.115850364703,-35.4139767535004],[149.114081253872,-35.4143189598485],[149.114112272279,-35.4144645464175],[149.114129506095,-35.414569630441],[149.114136626998,-35.4146754969064],[149.114133591148,-35.4147814946108],[149.114120417179,-35.4148869715411],[149.114097186086,-35.4149912788853],[149.114053414118,-35.4151518424895],[149.114028810035,-35.4152642343903],[149.114015879603,-35.4153779250764],[149.114014715118,-35.4154921034798],[149.114025324936,-35.4156059550496],[149.114047633417,-35.4157186675632],[149.114081481457,-35.4158294369207],[149.114126627628,-35.4159374728818],[149.114182749894,-35.4160420047037],[149.114249447911,-35.4161422866395],[149.11432624588,-35.4162376032595],[149.114524856009,-35.4164627981978]]]},"properties":{"OBJECTID":325,"ID":80,"DIVISION_CODE":604,"DIVISION_NAME":"GOWRIE","LAST_UPDATE_DATE":"Fri, 19 Feb 1999 09:47:44 GMT","DIVISION_SHORT":"GOWR","GlobalID":"fa7bde94-a964-48e4-851f-be99974048b2"}},{"type":"Feature","id":326,"geometry":{"type":"Polygon","coordinates":[[[149.105457647312,-35.3944312787094],[149.111282595211,-35.3972045692011],[149.112007423605,-35.3941815171115],[149.11511668189,-35.3916077664176],[149.11709865352,-35.3899622421604],[149.121002917752,-35.3907694426732],[149.121610248678,-35.3918153190682],[149.12216442865,-35.3940866220257],[149.124644721303,-35.3972380661503],[149.125550190153,-35.3988159668358],[149.126114207726,-35.4038556801398],[149.125873625868,-35.4043044280665],[149.124202845328,-35.4041622707551],[149.123926230578,-35.4043574382991],[149.124009399588,-35.4049067515063],[149.125092634171,-35.4057318415785],[149.125079900213,-35.4057365918134],[149.125067703251,-35.4057422077358],[149.125056130883,-35.4057486490113],[149.125045266226,-35.4057558693777],[149.125035187311,-35.4057638169772],[149.125025966527,-35.4057724347289],[149.125017670099,-35.4057816607385],[149.125010357613,-35.4057914287436],[149.125004081591,-35.4058016685886],[149.124998887106,-35.4058123067291],[149.124994811469,-35.4058232667602],[149.12499188395,-35.4058344699651],[149.124990125577,-35.4058458358803],[149.124989548979,-35.4058572828737],[149.12499355021,-35.4086590725467],[149.124746546989,-35.4090940575528],[149.12475535921,-35.4091906715915],[149.127207620724,-35.4090407240805],[149.127396548376,-35.4090358311741],[149.127585292391,-35.4090442229622],[149.127772461654,-35.4090658375908],[149.127956676656,-35.4091005157487],[149.128136579657,-35.4091480018411],[149.128310844693,-35.4092079458735],[149.128478187348,-35.4092799060307],[149.128637374215,-35.409363351933],[149.128787231993,-35.4094576685441],[149.128926656126,-35.409562160704],[149.129054618949,-35.4096760582518],[149.129170177262,-35.409798521701],[149.12927247928,-35.4099286484268],[149.129360770912,-35.4100654793175],[149.129434401325,-35.4102080058433],[149.129492827735,-35.4103551774888],[149.129535619416,-35.4105059094958],[149.129562460876,-35.4106590908578],[149.129625284992,-35.411174074384],[149.129667847273,-35.4114299165027],[149.1297326703,-35.4116826081794],[149.12981942171,-35.4119308530093],[149.128932111796,-35.4121393677262],[149.128029176452,-35.4122966372115],[149.12711502647,-35.4124018931393],[149.1261941275,-35.4124546212664],[149.124295236941,-35.4125088445991],[149.123348550309,-35.4125694126606],[149.122411758105,-35.4126965343033],[149.121491827863,-35.4128892641278],[149.120595601841,-35.4131461687542],[149.119729746178,-35.4134653374715],[149.118900701348,-35.413844396433],[149.118114634292,-35.4142805262954],[149.114524856009,-35.4164627981978],[149.11432624588,-35.4162376032595],[149.114249447911,-35.4161422866395],[149.114182749894,-35.4160420047037],[149.114126627628,-35.4159374728818],[149.114081481457,-35.4158294369207],[149.114047633417,-35.4157186675632],[149.114025324936,-35.4156059550496],[149.114014715118,-35.4154921034798],[149.114015879603,-35.4153779250764],[149.114028810035,-35.4152642343903],[149.114053414118,-35.4151518424895],[149.114097186086,-35.4149912788853],[149.114120417179,-35.4148869715411],[149.114133591148,-35.4147814946108],[149.114136626998,-35.4146754969064],[149.114129506095,-35.414569630441],[149.114112272279,-35.4144645464175],[149.114081253872,-35.4143189598485],[149.115850364703,-35.4139767535004],[149.115969433412,-35.4139493922406],[149.116085311024,-35.4139140216845],[149.116197195156,-35.4138708867544],[149.116304311083,-35.4138202861357],[149.116405917102,-35.4137625702087],[149.116501309664,-35.413698138622],[149.116589828252,-35.413627437525],[149.116670859951,-35.4135509564781],[149.116743843693,-35.4134692250626],[149.116808274141,-35.4133828092132],[149.116863705187,-35.4132923072994],[149.116909753043,-35.4131983459814],[149.116946098897,-35.413101575871],[149.116972491117,-35.4130026670262],[149.11725670482,-35.4116746564015],[149.117309254333,-35.41147364816],[149.117380005344,-35.4112764168472],[149.117468562061,-35.4110840654335],[149.117574429129,-35.4108976695918],[149.117697014398,-35.4107182716824],[149.117835632242,-35.4105468749247],[149.117989507393,-35.4103844377876],[149.119462841135,-35.4089437269465],[149.117891195616,-35.4086339496188],[149.115574041033,-35.407128329542],[149.115330791608,-35.406953008788],[149.113784283538,-35.4059480693441],[149.113097212994,-35.4057044617448],[149.110421700326,-35.4047660308464],[149.109835321788,-35.4045059987266],[149.108262235798,-35.4037937775963],[149.107345194939,-35.4032825129012],[149.107270844438,-35.4032463025658],[149.107194411817,-35.4032131252792],[149.107116081506,-35.4031830610966],[149.106154412614,-35.4029163951598],[149.106189940409,-35.4027978886023],[149.106246600505,-35.4023393709824],[149.106274844301,-35.40198597262],[149.106272407096,-35.4016318240807],[149.106239301563,-35.4012787086989],[149.106175694805,-35.4009284045842],[149.106081907498,-35.400582675667],[149.105084537711,-35.3974376079636],[149.104995388055,-35.397102631037],[149.104938785683,-35.3967629399825],[149.104915082902,-35.3964206515725],[149.104924426997,-35.3960778987381],[149.104966759323,-35.3957368172781],[149.105041815681,-35.3953995325495],[149.105149127975,-35.3950681462244],[149.105288027138,-35.3947447231952],[149.105457647312,-35.3944312787094]]]},"properties":{"OBJECTID":326,"ID":77,"DIVISION_CODE":605,"DIVISION_NAME":"FADDEN","LAST_UPDATE_DATE":"Fri, 19 Feb 1999 09:47:44 GMT","DIVISION_SHORT":"FADD","GlobalID":"888266cf-6e11-40ae-8fd1-e2b4597debca"}},{"type":"Feature","id":327,"geometry":{"type":"Polygon","coordinates":[[[149.125550190153,-35.3988159668358],[149.127045180196,-35.3983611792428],[149.127816079326,-35.3983604256192],[149.128103697259,-35.3980527538915],[149.128704522911,-35.3979917478834],[149.128764243684,-35.3979877542078],[149.128824163141,-35.3979878662879],[149.128883861003,-35.397992083337],[149.128942918541,-35.3980003757761],[149.12900092152,-35.3980126854409],[149.1290574631,-35.3980289259896],[149.129112146691,-35.398048983509],[149.129164588735,-35.3980727173129],[149.129214421396,-35.3980999609294],[149.129261295137,-35.398130523268],[149.129304881177,-35.3981641899602],[149.129344873793,-35.3982007248626],[149.129380992466,-35.398239871714],[149.129412983849,-35.3982813559318],[149.129440623541,-35.3983248865386],[149.129586791253,-35.3985807327118],[149.129705547468,-35.3988099592979],[149.129803649115,-35.3990456449639],[149.129880577446,-35.3992865438699],[149.130081972931,-35.4000260821141],[149.133878188749,-35.4029958813778],[149.138408716575,-35.4018636889442],[149.141740344728,-35.4054779524936],[149.139975397512,-35.4063303466397],[149.138278379245,-35.4072706949893],[149.136655821108,-35.4082953801094],[149.134121474017,-35.4100010271613],[149.133336468495,-35.4104902767631],[149.132509041585,-35.4109301930904],[149.131643809318,-35.4113183215343],[149.130745598888,-35.411652496401],[149.12981942171,-35.4119308530093],[149.1297326703,-35.4116826081794],[149.129667847273,-35.4114299165027],[149.129625284992,-35.411174074384],[149.129562460876,-35.4106590908578],[149.129535619416,-35.4105059094958],[149.129492827735,-35.4103551774888],[149.129434401325,-35.4102080058433],[149.129360770912,-35.4100654793175],[149.12927247928,-35.4099286484268],[149.129170177262,-35.409798521701],[149.129054618949,-35.4096760582518],[149.128926656126,-35.409562160704],[149.128787231993,-35.4094576685441],[149.128637374215,-35.409363351933],[149.128478187348,-35.4092799060307],[149.128310844693,-35.4092079458734],[149.128136579657,-35.409148001841],[149.127956676656,-35.4091005157487],[149.127772461654,-35.4090658375908],[149.127585292391,-35.4090442229622],[149.127396548376,-35.4090358311741],[149.127207620724,-35.4090407240805],[149.12475535921,-35.4091906715915],[149.124746546989,-35.4090940575528],[149.12499355021,-35.4086590725467],[149.124989548979,-35.4058572828737],[149.124990125577,-35.4058458358803],[149.12499188395,-35.4058344699651],[149.124994811469,-35.4058232667602],[149.124998887106,-35.4058123067291],[149.125004081591,-35.4058016685886],[149.125010357613,-35.4057914287436],[149.125017670099,-35.4057816607385],[149.125025966527,-35.4057724347288],[149.125035187311,-35.4057638169772],[149.125045266226,-35.4057558693777],[149.125056130883,-35.4057486490113],[149.125067703251,-35.4057422077358],[149.125079900213,-35.4057365918134],[149.125092634171,-35.4057318415785],[149.124009399588,-35.4049067515063],[149.123926230578,-35.4043574382991],[149.124202845328,-35.4041622707551],[149.125873625868,-35.4043044280665],[149.126114207726,-35.4038556801398],[149.125550190153,-35.3988159668358]]]},"properties":{"OBJECTID":327,"ID":84,"DIVISION_CODE":606,"DIVISION_NAME":"MACARTHUR","LAST_UPDATE_DATE":"Fri, 19 Feb 1999 09:47:44 GMT","DIVISION_SHORT":"MACA","GlobalID":"48766e35-1756-44e9-864d-4181b32267d1"}},{"type":"Feature","id":328,"geometry":{"type":"Polygon","coordinates":[[[149.103307901503,-35.4208166974882],[149.104866660506,-35.4206102395581],[149.106397616932,-35.4202937412803],[149.107889198515,-35.4198695953092],[149.109330131143,-35.4193410079586],[149.11070952418,-35.4187119749215],[149.112016952873,-35.4179872510186],[149.114524856009,-35.4164627981978],[149.115101615781,-35.4171167532063],[149.115246694897,-35.4172694285295],[149.1154047379,-35.4174132218653],[149.115574935888,-35.4175473971905],[149.115756417733,-35.4176712677101],[149.115948254532,-35.4177841993733],[149.115307637905,-35.4185713486975],[149.11520934649,-35.4187029418752],[149.115123848705,-35.4188403914017],[149.115051662033,-35.4189828654626],[149.114993223407,-35.4191295018313],[149.114834664248,-35.4195869971301],[149.114744674774,-35.4198103698851],[149.114632050949,-35.4200267549489],[149.114497590846,-35.4202346186278],[149.11434224733,-35.4204324876135],[149.114167121308,-35.4206189594276],[149.113973453932,-35.4207927123634],[149.113762617797,-35.4209525148563],[149.11353610722,-35.4210972342145],[149.112814436644,-35.421519535462],[149.112698573583,-35.4215934999016],[149.112590643465,-35.421675110528],[149.112491397143,-35.4217637996091],[149.112401525068,-35.4218589501684],[149.112321652483,-35.4219599002768],[149.112252335078,-35.422065947657],[149.112194055115,-35.4221763545686],[149.112147218079,-35.42229035294],[149.112112149856,-35.4224071497115],[149.112089094459,-35.4225259323516],[149.112078212334,-35.4226458745103],[149.11207957924,-35.4227661417672],[149.112093185724,-35.4228858974363],[149.112118937179,-35.4230043083876],[149.112156654506,-35.423120550842],[149.112206075358,-35.4232338161036],[149.112266855961,-35.4233433161855],[149.112338573505,-35.4234482892922],[149.112420729088,-35.4235480051197],[149.112512751184,-35.423641769937],[149.112613999615,-35.4237289314128],[149.11272377001,-35.423808883154],[149.114476823568,-35.4249822218814],[149.11436168739,-35.4251063453717],[149.114257768726,-35.4252369323795],[149.114165607089,-35.4253733050091],[149.114085680969,-35.4255147553269],[149.113672556154,-35.4263209067543],[149.115175310098,-35.4268368384638],[149.115296191543,-35.4268828147367],[149.11541248017,-35.426936140023],[149.115523510287,-35.4269965090661],[149.1156286463,-35.4270635762874],[149.115727286351,-35.4271369577643],[149.115818865764,-35.427216233428],[149.11635587911,-35.4277178157701],[149.116499450336,-35.427842065388],[149.116654122564,-35.4279570436566],[149.116819004648,-35.4280620880975],[149.116993146604,-35.4281565934667],[149.117175545084,-35.4282400152432],[149.117365149157,-35.428311872766],[149.117560866365,-35.428371752005],[149.118909295445,-35.4287371878475],[149.119024036123,-35.4287728184062],[149.119134626514,-35.42881636195],[149.119240253796,-35.4288674984416],[149.119340141619,-35.4289258520365],[149.119433555812,-35.4289909938452],[149.119519809782,-35.4290624450851],[149.119598269555,-35.429139680599],[149.11966835844,-35.429222132715],[149.119729561265,-35.4293091954182],[149.119781428165,-35.4294002288043],[149.119823577891,-35.4294945637831],[149.120316797969,-35.4293662674571],[149.120446990498,-35.429337137445],[149.120579654143,-35.4293168048639],[149.120713903089,-35.4293054054754],[149.120848840941,-35.429303015393],[149.121707549684,-35.4293165322121],[149.121837085302,-35.4293230427176],[149.121965492844,-35.4293384478214],[149.122091862259,-35.4293626383432],[149.122215297939,-35.4293954428382],[149.122334925066,-35.4294366288127],[149.122449895812,-35.4294859043713],[149.122559395344,-35.4295429202855],[149.122662647601,-35.4296072724685],[149.122806013817,-35.4294931673836],[149.122835238666,-35.4294716846662],[149.122866450784,-35.4294521642028],[149.122899454018,-35.4294347286694],[149.122934040959,-35.4294194876387],[149.122969994245,-35.4294065368924],[149.12300708793,-35.4293959578189],[149.123045088899,-35.4293878169017],[149.123083758336,-35.429382165302],[149.123122853225,-35.4293790385368],[149.123162127876,-35.4293784562561],[149.125002328235,-35.429410886803],[149.125039248854,-35.429410269862],[149.125075976557,-35.4294071236748],[149.125112253156,-35.4294014703587],[149.125147823635,-35.4293933496554],[149.125182437941,-35.4293828186518],[149.125215852744,-35.4293699513785],[149.125247833147,-35.4293548382898],[149.125278154334,-35.4293375856271],[149.125306603157,-35.4293183146729],[149.125332979628,-35.4292971608973],[149.125357098329,-35.4292742730063],[149.125378789713,-35.4292498118962],[149.125397901299,-35.4292239495222],[149.125414298739,-35.4291968676901],[149.125427866766,-35.4291687567778],[149.125438510005,-35.4291398143973],[149.125446153639,-35.4291102440053],[149.125450743939,-35.429080253473],[149.12545224864,-35.4290500536249],[149.125450513627,-35.4278407255792],[149.128008306759,-35.428283121823],[149.128044291649,-35.4282906554579],[149.128079373045,-35.4283006439595],[149.128113301449,-35.4283130162898],[149.128145835563,-35.4283276844571],[149.128176744005,-35.4283445441418],[149.128205806953,-35.4283634754381],[149.128232817713,-35.4283843437071],[149.128257584181,-35.4284070005339],[149.128279930217,-35.4284312847835],[149.128299696894,-35.4284570237463],[149.12831674363,-35.4284840343668],[149.128330949184,-35.4285121245454],[149.128342212525,-35.4285410945042],[149.128350453543,-35.4285707382083],[149.128355613625,-35.428600844831],[149.128415485718,-35.4291034266434],[149.128424596518,-35.4291595480194],[149.128438468404,-35.4292150124751],[149.128457033799,-35.4292695497674],[149.128480202253,-35.4293228941702],[149.12850786089,-35.429374785769],[149.129881568145,-35.4317246578697],[149.129453467949,-35.4318412349391],[149.12890266118,-35.4320133612781],[149.128372231624,-35.4322240441063],[149.127866199306,-35.4324716867969],[149.127388399458,-35.4327544126046],[149.126942453467,-35.433070078881],[149.12653174143,-35.4334162933041],[149.126159376533,-35.4337904320007],[149.125828181459,-35.4341896594237],[149.125540666982,-35.4346109498344],[149.125299012921,-35.4350511102266],[149.124710552476,-35.4362612748344],[149.124238580817,-35.4359954248303],[149.123743787779,-35.4357589977389],[149.123228906561,-35.4355532995036],[149.122617451428,-35.4353485364965],[149.118468242436,-35.4340153040356],[149.117519379617,-35.4337469663734],[149.116546630346,-35.4335438494155],[149.115556674157,-35.4334073479574],[149.114556308623,-35.4333383993746],[149.113552402732,-35.4333374771898],[149.112551849775,-35.433404587823],[149.111485517914,-35.4335126648029],[149.110662323418,-35.433570530192],[149.109836144218,-35.4335777116268],[149.109011633032,-35.4335341686107],[149.108193433182,-35.4334401463064],[149.107386152424,-35.4332961741552],[149.106358498983,-35.4330795437903],[149.106326170201,-35.4327261939494],[149.106270565251,-35.4323226471906],[149.106178114055,-35.4319236538189],[149.106049338577,-35.431531464167],[149.105884965619,-35.4311482901633],[149.105685922712,-35.4307762928593],[149.105453332877,-35.4304175702435],[149.105188508279,-35.430074145413],[149.104750532404,-35.4295507989371],[149.104401796046,-35.429096386404],[149.104098204556,-35.4286207622242],[149.103841670859,-35.4281269245252],[149.103633811147,-35.4276179861931],[149.10347593472,-35.4270971552444],[149.103369035748,-35.4265677145991],[149.103313787028,-35.4260330013843],[149.103310535771,-35.4254963858958],[149.103418667379,-35.4229500891429],[149.10342661647,-35.4225954631771],[149.103420354563,-35.4222408145429],[149.10339988858,-35.4218865246949],[149.103342178836,-35.4211453181444],[149.103332673986,-35.4210356474607],[149.103321247421,-35.4209260997215],[149.103307901503,-35.4208166974882]]]},"properties":{"OBJECTID":328,"ID":87,"DIVISION_CODE":607,"DIVISION_NAME":"RICHARDSON","LAST_UPDATE_DATE":"Fri, 19 Feb 1999 09:47:44 GMT","DIVISION_SHORT":"RICH","GlobalID":"cbf3b5c5-ed0d-418a-9ce5-7defcf4aa7bf"}},{"type":"Feature","id":329,"geometry":{"type":"Polygon","coordinates":[[[149.12981942171,-35.4119308530093],[149.130745598888,-35.411652496401],[149.131643809318,-35.4113183215343],[149.132509041585,-35.4109301930904],[149.133336468495,-35.4104902767631],[149.134121474017,-35.4100010271613],[149.136655821108,-35.4082953801094],[149.138278379245,-35.4072706949893],[149.139975397512,-35.4063303466397],[149.141740344728,-35.4054779524936],[149.142141446485,-35.4053147459833],[149.142557427485,-35.4051787805944],[149.142985533209,-35.4050709566168],[149.143422928893,-35.4049919879954],[149.143866718295,-35.4049423976055],[149.144313962859,-35.4049225137924],[149.144761701168,-35.4049324681992],[149.145206968537,-35.4049721948956],[149.145646816641,-35.4050414308148],[149.145365695321,-35.405489804617],[149.145132684999,-35.4059563020486],[149.144949511144,-35.4064374703631],[149.144817530441,-35.4069297481638],[149.144737720719,-35.4074294917595],[149.144710673694,-35.407933002131],[149.144702296753,-35.4153911667729],[149.144639034213,-35.416587704103],[149.144452384449,-35.4177755752332],[149.144143679368,-35.4189462691496],[149.143715125628,-35.4200913975421],[149.143169788975,-35.4212027549241],[149.14251157241,-35.4222723774531],[149.141745188346,-35.4232926000277],[149.14087612494,-35.4242561112533],[149.139910606857,-35.4251560058798],[149.139375120021,-35.4246926501999],[149.139350435097,-35.4247102003969],[149.139324021453,-35.4247259746372],[149.139296069238,-35.4247398593644],[149.139266779673,-35.4247517546245],[149.139236363611,-35.4247615747851],[149.13920504001,-35.4247692491522],[149.139173034365,-35.424774722479],[149.139140577081,-35.4247779553637],[149.139107901812,-35.4247789245332],[149.139075243784,-35.4247776230103],[149.139042838097,-35.4247740601646],[149.139010918036,-35.4247682616443],[149.138979713388,-35.424760269192],[149.138949448791,-35.4247501403444],[149.138920342115,-35.4247379480174],[149.138892602896,-35.4247237799817],[149.138866430822,-35.424707738231],[149.138618517061,-35.4245418931167],[149.138533608031,-35.4244810146502],[149.138453977819,-35.4244155309626],[149.138379998404,-35.4243457479579],[149.138312015362,-35.4242719916235],[149.137959868714,-35.4238614773496],[149.137930706705,-35.4238246166504],[149.137905000065,-35.4237860713976],[149.137882893248,-35.4237460581965],[149.137864510478,-35.4237048019015],[149.137849955052,-35.4236625343519],[149.135035312306,-35.4229393744132],[149.134476537193,-35.4229807484876],[149.133497918718,-35.4221676525402],[149.132921678516,-35.421244779124],[149.132455288373,-35.4201084995512],[149.131797129458,-35.4192231432396],[149.130432769027,-35.4184858959744],[149.130393450166,-35.418466525528],[149.130352297013,-35.4184499031725],[149.130309595556,-35.4184361444224],[149.130265642542,-35.4184253448922],[149.130220743417,-35.4184175796315],[149.130175210198,-35.418412902604],[149.130129359312,-35.418411346312],[149.130083509392,-35.4184129215709],[149.130037979064,-35.418417617434],[149.12932792534,-35.4185156113404],[149.128072477496,-35.4184360480083],[149.127617961516,-35.418290003743],[149.127448584223,-35.4180925736306],[149.128612256156,-35.4174762746987],[149.128971271792,-35.4172674591042],[149.129306765706,-35.4170338988504],[149.129616200655,-35.4167773604502],[149.129897236558,-35.4164997841887],[149.130147748187,-35.416203269444],[149.130365841242,-35.4158900588044],[149.130549866668,-35.4155625211029],[149.130698433114,-35.415223133498],[149.130810417451,-35.4148744627355],[149.13088497325,-35.4145191457344],[149.130904168798,-35.4143369039296],[149.130905242611,-35.4141539880043],[149.130888187735,-35.4139716035708],[149.1308531167,-35.4137909527302],[149.130800260778,-35.4136132261497],[149.130729968454,-35.4134395952153],[149.130642703126,-35.4132712043117],[149.13053904005,-35.4131091632804],[149.130192295788,-35.4126166639297],[149.13004867005,-35.4123953262873],[149.129924178148,-35.4121663536992],[149.12981942171,-35.4119308530093]]]},"properties":{"OBJECTID":329,"ID":78,"DIVISION_CODE":608,"DIVISION_NAME":"GILMORE","LAST_UPDATE_DATE":"Fri, 19 Feb 1999 09:47:44 GMT","DIVISION_SHORT":"GILM","GlobalID":"6cfc1aad-6835-4f0c-a55c-a1ae5f1ccf38"}},{"type":"Feature","id":330,"geometry":{"type":"Polygon","coordinates":[[[149.114524856009,-35.4164627981978],[149.118114634292,-35.4142805262954],[149.118900701348,-35.413844396433],[149.119729746178,-35.4134653374715],[149.120595601841,-35.4131461687542],[149.121491827863,-35.4128892641278],[149.122411758105,-35.4126965343033],[149.123348550309,-35.4125694126606],[149.124295236941,-35.4125088445991],[149.1261941275,-35.4124546212664],[149.12711502647,-35.4124018931393],[149.128029176452,-35.4122966372115],[149.128932111796,-35.4121393677262],[149.12981942171,-35.4119308530093],[149.129924178148,-35.4121663536992],[149.13004867005,-35.4123953262873],[149.130192295788,-35.4126166639297],[149.13053904005,-35.4131091632804],[149.130642703126,-35.4132712043117],[149.130729968454,-35.4134395952153],[149.130800260778,-35.4136132261497],[149.1308531167,-35.4137909527302],[149.130888187735,-35.4139716035708],[149.130905242611,-35.4141539880043],[149.130904168798,-35.4143369039296],[149.13088497325,-35.4145191457344],[149.130810417451,-35.4148744627355],[149.130698433114,-35.415223133498],[149.130549866668,-35.4155625211029],[149.130365841242,-35.4158900588044],[149.130147748187,-35.416203269444],[149.129897236558,-35.4164997841887],[149.129616200655,-35.4167773604502],[149.129306765706,-35.4170338988504],[149.128971271792,-35.4172674591042],[149.128612256156,-35.4174762746987],[149.127448584223,-35.4180925736306],[149.127617961516,-35.418290003743],[149.128072477496,-35.4184360480083],[149.12932792534,-35.4185156113404],[149.130037979064,-35.418417617434],[149.130083509392,-35.4184129215709],[149.130129359312,-35.418411346312],[149.130175210198,-35.418412902604],[149.130220743417,-35.4184175796315],[149.130265642542,-35.4184253448922],[149.130309595556,-35.4184361444224],[149.130352297013,-35.4184499031725],[149.130393450166,-35.418466525528],[149.130432769027,-35.4184858959744],[149.131797129458,-35.4192231432396],[149.132455288373,-35.4201084995512],[149.132921678516,-35.421244779124],[149.133497918718,-35.4221676525402],[149.134476537193,-35.4229807484876],[149.135035312306,-35.4229393744132],[149.137849955052,-35.4236625343519],[149.137864510478,-35.4237048019015],[149.137882893248,-35.4237460581965],[149.137905000065,-35.4237860713976],[149.137930706705,-35.4238246166504],[149.137959868714,-35.4238614773496],[149.138312015362,-35.4242719916235],[149.138379998404,-35.4243457479579],[149.138453977819,-35.4244155309626],[149.138533608031,-35.4244810146502],[149.138618517061,-35.4245418931167],[149.138866430822,-35.424707738231],[149.138892602896,-35.4247237799817],[149.138920342115,-35.4247379480174],[149.138949448791,-35.4247501403444],[149.138979713388,-35.424760269192],[149.139010918036,-35.4247682616443],[149.139042838097,-35.4247740601646],[149.139075243784,-35.4247776230103],[149.139107901812,-35.4247789245332],[149.139140577081,-35.4247779553637],[149.139173034365,-35.424774722479],[149.13920504001,-35.4247692491522],[149.139236363611,-35.4247615747851],[149.139266779673,-35.4247517546245],[149.139296069238,-35.4247398593644],[149.139324021453,-35.4247259746372],[149.139350435097,-35.4247102003969],[149.139375120021,-35.4246926501999],[149.139910606857,-35.4251560058798],[149.139612335423,-35.4254051203539],[149.139306650928,-35.4256481406248],[149.138993739123,-35.4258849189634],[149.133050082861,-35.4302720648397],[149.132532781382,-35.4306233090631],[149.131981865789,-35.4309384607573],[149.131401085019,-35.4312153750944],[149.13079439139,-35.4314521674505],[149.130165913701,-35.4316472262407],[149.129881568145,-35.4317246578697],[149.12850786089,-35.429374785769],[149.128480202253,-35.4293228941701],[149.128457033799,-35.4292695497674],[149.128438468404,-35.4292150124751],[149.128424596518,-35.4291595480194],[149.128415485718,-35.4291034266434],[149.128355613625,-35.428600844831],[149.128350453543,-35.4285707382083],[149.128342212525,-35.4285410945042],[149.128330949184,-35.4285121245454],[149.12831674363,-35.4284840343668],[149.128299696894,-35.4284570237463],[149.128279930217,-35.4284312847835],[149.128257584181,-35.4284070005339],[149.128232817713,-35.4283843437071],[149.128205806953,-35.4283634754381],[149.128176744005,-35.4283445441418],[149.128145835563,-35.4283276844571],[149.128113301449,-35.4283130162898],[149.128079373045,-35.4283006439595],[149.128044291649,-35.4282906554579],[149.128008306759,-35.428283121823],[149.125450513627,-35.4278407255792],[149.12545224864,-35.4290500536249],[149.125450743939,-35.429080253473],[149.125446153639,-35.4291102440053],[149.125438510005,-35.4291398143973],[149.125427866766,-35.4291687567778],[149.125414298739,-35.4291968676901],[149.125397901299,-35.4292239495222],[149.125378789713,-35.4292498118962],[149.125357098329,-35.4292742730063],[149.125332979628,-35.4292971608973],[149.125306603157,-35.4293183146729],[149.125278154334,-35.4293375856271],[149.125247833147,-35.4293548382898],[149.125215852744,-35.4293699513785],[149.125182437941,-35.4293828186518],[149.125147823635,-35.4293933496554],[149.125112253156,-35.4294014703587],[149.125075976557,-35.4294071236748],[149.125039248854,-35.429410269862],[149.125002328235,-35.429410886803],[149.123162127876,-35.4293784562561],[149.123122853225,-35.4293790385368],[149.123083758336,-35.429382165302],[149.123045088899,-35.4293878169017],[149.12300708793,-35.4293959578189],[149.122969994245,-35.4294065368924],[149.122934040959,-35.4294194876387],[149.122899454018,-35.4294347286694],[149.122866450784,-35.4294521642028],[149.122835238666,-35.4294716846662],[149.122806013817,-35.4294931673836],[149.122662647601,-35.4296072724685],[149.122559395344,-35.4295429202855],[149.122449895812,-35.4294859043713],[149.122334925066,-35.4294366288127],[149.122215297939,-35.4293954428382],[149.122091862259,-35.4293626383432],[149.121965492844,-35.4293384478214],[149.121837085302,-35.4293230427176],[149.121707549684,-35.4293165322121],[149.120848840941,-35.429303015393],[149.120713903089,-35.4293054054754],[149.120579654143,-35.4293168048639],[149.120446990498,-35.429337137445],[149.120316797969,-35.4293662674571],[149.119823577891,-35.4294945637831],[149.119781428165,-35.4294002288043],[149.119729561265,-35.4293091954182],[149.11966835844,-35.429222132715],[149.119598269555,-35.429139680599],[149.119519809782,-35.4290624450851],[149.119433555812,-35.4289909938452],[149.119340141619,-35.4289258520365],[149.119240253796,-35.4288674984416],[149.119134626514,-35.42881636195],[149.119024036123,-35.4287728184062],[149.118909295445,-35.4287371878475],[149.117560866365,-35.428371752005],[149.117365149157,-35.428311872766],[149.117175545084,-35.4282400152432],[149.116993146604,-35.4281565934667],[149.116819004648,-35.4280620880975],[149.116654122564,-35.4279570436566],[149.116499450336,-35.427842065388],[149.11635587911,-35.4277178157701],[149.115818865764,-35.427216233428],[149.115727286351,-35.4271369577643],[149.1156286463,-35.4270635762874],[149.115523510287,-35.4269965090661],[149.11541248017,-35.4269361400231],[149.115296191543,-35.4268828147367],[149.115175310098,-35.4268368384638],[149.113672556154,-35.4263209067543],[149.114085680969,-35.4255147553269],[149.114165607089,-35.4253733050091],[149.114257768726,-35.4252369323795],[149.11436168739,-35.4251063453717],[149.114476823568,-35.4249822218814],[149.11272377001,-35.423808883154],[149.112613999615,-35.4237289314128],[149.112512751184,-35.423641769937],[149.112420729088,-35.4235480051197],[149.112338573505,-35.4234482892922],[149.112266855961,-35.4233433161855],[149.112206075358,-35.4232338161036],[149.112156654506,-35.423120550842],[149.112118937179,-35.4230043083876],[149.112093185724,-35.4228858974363],[149.11207957924,-35.4227661417672],[149.112078212334,-35.4226458745103],[149.112089094459,-35.4225259323516],[149.112112149856,-35.4224071497115],[149.112147218079,-35.42229035294],[149.112194055115,-35.4221763545686],[149.112252335078,-35.422065947657],[149.112321652483,-35.4219599002768],[149.112401525068,-35.4218589501684],[149.112491397143,-35.4217637996091],[149.112590643465,-35.421675110528],[149.112698573583,-35.4215934999016],[149.112814436644,-35.421519535462],[149.11353610722,-35.4210972342145],[149.113762617797,-35.4209525148563],[149.113973453932,-35.4207927123634],[149.114167121308,-35.4206189594276],[149.11434224733,-35.4204324876135],[149.114497590846,-35.4202346186278],[149.114632050949,-35.4200267549489],[149.114744674774,-35.4198103698851],[149.114834664248,-35.4195869971301],[149.114993223407,-35.4191295018313],[149.115051662033,-35.4189828654626],[149.115123848705,-35.4188403914017],[149.11520934649,-35.4187029418752],[149.115307637905,-35.4185713486975],[149.115948254532,-35.4177841993733],[149.115756417733,-35.4176712677101],[149.115574935888,-35.4175473971905],[149.1154047379,-35.4174132218653],[149.115246694897,-35.4172694285295],[149.115101615781,-35.4171167532063],[149.114524856009,-35.4164627981978]]]},"properties":{"OBJECTID":330,"ID":75,"DIVISION_CODE":609,"DIVISION_NAME":"CHISHOLM","LAST_UPDATE_DATE":"Fri, 19 Feb 1999 09:47:44 GMT","DIVISION_SHORT":"CHIS","GlobalID":"be436468-ce12-44ee-b8c4-5c8bce6e8956"}},{"type":"Feature","id":331,"geometry":{"type":"Polygon","coordinates":[[[149.116019556807,-35.4611937929409],[149.109640219677,-35.4568222524059],[149.107718402011,-35.4531518310831],[149.110292094774,-35.4512339602719],[149.108587475862,-35.4477655953627],[149.109007735337,-35.4471112837653],[149.109440788735,-35.4456493393276],[149.110127710363,-35.4456765657494],[149.110815134144,-35.4456598624666],[149.111498870698,-35.4455993313127],[149.112174753139,-35.4454953412203],[149.112838662494,-35.4453485259703],[149.113475261519,-35.4451856802377],[149.114936065685,-35.4447653163869],[149.116357151018,-35.4442619882995],[149.117731490731,-35.4436781852073],[149.119052289648,-35.4430167942386],[149.119392780289,-35.4428325232487],[149.120166350977,-35.4423731749602],[149.120888330892,-35.441860664756],[149.121553282,-35.4412988537242],[149.122156196211,-35.4406919742708],[149.122692533098,-35.4400445982126],[149.123158254071,-35.4393616023162],[149.12354985277,-35.43864813154],[149.124710552476,-35.4362612748344],[149.125039455616,-35.4364573796962],[149.125350948049,-35.4366716817368],[149.125643529462,-35.4369031488484],[149.125767395515,-35.437225239815],[149.125920385482,-35.4375388354235],[149.126101640578,-35.4378421746905],[149.126310143266,-35.4381335542082],[149.12944399948,-35.4421589181364],[149.129796950668,-35.4426547397092],[149.130100605362,-35.4431719594869],[149.130353039451,-35.4437073016919],[149.130552653119,-35.4442573757082],[149.130698181006,-35.4448186975492],[149.130788700246,-35.4453877119183],[149.130823636337,-35.4459608147233],[149.130802766812,-35.446534375901],[149.130726222676,-35.4471047624088],[149.130594487606,-35.4476683612369],[149.129308319554,-35.4521876678825],[149.125053317846,-35.454015671295],[149.122468194777,-35.4562264808149],[149.119500865128,-35.4590655667322],[149.116019556807,-35.4611937929409]]]},"properties":{"OBJECTID":331,"ID":88,"DIVISION_CODE":610,"DIVISION_NAME":"THEODORE","LAST_UPDATE_DATE":"Fri, 19 Feb 1999 09:47:44 GMT","DIVISION_SHORT":"THEO","GlobalID":"ab70a75a-cfb7-45b5-8a2a-4f1e588cd878"}},{"type":"Feature","id":332,"geometry":{"type":"Polygon","coordinates":[[[149.091307319588,-35.4376753030309],[149.095224295338,-35.4348343035898],[149.095918988763,-35.4343703277466],[149.096657494743,-35.4339541425778],[149.097434917453,-35.4335885067064],[149.098246103345,-35.4332758436493],[149.099085675282,-35.4330182257678],[149.099948068163,-35.432817360545],[149.100827565782,-35.4326745792801],[149.101718338685,-35.4325908282741],[149.102614482769,-35.4325666625657],[149.103510058384,-35.4326022422576],[149.104399129653,-35.4326973314585],[149.105275803783,-35.4328512998464],[149.107386152424,-35.4332961741552],[149.108193433182,-35.4334401463064],[149.109011633032,-35.4335341686107],[149.109836144218,-35.4335777116268],[149.110662323418,-35.433570530192],[149.111485517914,-35.4335126648029],[149.112551849775,-35.433404587823],[149.113552402732,-35.4333374771898],[149.114556308623,-35.4333383993746],[149.115556674157,-35.4334073479574],[149.116546630346,-35.4335438494155],[149.117519379617,-35.4337469663734],[149.118468242436,-35.4340153040356],[149.122617451428,-35.4353485364965],[149.123228906561,-35.4355532995036],[149.123743787779,-35.4357589977389],[149.124238580817,-35.4359954248303],[149.124710552476,-35.4362612748344],[149.12354985277,-35.43864813154],[149.123158254071,-35.4393616023162],[149.122692533098,-35.4400445982126],[149.122156196211,-35.4406919742708],[149.121553282,-35.4412988537243],[149.120888330892,-35.441860664756],[149.120166350977,-35.4423731749602],[149.119392780289,-35.4428325232487],[149.119052289648,-35.4430167942386],[149.117731490731,-35.4436781852073],[149.116357151018,-35.4442619882995],[149.114936065685,-35.4447653163869],[149.113475261519,-35.4451856802377],[149.112838662494,-35.4453485259703],[149.112174753139,-35.4454953412203],[149.111498870698,-35.4455993313127],[149.110815134144,-35.4456598624666],[149.110127710363,-35.4456765657494],[149.109440788735,-35.4456493393276],[149.109007735337,-35.4471112837653],[149.108587475862,-35.4477655953627],[149.110292094774,-35.4512339602719],[149.107718402011,-35.4531518310831],[149.093796627526,-35.4433351228545],[149.093802696537,-35.4428818899118],[149.093762361071,-35.4424298332116],[149.093675905294,-35.441982128867],[149.093491504242,-35.4412325238857],[149.093333372198,-35.4407016161192],[149.093123354271,-35.4401828964341],[149.092862823981,-35.4396797548729],[149.092553484873,-35.4391954796105],[149.092197359363,-35.4387332354716],[149.091307319588,-35.4376753030309]]]},"properties":{"OBJECTID":332,"ID":74,"DIVISION_CODE":611,"DIVISION_NAME":"CALWELL","LAST_UPDATE_DATE":"Fri, 19 Feb 1999 09:47:44 GMT","DIVISION_SHORT":"CALW","GlobalID":"d437c666-17fa-4730-8844-7cb2dcb4b871"}},{"type":"Feature","id":333,"geometry":{"type":"Polygon","coordinates":[[[149.07829216731,-35.4238253019021],[149.078862217468,-35.4235888509269],[149.079368782802,-35.4233986425284],[149.079891892178,-35.4232412739502],[149.080428373838,-35.4231176993126],[149.080974975001,-35.4230286678343],[149.081528381577,-35.422974719293],[149.082085238244,-35.4229561807553],[149.082642168778,-35.4229731645956],[149.083195796517,-35.4230255678157],[149.083742764813,-35.4231130726695],[149.085370246921,-35.4234277299317],[149.08614996172,-35.4235501484312],[149.086939548136,-35.423618027816],[149.087733322295,-35.4236308795088],[149.088525570161,-35.4235886110518],[149.089310588707,-35.423491526771],[149.090082727002,-35.4233403255819],[149.090836426922,-35.4231360959535],[149.091566263187,-35.422880308064],[149.092266982447,-35.422574803209],[149.092766615501,-35.4223341610889],[149.09342390651,-35.4220442935615],[149.094105990083,-35.4217957544333],[149.094808994843,-35.4215899542502],[149.095528930779,-35.4214280609805],[149.096261711879,-35.4213109933922],[149.097003179304,-35.4212394158445],[149.102636144759,-35.4208709546031],[149.102860331758,-35.4208551402861],[149.103084262132,-35.4208370536553],[149.103307901503,-35.4208166974882],[149.103321247421,-35.4209260997215],[149.103332673986,-35.4210356474607],[149.103342178836,-35.4211453181444],[149.10339988858,-35.4218865246949],[149.103420354563,-35.4222408145429],[149.10342661647,-35.4225954631771],[149.103418667379,-35.4229500891429],[149.103310535771,-35.4254963858958],[149.103313787028,-35.4260330013843],[149.103369035748,-35.4265677145991],[149.10347593472,-35.4270971552444],[149.103633811147,-35.4276179861931],[149.103841670859,-35.4281269245252],[149.104098204556,-35.4286207622242],[149.104401796046,-35.429096386404],[149.104750532404,-35.4295507989371],[149.105188508279,-35.430074145413],[149.105453332877,-35.4304175702435],[149.105685922712,-35.4307762928593],[149.105884965619,-35.4311482901633],[149.106049338577,-35.431531464167],[149.106178114055,-35.4319236538189],[149.106270565251,-35.4323226471906],[149.106326170201,-35.4327261939494],[149.106358498983,-35.4330795437903],[149.105275803783,-35.4328512998464],[149.104399129653,-35.4326973314585],[149.103510058384,-35.4326022422576],[149.102614482769,-35.4325666625657],[149.101718338685,-35.4325908282741],[149.100827565782,-35.4326745792801],[149.099948068163,-35.432817360545],[149.099085675282,-35.4330182257678],[149.098246103345,-35.4332758436493],[149.097434917453,-35.4335885067064],[149.096657494743,-35.4339541425778],[149.095918988763,-35.4343703277466],[149.095224295338,-35.4348343035898],[149.091307319588,-35.4376753030309],[149.089992923992,-35.4362900415143],[149.089131792125,-35.4353068016587],[149.088365296504,-35.4342724310311],[149.087697944479,-35.4331930170236],[149.087133659429,-35.4320749118869],[149.086553183193,-35.4307867624656],[149.086279716297,-35.4302480842147],[149.085953942858,-35.429729262037],[149.085577996042,-35.429233691664],[149.085154337272,-35.428764616587],[149.084685740096,-35.4283251068378],[149.084175272026,-35.4279180389051],[149.083626274459,-35.4275460769189],[149.083042340802,-35.4272116552244],[149.081959375101,-35.4266434067459],[149.08112847375,-35.4261712703326],[149.080342189294,-35.4256504556303],[149.079604769007,-35.4250837764342],[149.078920195923,-35.4244742942828],[149.07829216731,-35.4238253019021]]]},"properties":{"OBJECTID":333,"ID":82,"DIVISION_CODE":612,"DIVISION_NAME":"ISABELLA PLAINS","LAST_UPDATE_DATE":"Fri, 19 Feb 1999 09:47:44 GMT","DIVISION_SHORT":"ISAB","GlobalID":"3fcb1d32-76de-47c2-a8ea-3bdb3ba97333"}},{"type":"Feature","id":334,"geometry":{"type":"Polygon","coordinates":[[[149.090818732834,-35.4640985037965],[149.09091126009,-35.4604281129963],[149.090966325335,-35.4604290419277],[149.091099382151,-35.455150173306],[149.091184554881,-35.4530020123069],[149.091317740843,-35.4514480362399],[149.091593168268,-35.4499066321196],[149.092009273578,-35.448386504856],[149.092563699065,-35.4468962387083],[149.093442679279,-35.4448173110165],[149.093578588044,-35.4444552931163],[149.093683198133,-35.4440863785557],[149.093755996842,-35.4437123769531],[149.093796627526,-35.4433351228545],[149.107718402011,-35.4531518310831],[149.109640219677,-35.4568222524059],[149.116019556807,-35.4611937929409],[149.119500865128,-35.4590655667322],[149.122468194777,-35.4562264808149],[149.121104773306,-35.4646779336423],[149.115664698743,-35.4720447606563],[149.111013484629,-35.4711003479881],[149.109852735626,-35.4702854824091],[149.108790810399,-35.4696018207259],[149.108404247318,-35.4692284826498],[149.108156936081,-35.468919395606],[149.108068168525,-35.4685094539295],[149.107934757517,-35.4684606855632],[149.107806042717,-35.4684040977285],[149.107682707818,-35.4683399910046],[149.107565407931,-35.4682687059086],[149.107454766104,-35.4681906210863],[149.107351370016,-35.4681061513009],[149.10665251904,-35.4674920034241],[149.106597696388,-35.4674471041557],[149.106539147343,-35.4674054724441],[149.106477162229,-35.4673673147232],[149.10590740269,-35.4670416254746],[149.105708123615,-35.4669182828853],[149.105520806531,-35.4667829745239],[149.105346522376,-35.4666364740208],[149.105242226051,-35.4665418984622],[149.105045351684,-35.4666737270946],[149.104835650293,-35.4667915765345],[149.104614600868,-35.4668946155751],[149.104383762456,-35.4669821174652],[149.104144763164,-35.4670534650362],[149.103899288675,-35.4671081550564],[149.103649070356,-35.4671458017814],[149.103395873044,-35.4671661396757],[149.103141482594,-35.4671690252861],[149.102802006142,-35.4671504578422],[149.102465292948,-35.4671105173955],[149.102133350639,-35.4670494420789],[149.101808158386,-35.46696759604],[149.101163448185,-35.4667608163724],[149.100538926403,-35.4665160595404],[149.099937930348,-35.4662346335079],[149.099363671513,-35.4659180421897],[149.098819218409,-35.4655679774094],[149.098307480155,-35.4651863098521],[149.096824364781,-35.463996072985],[149.096672954246,-35.4638790723175],[149.096516245658,-35.4637668382407],[149.096354463075,-35.4636595312108],[149.095931811753,-35.4633898648782],[149.09581825949,-35.4635092509897],[149.095692870662,-35.4636204267165],[149.095556528432,-35.4637226089596],[149.095410193129,-35.4638150779652],[149.09525489548,-35.463897182395],[149.095091729354,-35.4639683439147],[149.094921844054,-35.4640280612687],[149.09474643622,-35.4640759138115],[149.094566741402,-35.4641115644711],[149.094384025353,-35.4641347621242],[149.094152072385,-35.4641516958324],[149.093919413308,-35.4641598925979],[149.093686539568,-35.4641593351039],[149.090818732834,-35.4640985037965]]]},"properties":{"OBJECTID":334,"ID":123,"DIVISION_CODE":613,"DIVISION_NAME":"CONDER","LAST_UPDATE_DATE":"Thu, 14 Mar 2002 12:03:58 GMT","DIVISION_SHORT":"COND","GlobalID":"eb488fa2-0d93-4817-8b01-9245abe51f6f"}},{"type":"Feature","id":335,"geometry":{"type":"Polygon","coordinates":[[[149.09079753933,-35.4751994610588],[149.090853301692,-35.4729877955891],[149.090904055534,-35.4724032994975],[149.090941911793,-35.4718169005356],[149.090953726459,-35.4712297639276],[149.090939484534,-35.4706426633115],[149.090812048364,-35.4678999005308],[149.09080111617,-35.4675830904128],[149.090797751567,-35.4672661660211],[149.090801955751,-35.4669492483237],[149.090873794676,-35.4640996725792],[149.093686539568,-35.4641593351039],[149.093919413308,-35.4641598925979],[149.094152072385,-35.4641516958324],[149.094384025353,-35.4641347621242],[149.094566741402,-35.4641115644711],[149.09474643622,-35.4640759138115],[149.094921844054,-35.4640280612687],[149.095091729354,-35.4639683439147],[149.09525489548,-35.463897182395],[149.095410193129,-35.4638150779652],[149.095556528432,-35.4637226089596],[149.095692870662,-35.4636204267165],[149.09581825949,-35.4635092509897],[149.095931811753,-35.4633898648782],[149.096354463075,-35.4636595312108],[149.096516245658,-35.4637668382407],[149.096672954246,-35.4638790723175],[149.096824364781,-35.463996072985],[149.098307480155,-35.4651863098521],[149.098819218409,-35.4655679774094],[149.099363671513,-35.4659180421897],[149.099937930348,-35.4662346335079],[149.100538926403,-35.4665160595404],[149.101163448185,-35.4667608163724],[149.101808158386,-35.46696759604],[149.102133350639,-35.4670494420789],[149.102465292948,-35.4671105173955],[149.102802006142,-35.4671504578422],[149.103141482594,-35.4671690252861],[149.103395873044,-35.4671661396757],[149.103649070356,-35.4671458017814],[149.103899288675,-35.4671081550564],[149.104144763164,-35.4670534650362],[149.104383762456,-35.4669821174652],[149.104614600868,-35.4668946155751],[149.104835650293,-35.4667915765345],[149.105045351684,-35.4666737270946],[149.105242226051,-35.4665418984622],[149.105346522376,-35.4666364740208],[149.105520806531,-35.4667829745239],[149.105708123615,-35.4669182828853],[149.10590740269,-35.4670416254746],[149.106477162229,-35.4673673147232],[149.106539147343,-35.4674054724441],[149.106597696388,-35.4674471041557],[149.10665251904,-35.4674920034241],[149.107351370016,-35.4681061513009],[149.107454766104,-35.4681906210863],[149.107565407931,-35.4682687059086],[149.107682707818,-35.4683399910046],[149.107806042717,-35.4684040977285],[149.107934757517,-35.4684606855632],[149.108068168525,-35.4685094539295],[149.108156936081,-35.468919395606],[149.108404247318,-35.4692284826498],[149.108790810399,-35.4696018207259],[149.109852735626,-35.4702854824091],[149.111013484629,-35.4711003479881],[149.107831824074,-35.474943263947],[149.107572902784,-35.4781807703143],[149.101858510868,-35.4803328253724],[149.09079753933,-35.4751994610588]]]},"properties":{"OBJECTID":335,"ID":124,"DIVISION_CODE":614,"DIVISION_NAME":"BANKS","LAST_UPDATE_DATE":"Thu, 14 Mar 2002 12:04:12 GMT","DIVISION_SHORT":"BANK","GlobalID":"e7b14c24-6725-49c5-807f-b3ef069ade44"}},{"type":"Feature","id":336,"geometry":{"type":"Polygon","coordinates":[[[149.072103253685,-35.3963683583613],[149.074049624744,-35.4001161213458],[149.074307348576,-35.4006778874357],[149.074505533586,-35.4012556232305],[149.074642730243,-35.4018451068536],[149.074717934615,-35.4024420304908],[149.074730595745,-35.4030420318649],[149.074720398905,-35.4033696022975],[149.074670900434,-35.4040239098787],[149.074563438895,-35.4046735404252],[149.074398581502,-35.40531505656],[149.074177199217,-35.4059450637599],[149.073670381942,-35.4072119552431],[149.073409177283,-35.4079639245397],[149.073221168256,-35.4087304080957],[149.073107526464,-35.4095066380729],[149.073068960982,-35.4102877858675],[149.073105713895,-35.4110689921444],[149.073217558736,-35.4118453970659],[149.073403801842,-35.4126121705268],[149.073663286618,-35.4133645422091],[149.073994400681,-35.4140978312658],[149.074616705555,-35.4153248483328],[149.075037591367,-35.4162484791025],[149.075375105068,-35.417194770304],[149.075627447559,-35.4181586859444],[149.075834028044,-35.4191172211804],[149.076050374119,-35.4199400656422],[149.076341172453,-35.4207473904327],[149.076704801748,-35.4215346884173],[149.077139233929,-35.4222975641446],[149.077642045429,-35.4230317583978],[149.078210430685,-35.4237331719871],[149.077428644268,-35.4240562728037],[149.076982557872,-35.42422357257],[149.076522265763,-35.4243627241332],[149.076050414599,-35.4244729273413],[149.075569717545,-35.4245535484943],[149.075426766321,-35.4245719310601],[149.075283460231,-35.4245883587024],[149.07513983918,-35.4246028268467],[149.074345656211,-35.4246773273697],[149.07436101823,-35.4247870490962],[149.071889479101,-35.4250189832839],[149.071596709624,-35.425038387825],[149.071303011098,-35.4250417826208],[149.071009688848,-35.4250291525775],[149.070989359965,-35.4250276681081],[149.070969042675,-35.4250260808701],[149.070948737752,-35.4250243909241],[149.068622878069,-35.4252296748754],[149.066518133249,-35.4262018504168],[149.06555408961,-35.4269606675632],[149.06449695038,-35.427310044719],[149.064264226041,-35.427767424981],[149.065696045842,-35.4289275888226],[149.065410898173,-35.4293088813668],[149.067006373334,-35.4304943103191],[149.067706904566,-35.4314137872676],[149.068228177748,-35.4314587939659],[149.06860464328,-35.4318917869982],[149.068642261569,-35.4323186392891],[149.069022463798,-35.4330061183076],[149.069416244655,-35.4331540388479],[149.06953741006,-35.4333250113429],[149.069508149252,-35.4334942422219],[149.068796686861,-35.4338612464704],[149.0684190125,-35.4342878096818],[149.067531131065,-35.4341406378024],[149.067187007506,-35.434350595986],[149.066557124609,-35.4338743224173],[149.065927238639,-35.4332258183954],[149.065109618002,-35.4327423244735],[149.064721958405,-35.4325059285203],[149.064105735591,-35.4319970102416],[149.063473483281,-35.4313804881047],[149.063093284169,-35.4309215677958],[149.063077917799,-35.4305002466022],[149.062950237333,-35.4300773526481],[149.062586781113,-35.4294466472817],[149.062474448102,-35.4290810647992],[149.062123613555,-35.4288806932853],[149.061462849466,-35.4287277696007],[149.060854007617,-35.428491456152],[149.060278527797,-35.4282483651828],[149.059638857036,-35.428182212707],[149.059154598748,-35.428368789051],[149.058678355107,-35.4285205726981],[149.058222654682,-35.4284159437843],[149.057492440965,-35.4282934888192],[149.05655830963,-35.4283659565178],[149.055870707426,-35.4286208228157],[149.055009164674,-35.4283575395324],[149.054113816328,-35.4280812849187],[149.053008399046,-35.4276282763065],[149.052043991686,-35.4270749007965],[149.051505585608,-35.4266982827382],[149.05132856216,-35.426331090092],[149.051215495177,-35.4259311590475],[149.051103797709,-35.4256225236743],[149.051237965859,-35.4250986780084],[149.051324114438,-35.4245494338011],[149.051620566878,-35.4242231723466],[149.051891354301,-35.423882318617],[149.052254537635,-35.4229572490185],[149.052194391316,-35.4220672976687],[149.052749522073,-35.4210368938604],[149.053288417615,-35.4203472510363],[149.05394701976,-35.4197256961074],[149.054252005193,-35.4191533856744],[149.054738666605,-35.4182249283123],[149.054824997361,-35.4172723762233],[149.054694925376,-35.4162004908805],[149.054468030902,-35.4152289489731],[149.054000050131,-35.4142703844978],[149.053471277411,-35.4138549263844],[149.054170029912,-35.4134717322868],[149.054223918308,-35.4133770864906],[149.054114746782,-35.4130409607802],[149.053786569227,-35.4127545413198],[149.053501213493,-35.4124265405997],[149.05314658195,-35.4122211661455],[149.052641218139,-35.4120447265736],[149.052439673375,-35.4119005943003],[149.052292995565,-35.4113941554491],[149.052345745404,-35.4112165962199],[149.052745287998,-35.4110857692248],[149.053631268887,-35.4109385622999],[149.054733365338,-35.4109282233563],[149.054880799718,-35.4107947914613],[149.055128411516,-35.4106378741644],[149.055178955007,-35.4104747265179],[149.054742765883,-35.4100233740225],[149.054450784114,-35.4095872848289],[149.054011441118,-35.4093729509161],[149.053329930923,-35.4092172951198],[149.053355107208,-35.4089487075374],[149.053449712443,-35.4088432359076],[149.053846984242,-35.4085889325503],[149.054389624227,-35.4085265556256],[149.054847540787,-35.4084110158415],[149.055358174348,-35.408135040041],[149.055733474143,-35.4080006144034],[149.056149400174,-35.407760758729],[149.056771096545,-35.4072215397842],[149.0569945002,-35.4071169093027],[149.057151926658,-35.4071348703541],[149.057425953015,-35.4070203057459],[149.057578974503,-35.407021144467],[149.057880512849,-35.4068930473809],[149.058100714727,-35.4069470326551],[149.058209845013,-35.407198439837],[149.058892358826,-35.4072125766016],[149.059947961054,-35.407117507095],[149.060167060134,-35.4071453560446],[149.060668043887,-35.4072965541984],[149.061615931562,-35.407457468255],[149.061761221378,-35.4074718217025],[149.062333758177,-35.407602254749],[149.062961267813,-35.4077218293678],[149.063407245646,-35.407883867714],[149.063531830633,-35.4079096972416],[149.063845884144,-35.4072149319878],[149.06411297446,-35.4065071246897],[149.064332300647,-35.4057884012075],[149.064445788369,-35.4035704906948],[149.064509921454,-35.4033730144571],[149.06468073797,-35.4027680453772],[149.064901421691,-35.4021739915655],[149.065170949135,-35.401593605157],[149.065799636095,-35.4006637329056],[149.066269803709,-35.4000307307343],[149.066801442488,-35.3994312271744],[149.067391010483,-35.398869214759],[149.068034580199,-35.3983484362512],[149.068727864763,-35.397872359735],[149.069466246479,-35.397444155536],[149.070244807585,-35.3970666751255],[149.071058362989,-35.3967424321483],[149.072103253685,-35.3963683583613]]]},"properties":{"OBJECTID":336,"ID":81,"DIVISION_CODE":615,"DIVISION_NAME":"GREENWAY","LAST_UPDATE_DATE":"Fri, 19 Feb 1999 09:47:44 GMT","DIVISION_SHORT":"GREE","GlobalID":"9ba06095-6517-4243-bf1f-9910aa9ba6aa"}},{"type":"Feature","id":337,"geometry":{"type":"Polygon","coordinates":[[[149.09079753933,-35.4751994610588],[149.090681340734,-35.4751455248013],[149.078493657867,-35.4725813330032],[149.080996253608,-35.4687154669855],[149.079795639025,-35.4656299681439],[149.076593103894,-35.4635575582222],[149.072096447459,-35.4595945494447],[149.077722018448,-35.4553216684595],[149.078309456322,-35.4548361835657],[149.078844872196,-35.4543119708375],[149.079324468146,-35.4537527498063],[149.07974484253,-35.4531624883159],[149.080103014098,-35.4525453743554],[149.080396443115,-35.451905786332],[149.080623049345,-35.4512482619958],[149.080781226769,-35.4505774662354],[149.080869854934,-35.4498981579763],[149.080577403045,-35.4497165263754],[149.080305249963,-35.4495148743494],[149.080055436032,-35.449294713799],[149.079829834066,-35.449057695383],[149.079630135302,-35.4488055961401],[149.079457836724,-35.4485403061615],[149.079314229848,-35.4482638144176],[149.079200391041,-35.4479781938432],[149.079117173463,-35.4476855857934],[149.079065200673,-35.4473881839875],[149.079044861969,-35.4470882180607],[149.07905630948,-35.4467879368474],[149.07909945703,-35.4464895915206],[149.079173980801,-35.4461954187159],[149.079279321768,-35.4459076237637],[149.079414689898,-35.4456283641579],[149.079579070088,-35.4453597333832],[149.079771229775,-35.4451037452232],[149.079989728191,-35.4448623186668],[149.080232927163,-35.4446372635252],[149.080499003402,-35.4444302668679],[149.08079245712,-35.4442290239203],[149.08109518776,-35.4440372044362],[149.08140674368,-35.4438550945425],[149.081470084281,-35.4428520440975],[149.081457978863,-35.4428500888735],[149.08144612413,-35.4428472879305],[149.081434608136,-35.4428436620732],[149.081423516421,-35.4428392382339],[149.08141293137,-35.4428340492719],[149.081402931608,-35.4428281337297],[149.081393591411,-35.4428215355469],[149.081384980155,-35.4428143037333],[149.081377161802,-35.4428064920055],[149.081370194427,-35.4427981583873],[149.081364129781,-35.442789364779],[149.08135901291,-35.4427801764978],[149.081354881821,-35.4427706617922],[149.081351767199,-35.4427608913354],[149.081349692177,-35.4427509377003],[149.081348672169,-35.4427408748202],[149.081348714751,-35.4427307774399],[149.081349819605,-35.4427207205606],[149.081351978525,-35.4427107788824],[149.081355175474,-35.4427010262497],[149.081359386706,-35.4426915351029],[149.081364580941,-35.44268237594],[149.081370719596,-35.442673616793],[149.081377757074,-35.4426653227226],[149.081385641104,-35.4426575553354],[149.081394313124,-35.4426503723254],[149.08140370872,-35.4426438270463],[149.081413758103,-35.4426379681147],[149.081424386631,-35.4426328390494],[149.081435515355,-35.4426284779477],[149.081447061616,-35.4426249172027],[149.081458939649,-35.4426221832626],[149.081471061229,-35.4426202964347],[149.08148333632,-35.4426192707336],[149.081495673744,-35.442619113778],[149.081507981863,-35.4426198267337],[149.081520169256,-35.442621404305],[149.081384611966,-35.442101376006],[149.081478461833,-35.4407606629552],[149.081981795797,-35.440604259588],[149.08281524958,-35.4401169839199],[149.085192196115,-35.4394008974357],[149.087036899678,-35.4409617497331],[149.088059771121,-35.4401148737949],[149.089109606696,-35.4392904025236],[149.090185673355,-35.4384889109179],[149.091307319588,-35.4376753030309],[149.092197359363,-35.4387332354716],[149.092553484873,-35.4391954796105],[149.092862823981,-35.4396797548729],[149.093123354271,-35.4401828964341],[149.093333372198,-35.4407016161192],[149.093491504242,-35.4412325238857],[149.093675905294,-35.441982128867],[149.093756189692,-35.4423875055286],[149.093798650057,-35.4427966991108],[149.093803040923,-35.4432073495832],[149.093769336388,-35.4436170884777],[149.093697730269,-35.4440235525479],[149.093588635003,-35.4444243974002],[149.093442679279,-35.4448173110165],[149.092563699065,-35.4468962387083],[149.092009273578,-35.448386504856],[149.091593168268,-35.4499066321196],[149.091317740843,-35.4514480362399],[149.091184554881,-35.4530020123069],[149.091099382151,-35.455150173306],[149.090966325335,-35.4604290419277],[149.09091126009,-35.4604281129963],[149.090818732834,-35.4640985037965],[149.090873794676,-35.4640996725792],[149.090801955751,-35.4669492483237],[149.090797751567,-35.4672661660211],[149.09080111617,-35.4675830904128],[149.090812048364,-35.4678999005308],[149.090939484534,-35.4706426633115],[149.090953726459,-35.4712297639276],[149.090941911793,-35.4718169005356],[149.090904055534,-35.4724032994975],[149.090853301692,-35.4729877955891],[149.09079753933,-35.4751994610588]]]},"properties":{"OBJECTID":337,"ID":79,"DIVISION_CODE":616,"DIVISION_NAME":"GORDON","LAST_UPDATE_DATE":"Fri, 19 Feb 1999 09:47:44 GMT","DIVISION_SHORT":"GORD","GlobalID":"0b2052c4-7628-47ce-ad50-6016020d85c8"}},{"type":"Feature","id":338,"geometry":{"type":"Polygon","coordinates":[[[149.080499003402,-35.4444302668679],[149.080257531028,-35.4446165636503],[149.080034602067,-35.4448177436962],[149.07983158223,-35.4450325746691],[149.079649715305,-35.4452597406016],[149.079490115534,-35.4454978499551],[149.079353760783,-35.4457454441419],[149.079241486552,-35.4460010064587],[149.079153980847,-35.446262971376],[149.079091779964,-35.4465297341273],[149.078183249436,-35.445490872748],[149.077366942609,-35.4444019555623],[149.076646957639,-35.4432684542059],[149.076026908203,-35.4420960641293],[149.073450427892,-35.436707782949],[149.073088993712,-35.4360342342052],[149.072661648092,-35.4353870524551],[149.072171239376,-35.4347705490329],[149.071621035797,-35.4341888308155],[149.071014703673,-35.4336457728801],[149.070356282974,-35.4331449927066],[149.06953741006,-35.4333250113429],[149.069416244655,-35.4331540388479],[149.069022463798,-35.4330061183076],[149.068642261569,-35.4323186392891],[149.06860464328,-35.4318917869982],[149.068228177748,-35.4314587939659],[149.067706904566,-35.4314137872676],[149.067006373334,-35.4304943103191],[149.065410898173,-35.4293088813668],[149.065696045842,-35.4289275888226],[149.064264226041,-35.427767424981],[149.06449695038,-35.427310044719],[149.06555408961,-35.4269606675632],[149.066518133249,-35.4262018504168],[149.068622878069,-35.4252296748754],[149.070948737752,-35.4250243909241],[149.070969042675,-35.4250260808701],[149.070989359965,-35.4250276681081],[149.071009688848,-35.4250291525775],[149.071303011098,-35.4250417826208],[149.071596709624,-35.425038387825],[149.071889479101,-35.4250189832839],[149.07436101823,-35.4247870490962],[149.074345656211,-35.4246773273697],[149.07513983918,-35.4246028268467],[149.075283460231,-35.4245883587024],[149.075426766321,-35.4245719310601],[149.075569717545,-35.4245535484943],[149.076050414599,-35.4244729273413],[149.076522265763,-35.4243627241332],[149.076982557872,-35.42422357257],[149.077428644268,-35.4240562728037],[149.078210430685,-35.4237331719871],[149.07884828307,-35.4244047800277],[149.079546241048,-35.4250350724848],[149.080300325024,-35.4256204544476],[149.081106235,-35.426157587093],[149.081959375101,-35.4266434067459],[149.083042340802,-35.4272116552244],[149.083626274459,-35.4275460769189],[149.084175272026,-35.4279180389051],[149.084685740096,-35.4283251068378],[149.085154337272,-35.428764616587],[149.085577996042,-35.429233691664],[149.085953942858,-35.429729262037],[149.086279716297,-35.4302480842147],[149.086553183193,-35.4307867624656],[149.087133659429,-35.4320749118869],[149.087697944479,-35.4331930170236],[149.088365296504,-35.4342724310311],[149.089131792125,-35.4353068016587],[149.089992923992,-35.4362900415143],[149.091307319588,-35.4376753030309],[149.090185673355,-35.4384889109179],[149.089109606696,-35.4392904025236],[149.088059771121,-35.4401148737949],[149.087036899678,-35.4409617497331],[149.085192196115,-35.4394008974357],[149.08281524958,-35.4401169839199],[149.081981795797,-35.440604259588],[149.081478461833,-35.4407606629552],[149.081384611966,-35.442101376006],[149.081520169256,-35.442621404305],[149.081507981863,-35.4426198267337],[149.081495673744,-35.442619113778],[149.08148333632,-35.4426192707336],[149.081471061229,-35.4426202964347],[149.081458939649,-35.4426221832626],[149.081447061616,-35.4426249172027],[149.081435515355,-35.4426284779477],[149.081424386631,-35.4426328390494],[149.081413758103,-35.4426379681147],[149.08140370872,-35.4426438270463],[149.081394313124,-35.4426503723254],[149.081385641104,-35.4426575553354],[149.081377757074,-35.4426653227226],[149.081370719596,-35.442673616793],[149.081364580941,-35.44268237594],[149.081359386706,-35.4426915351029],[149.081355175474,-35.4427010262497],[149.081351978525,-35.4427107788824],[149.081349819605,-35.4427207205606],[149.081348714751,-35.4427307774399],[149.081348672169,-35.4427408748202],[149.081349692177,-35.4427509377003],[149.081351767199,-35.4427608913354],[149.081354881821,-35.4427706617922],[149.08135901291,-35.4427801764978],[149.081364129781,-35.442789364779],[149.081370194427,-35.4427981583873],[149.081377161802,-35.4428064920055],[149.081384980155,-35.4428143037333],[149.081393591411,-35.4428215355469],[149.081402931608,-35.4428281337297],[149.08141293137,-35.4428340492719],[149.081423516421,-35.4428392382339],[149.081434608136,-35.4428436620732],[149.08144612413,-35.4428472879305],[149.081457978863,-35.4428500888735],[149.081470084281,-35.4428520440975],[149.08140674368,-35.4438550945425],[149.08109518776,-35.4440372044362],[149.08079245712,-35.4442290239203],[149.080499003402,-35.4444302668679]]]},"properties":{"OBJECTID":338,"ID":73,"DIVISION_CODE":619,"DIVISION_NAME":"BONYTHON","LAST_UPDATE_DATE":"Fri, 19 Feb 1999 09:47:44 GMT","DIVISION_SHORT":"BONY","GlobalID":"2530147b-f750-48ec-80a3-59e0c6cebd0f"}},{"type":"Feature","id":339,"geometry":{"type":"Polygon","coordinates":[[[149.086127890606,-35.4100826989697],[149.086816082702,-35.4103944242425],[149.086502216566,-35.4107552548979],[149.085989741462,-35.4112931096073],[149.085421949131,-35.4117923495211],[149.084803160601,-35.4122491743943],[149.084138085331,-35.4126601067766],[149.083037481221,-35.4132273462277],[149.081883787883,-35.4137188407835],[149.080684766476,-35.4141312835403],[149.079448483549,-35.4144618993982],[149.078183256718,-35.4147084637602],[149.076586793874,-35.4149634333182],[149.075936343847,-35.4150860618205],[149.075297452607,-35.4152442584771],[149.074673018733,-35.415437305615],[149.074654384731,-35.4153997739244],[149.074635613616,-35.4153622880518],[149.074616705555,-35.4153248483328],[149.073994400681,-35.4140978312658],[149.073663286618,-35.4133645422091],[149.073403801842,-35.4126121705268],[149.073217558736,-35.4118453970659],[149.073105713895,-35.4110689921444],[149.073068960982,-35.4102877858675],[149.073107526464,-35.4095066380729],[149.073221168256,-35.4087304080957],[149.073409177283,-35.4079639245397],[149.073670381942,-35.4072119552431],[149.074177199217,-35.4059450637599],[149.074398581502,-35.40531505656],[149.074563438895,-35.4046735404252],[149.074670900434,-35.4040239098787],[149.074720398905,-35.4033696022975],[149.074730595745,-35.4030420318649],[149.076322636162,-35.4028926359469],[149.076511386871,-35.4028813070017],[149.076700636859,-35.4028826577983],[149.076889117622,-35.4028966792794],[149.07707556581,-35.4029232774589],[149.077258731697,-35.4029622740513],[149.077437387551,-35.4030134076668],[149.077610335866,-35.403076335563],[149.077776417386,-35.403150635942],[149.077934518873,-35.403235810777],[149.078083580567,-35.40333128915],[149.078222603295,-35.4034364310779],[149.07835065516,-35.4035505318017],[149.078466877792,-35.4036728265097],[149.078741575958,-35.4039615736224],[149.079044536853,-35.404230704209],[149.079373679468,-35.4044783694179],[149.079726742871,-35.4047028678453],[149.080101301739,-35.4049026572273],[149.080494783019,-35.4050763650395],[149.080970625101,-35.4052858205047],[149.081424362727,-35.4055259157286],[149.081853058986,-35.4057950967295],[149.082253938968,-35.4060916212606],[149.082624407714,-35.4064135700816],[149.082962067019,-35.4067588593754],[149.083264730948,-35.4071252542297],[149.08353044,-35.4075103830978],[149.083757473789,-35.4079117531427],[149.083948529674,-35.4082479638358],[149.084173366668,-35.4085698662256],[149.084430399738,-35.4088751904523],[149.084717816759,-35.4091617835331],[149.085033591292,-35.4094276245475],[149.085375496867,-35.4096708388929],[149.085741122683,-35.4098897115077],[149.086127890606,-35.4100826989697]]]},"properties":{"OBJECTID":339,"ID":86,"DIVISION_CODE":623,"DIVISION_NAME":"OXLEY","LAST_UPDATE_DATE":"Fri, 19 Feb 1999 09:47:44 GMT","DIVISION_SHORT":"OXLE","GlobalID":"e168feb5-63c9-42e8-87b9-0c62cd1d137f"}},{"type":"Feature","id":340,"geometry":{"type":"Polygon","coordinates":[[[149.068723429596,-35.4947666306692],[149.068499838757,-35.494997206927],[149.067727645545,-35.4954341378029],[149.066699915826,-35.4960694552918],[149.06594648632,-35.4968910087264],[149.06567190128,-35.4978994305252],[149.065812196753,-35.4988507003921],[149.066118033998,-35.4998120765191],[149.066597753417,-35.5007231698222],[149.067068833394,-35.5017142951525],[149.067333422619,-35.502445874025],[149.067679561131,-35.5030084334793],[149.067776367402,-35.5035198317942],[149.068147350142,-35.5042862354885],[149.068406466128,-35.5048921836467],[149.068740810073,-35.5057273660496],[149.069240710486,-35.5065675116161],[149.069819241892,-35.5073067688298],[149.070062326543,-35.5076716431768],[149.07065776924,-35.5084543272269],[149.071224929548,-35.509278658784],[149.071713619025,-35.5100978918103],[149.072557436798,-35.5114544272534],[149.07282018089,-35.5118378514995],[149.073247557062,-35.512581677408],[149.074050535735,-35.5133923513574],[149.074651836019,-35.5142301669322],[149.075022724455,-35.5151458797534],[149.075161832781,-35.5156853668489],[149.075065743711,-35.5159946293487],[149.075255169042,-35.5165955529227],[149.07543043108,-35.5172635343673],[149.075734785495,-35.5178051837733],[149.076010956394,-35.5185192518608],[149.076146580738,-35.5193635329679],[149.076215282801,-35.5199267601815],[149.07563357178,-35.5201934825824],[149.074917930374,-35.5206096085255],[149.074566346038,-35.5205585194687],[149.074188820744,-35.5205983772078],[149.07395842943,-35.5206016543718],[149.073731303759,-35.5205522090753],[149.07350415,-35.5204662631858],[149.073324397888,-35.5203816436631],[149.073275816426,-35.520283436001],[149.073308801148,-35.5201739194811],[149.073438847248,-35.5201346470786],[149.073689046356,-35.5200903539976],[149.073926565807,-35.5200442646091],[149.074083604893,-35.5199865022665],[149.074188287357,-35.5199350762955],[149.074241132052,-35.5198512343996],[149.074170500801,-35.5197498843738],[149.07401165759,-35.5196188417936],[149.073802116798,-35.5194999925765],[149.073514347577,-35.5194289484324],[149.07339855355,-35.5193686280676],[149.073272757135,-35.5192051229703],[149.073173452156,-35.5190857635251],[149.073064304507,-35.5190659940045],[149.072992698151,-35.5191237105468],[149.072896881571,-35.5192337104383],[149.072815443581,-35.5194049850174],[149.072735076018,-35.5195366060655],[149.072547761745,-35.5196448512203],[149.072373657183,-35.5197296579114],[149.072162637271,-35.5198316056654],[149.071857969459,-35.5200020957852],[149.071659684698,-35.5201815416675],[149.071386528226,-35.5204763829318],[149.071060476759,-35.5207991881082],[149.070719439537,-35.520988618979],[149.070408106476,-35.5211005286612],[149.070064097589,-35.5210078763602],[149.069916389987,-35.521019666756],[149.069854755791,-35.5211512762586],[149.069798133213,-35.5212616835802],[149.067309158588,-35.5218616745944],[149.067606497447,-35.5224338663995],[149.064800693776,-35.5236416646596],[149.064526789386,-35.5238551185407],[149.062528183097,-35.5232050406974],[149.061385541804,-35.5225888357747],[149.060185944164,-35.5204420438726],[149.060228577436,-35.5198987010559],[149.059020698833,-35.5195076389165],[149.058752851509,-35.5194981567809],[149.056208534123,-35.5170866496622],[149.052728333578,-35.5161771294088],[149.052903300403,-35.511826047907],[149.052472962159,-35.5089955866286],[149.054035570092,-35.5016277000429],[149.056177741431,-35.5028349290869],[149.057876718937,-35.5038395811175],[149.059233226516,-35.5039778913748],[149.060106244561,-35.4992504580838],[149.060253110819,-35.4984597894912],[149.060727756532,-35.4958968507461],[149.062523970071,-35.4961188655743],[149.062979040529,-35.4939741173812],[149.068723429596,-35.4947666306692]]]},"properties":{"OBJECTID":340,"ID":71,"DIVISION_CODE":659,"DIVISION_NAME":"THARWA","LAST_UPDATE_DATE":"Fri, 19 Feb 1999 09:47:44 GMT","DIVISION_SHORT":"THAR","GlobalID":"fe7e8a7f-2867-4a45-9cc1-b9a78359dce7"}},{"type":"Feature","id":341,"geometry":{"type":"Polygon","coordinates":[[[149.132138446467,-35.2083625611056],[149.132327819164,-35.2075069517845],[149.132371197329,-35.2073036335401],[149.132411419955,-35.2070998787608],[149.132448480555,-35.2068957204343],[149.132523475785,-35.20690414697],[149.133205998628,-35.2069737008346],[149.133890431029,-35.2070291955562],[149.13457634303,-35.2070705962861],[149.134761195641,-35.2070824177941],[149.134945456539,-35.2070993553129],[149.135128915604,-35.2071213895267],[149.135573865926,-35.2071310272126],[149.136103614386,-35.2071504718276],[149.136631601748,-35.2071908817827],[149.137156597142,-35.2072521628577],[149.144614758294,-35.2082885335684],[149.147408669914,-35.2087312156849],[149.147214299477,-35.209557598691],[149.147156643598,-35.2098249721308],[149.147109131902,-35.2100936860539],[149.147071810316,-35.2103634812738],[149.146739639405,-35.21315014169],[149.146675751419,-35.2135415841671],[149.146578060894,-35.213928299346],[149.146447063339,-35.2143083238127],[149.146283423391,-35.2146797280953],[149.145707401493,-35.2158544049665],[149.145519468443,-35.2162896171934],[149.145376727355,-35.2167362425326],[149.145280187133,-35.2171911265822],[149.14523053041,-35.2176510565569],[149.145198998508,-35.2182090669441],[149.14506261155,-35.2196278352372],[149.144814599919,-35.2210363836053],[149.144455998049,-35.2224288042344],[149.143908995322,-35.2242577712483],[149.143829650001,-35.2245723057853],[149.143778509614,-35.2248907553203],[149.14375584761,-35.2252114191621],[149.143761785356,-35.2255325847738],[149.143796291479,-35.225852536919],[149.143606409205,-35.2257227588363],[149.143608192855,-35.2257631990721],[149.142116291642,-35.2255627124434],[149.135674790155,-35.228350255386],[149.124894224759,-35.2314571588093],[149.124759930784,-35.2310140226827],[149.122765439171,-35.2264600032179],[149.122521201104,-35.2258039224585],[149.126534496473,-35.2237937712235],[149.127115844003,-35.2234758707133],[149.127664571445,-35.2231210738223],[149.128177209773,-35.222731623882],[149.128650518288,-35.2223099832897],[149.129081505098,-35.2218588179303],[149.129467446033,-35.2213809803119],[149.129805901857,-35.2208794915221],[149.130094733672,-35.2203575221198],[149.130332116426,-35.2198183720827],[149.130516550427,-35.2192654499376],[149.13203783066,-35.2138706021136],[149.132158489609,-35.213359233849],[149.132233848419,-35.2128420510069],[149.132263514666,-35.2123217527338],[149.132247334406,-35.2118010543839],[149.132185392952,-35.2112826733478],[149.132075600996,-35.2106136595124],[149.132010506859,-35.2100511000533],[149.131999293112,-35.2094860844635],[149.132042027518,-35.2089220833721],[149.132138446467,-35.2083625611056]]]},"properties":{"OBJECTID":341,"ID":552,"DIVISION_CODE":701,"DIVISION_NAME":"MITCHELL","LAST_UPDATE_DATE":"Tue, 31 Oct 2006 09:50:38 GMT","DIVISION_SHORT":"MITC","GlobalID":"4b98d4e8-f125-44cb-b7f0-cece51ca6b02"}},{"type":"Feature","id":342,"geometry":{"type":"Polygon","coordinates":[[[149.121223609563,-35.1458963181356],[149.121445983361,-35.1458306405918],[149.121672338004,-35.1457748881665],[149.12190201743,-35.1457292224463],[149.122062563634,-35.1463461821862],[149.122144860876,-35.1463317341475],[149.122227835752,-35.1467209676726],[149.122357551052,-35.146818886968],[149.122376484215,-35.1468032918316],[149.122396899807,-35.1467890140408],[149.122418662381,-35.1467761483204],[149.122441627554,-35.1467647800273],[149.122465642964,-35.1467549845834],[149.122490549284,-35.1467468269758],[149.122516181274,-35.1467403613255],[149.12254236888,-35.1467356305282],[149.122568938363,-35.14673266597],[149.12259571345,-35.1467314873189],[149.122622516503,-35.1467321023945],[149.122888698836,-35.1467471406219],[149.122885974614,-35.1467796689427],[149.122880286533,-35.1469179883633],[149.122886359317,-35.1470562967472],[149.12290416344,-35.1471939202835],[149.122967293145,-35.1475598363294],[149.122971754865,-35.1475963467016],[149.122972585337,-35.147633034189],[149.12296977905,-35.147669655551],[149.122963354605,-35.1477059679853],[149.122953354593,-35.1477417307373],[149.122939845309,-35.1477767066966],[149.122922916316,-35.1478106639691],[149.122902679852,-35.1478433774143],[149.122879270083,-35.147874630138],[149.122852842215,-35.1479042149309],[149.122823571465,-35.1479319356416],[149.1227916519,-35.1479576084779],[149.122780748708,-35.1479656896081],[149.122850905195,-35.1480295400968],[149.122896363546,-35.1480744420925],[149.122937248741,-35.1481222183607],[149.122973292579,-35.1481725555033],[149.123004258611,-35.1482251233233],[149.123029943702,-35.1482795769904],[149.123050179352,-35.1483355593032],[149.12306483281,-35.1483927030316],[149.123073807942,-35.1484506333268],[149.123077045859,-35.1485089701792],[149.12307452531,-35.1485673309115],[149.123066262818,-35.1486253326889],[149.123498760356,-35.1495978485349],[149.122361490646,-35.1536648632959],[149.121643059624,-35.1533528229967],[149.120895828192,-35.1530903465796],[149.120124854842,-35.1528792108925],[149.119335358659,-35.1527208452311],[149.118532684017,-35.1526163216711],[149.117722264429,-35.1525663478149],[149.116909585804,-35.1525712620052],[149.116100149337,-35.1526310310343],[149.110339735374,-35.1532585244587],[149.109883726084,-35.1533241918727],[149.109435971027,-35.1534208585839],[149.108999588507,-35.1535478514008],[149.108577617668,-35.1537042859286],[149.108172997336,-35.1538890727258],[149.107788545562,-35.1541009248867],[149.107426939995,-35.1543383670008],[149.104843941005,-35.1561886011842],[149.103293323227,-35.1554549725344],[149.098698273556,-35.1539342829533],[149.092258878282,-35.1531013346885],[149.092615653474,-35.1511980161104],[149.092930681248,-35.1496503243567],[149.093240995721,-35.1478814004635],[149.093534686312,-35.1463063043392],[149.093734480366,-35.1454269451428],[149.094367422762,-35.1421602894044],[149.094333955902,-35.1413231205988],[149.094311802947,-35.1408892278656],[149.094493123084,-35.1403466647214],[149.100214822969,-35.1406002520221],[149.102261840788,-35.1392990537038],[149.103222574853,-35.1379878518696],[149.106099099828,-35.1377566648347],[149.106871590174,-35.1369034336594],[149.109588296333,-35.1370102728163],[149.111884523796,-35.1395265290212],[149.11336795432,-35.1395423892416],[149.115061639316,-35.1400898036197],[149.11760053927,-35.1399533041952],[149.118699529061,-35.1405795754294],[149.119174972244,-35.1425220437938],[149.120311980585,-35.1431744559438],[149.118866166736,-35.1445436730761],[149.121223609563,-35.1458963181356]]]},"properties":{"OBJECTID":342,"ID":705,"DIVISION_CODE":703,"DIVISION_NAME":"TAYLOR","LAST_UPDATE_DATE":"Fri, 08 Jun 2018 08:59:34 GMT","DIVISION_SHORT":"TAYL","GlobalID":"7fd93350-72bc-4771-8c9b-9fa515188817"}},{"type":"Feature","id":343,"geometry":{"type":"Polygon","coordinates":[[[149.120378783558,-35.1677083197127],[149.115154445212,-35.1677129945261],[149.115046487445,-35.1674959023779],[149.114961843042,-35.167271945489],[149.11490114849,-35.1670428084161],[149.114614671924,-35.165391904474],[149.114518688956,-35.1649096092465],[149.114406246897,-35.1644297182652],[149.114277434766,-35.1639526102309],[149.114158000991,-35.1635573648357],[149.114026525073,-35.1631647055846],[149.113883090014,-35.1627748798638],[149.113786359851,-35.1625549659639],[149.113670059513,-35.162341540125],[149.113534828119,-35.162135774944],[149.113381408785,-35.1619388009208],[149.113269030545,-35.1617972512492],[149.113144051221,-35.1616630155951],[149.113007173742,-35.1615368488882],[149.112859167942,-35.1614194606761],[149.112700866226,-35.1613115111346],[149.112533158893,-35.1612136073558],[149.112098186721,-35.160989674412],[149.111643295269,-35.1607942485225],[149.111171249185,-35.1606285173756],[149.108841508926,-35.1599343435717],[149.108399057266,-35.1597842610012],[149.10797421891,-35.1596030796288],[149.107570227468,-35.1593921785264],[149.107190157803,-35.1591531629731],[149.106836902625,-35.1588878522316],[149.106513150468,-35.1585982656958],[149.104378242317,-35.1565128535872],[149.104843941005,-35.1561886011842],[149.107426939995,-35.1543383670008],[149.107788545562,-35.1541009248867],[149.108172997336,-35.1538890727258],[149.108577617668,-35.1537042859286],[149.108999588507,-35.1535478514008],[149.109435971027,-35.1534208585839],[149.109883726084,-35.1533241918727],[149.110339735374,-35.1532585244587],[149.116100149337,-35.1526310310343],[149.116909585804,-35.1525712620052],[149.117722264429,-35.1525663478149],[149.118532684017,-35.1526163216711],[149.119335358659,-35.1527208452311],[149.120124854842,-35.1528792108925],[149.120895828192,-35.1530903465796],[149.121643059624,-35.1533528229966],[149.122361490646,-35.1536648632959],[149.122860098425,-35.1539477149624],[149.123327678451,-35.1542643018945],[149.123760856241,-35.1546123395312],[149.124156505447,-35.1549893163319],[149.124511770419,-35.1553925118932],[149.124824086822,-35.1558190165711],[149.125091200144,-35.1562657524709],[149.125311181986,-35.1567294956513],[149.125482443992,-35.1572068993835],[149.125603749331,-35.1576945182974],[149.12577721818,-35.1585737279036],[149.124574772315,-35.1587094611017],[149.123514251008,-35.1615574137001],[149.121230701836,-35.1645620819998],[149.120378783558,-35.1677083197127]]]},"properties":{"OBJECTID":343,"ID":673,"DIVISION_CODE":704,"DIVISION_NAME":"MONCRIEFF","LAST_UPDATE_DATE":"Fri, 04 Jul 2014 11:47:39 GMT","DIVISION_SHORT":"MONC","GlobalID":"d73bacfd-4026-4a69-a0cb-c4a5d6db8db3"}},{"type":"Feature","id":344,"geometry":{"type":"Polygon","coordinates":[[[149.09916076042,-35.1748188694521],[149.099280695206,-35.1757082230803],[149.089995205744,-35.1785560228628],[149.088338203087,-35.1780268546924],[149.08793996045,-35.1778955641551],[149.087545285587,-35.1777572025009],[149.087154364737,-35.1776118350215],[149.08593061406,-35.1771435435902],[149.085450791254,-35.1769785359525],[149.084956605615,-35.1768451335592],[149.084451139617,-35.1767441685124],[149.083937546055,-35.1766762705887],[149.087303588403,-35.1681477139227],[149.093079984905,-35.1630527250805],[149.094544743411,-35.1549568153626],[149.095740481679,-35.1535517318978],[149.098698273556,-35.1539342829533],[149.103293323227,-35.1554549725344],[149.104843941005,-35.1561886011842],[149.104378242317,-35.1565128535872],[149.104096813404,-35.1567414441853],[149.103838578315,-35.1569878102925],[149.103605196087,-35.1572503693435],[149.103398166154,-35.1575274347377],[149.103218818711,-35.1578172266711],[149.103068306166,-35.1581178835666],[149.102947595727,-35.1584274740306],[149.102857463184,-35.1587440092578],[149.102461956696,-35.160254054995],[149.101158128943,-35.1653833318742],[149.100729570818,-35.1673558690188],[149.100601766524,-35.1678059132129],[149.10043418538,-35.1682470678266],[149.10022772593,-35.1686769657522],[149.099983495381,-35.1690933002443],[149.099702803666,-35.1694938372997],[149.099387156428,-35.169876427648],[149.098677177556,-35.1706725329371],[149.098547873382,-35.1708312116409],[149.098435392997,-35.1709983091858],[149.098340544092,-35.1711726258529],[149.098264007781,-35.1713529100834],[149.098206333706,-35.1715378674639],[149.098167936093,-35.1717261700195],[149.09814909077,-35.1719164657476],[149.098149933183,-35.1721073883253],[149.098170457422,-35.1722975669196],[149.098210516257,-35.1724856360297],[149.098269822192,-35.1726702452923],[149.098347949526,-35.1728500691772],[149.098444337407,-35.1730238165065],[149.098599458349,-35.1732746794951],[149.098765321282,-35.1735686367583],[149.098905035575,-35.1738716186797],[149.099017878881,-35.1741820594185],[149.099103267705,-35.1744983545693],[149.09916076042,-35.1748188694521]]]},"properties":{"OBJECTID":344,"ID":669,"DIVISION_CODE":705,"DIVISION_NAME":"CASEY","LAST_UPDATE_DATE":"Thu, 20 Jun 2013 13:16:24 GMT","DIVISION_SHORT":"CASE","GlobalID":"6322c4dc-c9a6-4e61-b57b-642222c72398"}},{"type":"Feature","id":345,"geometry":{"type":"Polygon","coordinates":[[[149.099387156428,-35.169876427648],[149.099702803666,-35.1694938372997],[149.099983495381,-35.1690933002443],[149.10022772593,-35.1686769657522],[149.10043418538,-35.1682470678266],[149.100601766524,-35.1678059132129],[149.100729570818,-35.1673558690188],[149.101158128943,-35.1653833318742],[149.102461956696,-35.160254054995],[149.102857463184,-35.1587440092578],[149.102947595727,-35.1584274740306],[149.103068306166,-35.1581178835666],[149.103218818711,-35.1578172266711],[149.103398166154,-35.1575274347377],[149.103605196087,-35.1572503693435],[149.103838578315,-35.1569878102925],[149.104096813404,-35.1567414441853],[149.104378242317,-35.1565128535872],[149.106513150468,-35.1585982656958],[149.106836902625,-35.1588878522316],[149.107190157803,-35.1591531629731],[149.107570227468,-35.1593921785264],[149.10797421891,-35.1596030796288],[149.108399057266,-35.1597842610012],[149.108841508926,-35.1599343435717],[149.111171249185,-35.1606285173756],[149.111643295269,-35.1607942485225],[149.112098186721,-35.160989674412],[149.112533158893,-35.1612136073558],[149.112700866226,-35.1613115111346],[149.112859167942,-35.1614194606761],[149.113007173742,-35.1615368488882],[149.113144051221,-35.1616630155951],[149.113269030545,-35.1617972512492],[149.113381408785,-35.1619388009208],[149.113534828119,-35.162135774944],[149.113670059513,-35.162341540125],[149.113786359851,-35.1625549659639],[149.113883090014,-35.1627748798638],[149.114026525073,-35.1631647055846],[149.114158000991,-35.1635573648357],[149.114277434766,-35.1639526102309],[149.114406246897,-35.1644297182652],[149.114518688956,-35.1649096092465],[149.114614671924,-35.165391904474],[149.11490114849,-35.1670428084161],[149.114961843042,-35.167271945489],[149.115046487445,-35.1674959023779],[149.115154445212,-35.1677129945261],[149.115394564131,-35.1679247434278],[149.115613231736,-35.1681516218134],[149.115809039475,-35.1683921684211],[149.115980725996,-35.1686448339435],[149.116127185275,-35.1689079910053],[149.116247473743,-35.1691799446419],[149.116340816369,-35.1694589432153],[149.116454130101,-35.1698599999026],[149.116596463533,-35.1702803266761],[149.116782473121,-35.1706889897746],[149.117010769583,-35.171082935558],[149.117279647586,-35.1714592203177],[149.117587098472,-35.1718150322784],[149.117930825261,-35.1721477126154],[149.118308259803,-35.1724547753292],[149.118716581967,-35.1727339258288],[149.119978315328,-35.1735232438715],[149.120639680496,-35.1739715551653],[149.12125640718,-35.1744608909456],[149.121824730639,-35.1749882647077],[149.128586867233,-35.1817795238498],[149.119559130586,-35.1862093439766],[149.118738389895,-35.185528765025],[149.118275219208,-35.1851750651797],[149.117778187612,-35.1848538354571],[149.117250662639,-35.1845672520766],[149.11669621829,-35.1843172565262],[149.116118610823,-35.1841055424159],[149.115521753323,-35.1839335440113],[149.114909689201,-35.183802426523],[149.113781828012,-35.1836011114813],[149.113352526912,-35.1835094219004],[149.112933647023,-35.1833895700285],[149.112527924476,-35.1832423387367],[149.112138009423,-35.1830686897388],[149.111766448711,-35.1828697573061],[149.111415669252,-35.182646840856],[149.11108796216,-35.1824013964602],[149.110785467783,-35.1821350273313],[149.110510161729,-35.1818494733456],[149.10820726806,-35.1792515532464],[149.107906035844,-35.1789385107512],[149.107575632282,-35.1786459797475],[149.107218121826,-35.1783757878028],[149.106835738205,-35.1781296229084],[149.106430870478,-35.1779090229388],[149.106006048104,-35.1777153660472],[149.105563925145,-35.1775498620605],[149.099698593428,-35.175580034141],[149.099280695206,-35.1757082230803],[149.09916076042,-35.1748188694521],[149.099103267705,-35.1744983545693],[149.099017878881,-35.1741820594185],[149.098905035575,-35.1738716186797],[149.098765321282,-35.1735686367583],[149.098599458349,-35.1732746794951],[149.098444337407,-35.1730238165065],[149.098347949526,-35.1728500691772],[149.098269822192,-35.1726702452923],[149.098210516257,-35.1724856360297],[149.098170457422,-35.1722975669196],[149.098149933183,-35.1721073883253],[149.09814909077,-35.1719164657476],[149.098167936093,-35.1717261700195],[149.098206333706,-35.1715378674639],[149.098264007781,-35.1713529100834],[149.098340544092,-35.1711726258529],[149.098435392997,-35.1709983091858],[149.098547873382,-35.1708312116409],[149.098677177556,-35.1706725329371],[149.099387156428,-35.169876427648]]]},"properties":{"OBJECTID":345,"ID":668,"DIVISION_CODE":706,"DIVISION_NAME":"NGUNNAWAL","LAST_UPDATE_DATE":"Thu, 20 Jun 2013 13:16:24 GMT","DIVISION_SHORT":"NGUN","GlobalID":"0b4edd13-4ad2-48cd-b8a6-aa603cb36216"}},{"type":"Feature","id":346,"geometry":{"type":"Polygon","coordinates":[[[149.123514251008,-35.1615574137001],[149.124574772315,-35.1587094611017],[149.12577721818,-35.1585737279036],[149.12581993487,-35.1587902319903],[149.125914503219,-35.1591755298754],[149.126044664971,-35.1595537623273],[149.12620965865,-35.1599227152076],[149.126408518844,-35.1602802286718],[149.126640081837,-35.1606242098155],[149.126902992421,-35.1609526449296],[149.127195711817,-35.1612636112921],[149.127516526684,-35.1615552884275],[149.127660177504,-35.1616708326713],[149.127810121111,-35.1617808533677],[149.127966042898,-35.1618851196576],[149.12984408283,-35.1630832694728],[149.130245556948,-35.1633184450903],[149.130669070287,-35.1635259223403],[149.13111179587,-35.1637043162472],[149.131570778414,-35.1638524359725],[149.132042954062,-35.1639692927664],[149.132525170845,-35.1640541065718],[149.132598331461,-35.1640647251],[149.132671364346,-35.1640759209181],[149.132744262745,-35.1640876929906],[149.133514021616,-35.1642151531124],[149.134047191089,-35.1643226045883],[149.134567610245,-35.1644661496575],[149.135071662695,-35.1646447908176],[149.13555584572,-35.164857286683],[149.136016794602,-35.1651021606063],[149.136451305999,-35.1653777109356],[149.136856360194,-35.1656820228327],[149.137229142085,-35.1660129815747],[149.13756706074,-35.1663682872424],[149.137867767407,-35.1667454706974],[149.138129171845,-35.167141910734],[149.138349456859,-35.1675548522894],[149.138527090936,-35.1679814255843],[149.138660838908,-35.1684186660615],[149.13874977055,-35.1688635349846],[149.139461927838,-35.1736723672052],[149.130390903763,-35.1761704795978],[149.125907881686,-35.1790891824965],[149.121824730639,-35.1749882647077],[149.12125640718,-35.1744608909456],[149.120639680496,-35.1739715551653],[149.119978315328,-35.1735232438715],[149.118716581967,-35.1727339258288],[149.118308259803,-35.1724547753292],[149.117930825261,-35.1721477126154],[149.117587098472,-35.1718150322784],[149.117279647586,-35.1714592203177],[149.117010769583,-35.171082935558],[149.116782473121,-35.1706889897746],[149.116596463533,-35.1702803266761],[149.116454130101,-35.1698599999026],[149.116340816369,-35.1694589432153],[149.116247473743,-35.1691799446419],[149.116127185275,-35.1689079910053],[149.115980725996,-35.1686448339435],[149.115809039475,-35.1683921684211],[149.115613231736,-35.1681516218134],[149.115394564131,-35.1679247434278],[149.115154445212,-35.1677129945261],[149.120378783558,-35.1677083197127],[149.121230701836,-35.1645620819998],[149.123514251008,-35.1615574137001]]]},"properties":{"OBJECTID":346,"ID":656,"DIVISION_CODE":707,"DIVISION_NAME":"AMAROO","LAST_UPDATE_DATE":"Mon, 03 Sep 2012 08:24:19 GMT","DIVISION_SHORT":"AMAR","GlobalID":"29603fec-be86-4b35-87a6-50bc5b1e8c70"}},{"type":"Feature","id":347,"geometry":{"type":"Polygon","coordinates":[[[149.085282621369,-35.1935026099542],[149.084281646596,-35.1925782464029],[149.083437389528,-35.1917985833957],[149.081261606495,-35.1897799023378],[149.080318295717,-35.1889046556334],[149.080146900709,-35.1887532930916],[149.079855597857,-35.1885305016694],[149.0775936666,-35.1864465743382],[149.076844464585,-35.1852724766377],[149.076226186009,-35.1841012175372],[149.075996707377,-35.1836536545546],[149.076733905481,-35.1831587719287],[149.07697176923,-35.1829846639819],[149.077190675213,-35.1827945322045],[149.077389027724,-35.1825897626823],[149.077565380925,-35.1823718481995],[149.077718449387,-35.1821423773551],[149.077847117456,-35.1819030229789],[149.07795044738,-35.1816555299355],[149.07802768614,-35.1814017024026],[149.078078270933,-35.1811433907176],[149.078101833269,-35.1808824778884],[149.07813353264,-35.1800514425361],[149.078154535097,-35.1798197411512],[149.078199687944,-35.1795903755984],[149.078268657566,-35.1793650395226],[149.078360934498,-35.1791453968008],[149.078475837186,-35.1789330692569],[149.078612517029,-35.178729624687],[149.078769964647,-35.1785365652847],[149.07894701734,-35.1783553165504],[149.079740293716,-35.177611139774],[149.079908541102,-35.1773088497004],[149.080478800976,-35.1771012926552],[149.081001773842,-35.1769324734271],[149.081540368238,-35.1768008689002],[149.08209066406,-35.1767074369029],[149.08264865609,-35.1766528574289],[149.083210283137,-35.1766375276919],[149.083771457571,-35.1766615592365],[149.084328095063,-35.1767247771285],[149.084876144292,-35.1768267212272],[149.085411616409,-35.176966649534],[149.08593061406,-35.1771435435902],[149.087154364737,-35.1776118350215],[149.087545285587,-35.1777572025009],[149.08793996045,-35.1778955641551],[149.088338203087,-35.1780268546924],[149.089995205744,-35.1785560228628],[149.099698593428,-35.175580034141],[149.105563925145,-35.1775498620605],[149.106006048104,-35.1777153660472],[149.106430870478,-35.1779090229388],[149.106835738205,-35.1781296229084],[149.107218121826,-35.1783757878028],[149.107575632282,-35.1786459797475],[149.107906035844,-35.1789385107512],[149.10820726806,-35.1792515532464],[149.110510161729,-35.1818494733456],[149.110785467783,-35.1821350273313],[149.11108796216,-35.1824013964602],[149.111415669252,-35.1826468408559],[149.111766448711,-35.1828697573061],[149.112138009423,-35.1830686897388],[149.112527924476,-35.1832423387367],[149.112933647023,-35.1833895700285],[149.113352526912,-35.1835094219004],[149.113781828012,-35.1836011114813],[149.114909689201,-35.183802426523],[149.115521753323,-35.1839335440113],[149.116118610823,-35.1841055424159],[149.11669621829,-35.1843172565262],[149.117250662639,-35.1845672520766],[149.117778187612,-35.1848538354571],[149.118275219208,-35.1851750651797],[149.118738389895,-35.185528765025],[149.119559130586,-35.1862093439766],[149.115577389684,-35.1881627779465],[149.11501244383,-35.1884663993607],[149.114479697758,-35.1888069995342],[149.113982734069,-35.1891822883117],[149.1135248949,-35.1895897422559],[149.113109259455,-35.1900266216055],[149.112738623288,-35.1904899886889],[149.112415479496,-35.1909767276684],[149.11214200194,-35.1914835654851],[149.111827819248,-35.1921369538255],[149.111524092335,-35.1927019638597],[149.111166832858,-35.1932454644963],[149.110758281971,-35.1937640446241],[149.110301002883,-35.1942544494702],[149.109797864792,-35.1947136010358],[149.109252024886,-35.1951386174256],[149.108666908537,-35.1955268309461],[149.108046187807,-35.1958758048601],[149.107393758396,-35.1961833486919],[149.106713715185,-35.1964475319867],[149.10570131205,-35.196801242357],[149.104904936102,-35.1971110206351],[149.104141384505,-35.1974722229933],[149.103415575367,-35.1978825231726],[149.102732183924,-35.1983392786573],[149.102095612443,-35.1988395476797],[149.101466551874,-35.1993752421413],[149.101073710193,-35.199684632978],[149.10065265376,-35.1999679199562],[149.100205949901,-35.2002233755675],[149.099736322423,-35.2004494420023],[149.099246635003,-35.2006447406546],[149.098739873716,-35.2008080805335],[149.098219128823,-35.2009384655309],[149.097687575915,-35.2010351004996],[149.095364119034,-35.201379651389],[149.094709108327,-35.2006576120486],[149.094490478523,-35.2004239132763],[149.093850234687,-35.1999781184487],[149.093238268507,-35.1996340515728],[149.092954243296,-35.1994573077461],[149.091737168431,-35.1985358047844],[149.089816984437,-35.1969406546567],[149.088994093736,-35.1962658909812],[149.088310894061,-35.1957945898854],[149.086381090075,-35.1943322067336],[149.085282621369,-35.1935026099542]]]},"properties":{"OBJECTID":347,"ID":63,"DIVISION_CODE":708,"DIVISION_NAME":"NICHOLLS","LAST_UPDATE_DATE":"Fri, 19 Feb 1999 09:48:35 GMT","DIVISION_SHORT":"NICH","GlobalID":"702c53a4-092a-4d5e-ba84-67d05129eb92"}},{"type":"Feature","id":348,"geometry":{"type":"Polygon","coordinates":[[[149.119559130586,-35.1862093439766],[149.125853990771,-35.1914286306704],[149.127068353746,-35.1925151206717],[149.128178590998,-35.1936742559843],[149.129178272205,-35.1948993275468],[149.130061606144,-35.1961832443878],[149.130823474279,-35.1975185746199],[149.12927145725,-35.1982411712068],[149.127654996637,-35.1988613316353],[149.125984107888,-35.1993752126877],[149.124269144413,-35.1997796296493],[149.122520733328,-35.2000720760859],[149.120749709489,-35.2002507394123],[149.118967048219,-35.2003145121538],[149.117183797162,-35.2002629988295],[149.11635833395,-35.200186527929],[149.115542278411,-35.200059046291],[149.114740302893,-35.199881283765],[149.11395699906,-35.1996542580842],[149.113196851577,-35.1993792690336],[149.112464212414,-35.1990578910023],[149.112504881779,-35.198980465649],[149.111098244558,-35.1979812085805],[149.110863223156,-35.1981232227302],[149.110800182918,-35.1980786004093],[149.110737556705,-35.1980335870214],[149.110675348117,-35.1979881851547],[149.109786178489,-35.1973024730331],[149.108937505614,-35.1965830199037],[149.10813122687,-35.1958314350937],[149.108737375306,-35.1954833325659],[149.109308673016,-35.1950975562127],[149.109841653624,-35.1946764471384],[149.110333083433,-35.194222560821],[149.110779981042,-35.1937386515946],[149.11117963543,-35.1932276559258],[149.111529622394,-35.1926926745855],[149.111827819248,-35.1921369538255],[149.11214200194,-35.1914835654851],[149.112415479496,-35.1909767276684],[149.112738623288,-35.1904899886889],[149.113109259455,-35.1900266216055],[149.1135248949,-35.1895897422559],[149.113982734069,-35.1891822883117],[149.114479697758,-35.1888069995342],[149.11501244383,-35.1884663993607],[149.115577389684,-35.1881627779465],[149.119559130586,-35.1862093439766]]]},"properties":{"OBJECTID":348,"ID":64,"DIVISION_CODE":709,"DIVISION_NAME":"PALMERSTON","LAST_UPDATE_DATE":"Fri, 11 Feb 2000 15:37:22 GMT","DIVISION_SHORT":"PALM","GlobalID":"d22b772b-b727-4010-ab05-47859b3b661e"}},{"type":"Feature","id":349,"geometry":{"type":"Polygon","coordinates":[[[149.139461927838,-35.1736723672052],[149.139603207606,-35.1746262854876],[149.139740261743,-35.1753118541383],[149.139946363977,-35.1759856721779],[149.140220084557,-35.1766430598055],[149.140559523973,-35.1772794512271],[149.140962326112,-35.1778904263768],[149.141425694591,-35.1784717416285],[149.141946412144,-35.1790193592844],[149.142520862954,-35.1795294756339],[149.14314505775,-35.1799985473893],[149.143814661509,-35.1804233163125],[149.144525023569,-35.1808008318627],[149.145271209937,-35.1811284717051],[149.146048037582,-35.1814039599402],[149.146850110455,-35.1816253829248],[149.147671856996,-35.1817912025748],[149.148584944043,-35.1819426317101],[149.149861730816,-35.1821954959167],[149.151111941975,-35.1825259703274],[149.152328589999,-35.1829322078418],[149.153504874687,-35.1834119379105],[149.15463422112,-35.1839624792089],[149.155710316369,-35.1845807546041],[149.152976640667,-35.1860709160256],[149.152896033201,-35.1861113933948],[149.152811986249,-35.1861468437599],[149.152724964118,-35.1861770712771],[149.152635447556,-35.1862019089552],[149.15254393109,-35.186221219579],[149.152450920298,-35.1862348964668],[149.152491014718,-35.1864309613801],[149.152496207405,-35.1864636279176],[149.152498479362,-35.1864965185975],[149.152497818444,-35.1865294576522],[149.152494228179,-35.1865622690556],[149.152487727751,-35.1865947774634],[149.151980874958,-35.1886551205299],[149.151973347787,-35.1886802130482],[149.151963271995,-35.1887046956829],[149.151950719237,-35.1887283943143],[149.151935778786,-35.1887511403983],[149.151918556896,-35.1887727721653],[149.151899176048,-35.1887931357703],[149.151877774076,-35.1888120863876],[149.151854503189,-35.1888294892404],[149.15182952889,-35.1888452205595],[149.151803028793,-35.1888591684636],[149.151775191369,-35.188871233755],[149.151746214595,-35.1888813306252],[149.15098368908,-35.1891163954859],[149.150938140702,-35.1891320605378],[149.150894149612,-35.1891504824426],[149.150851962981,-35.1891715576948],[149.150713716024,-35.1892465929117],[149.150511878483,-35.1890162213008],[149.150288595646,-35.1887995953616],[149.150045250985,-35.1885980571736],[149.149783352234,-35.1884128553338],[149.149504522038,-35.1882451372238],[149.149210487905,-35.188095941903],[149.148903071508,-35.1879661936738],[149.148584177394,-35.1878566963569],[149.148255781194,-35.1877681283129],[149.147919917386,-35.1877010382412],[149.144009340795,-35.1870524763932],[149.143799296609,-35.1879059372151],[149.143669322309,-35.1885136188687],[149.143577319814,-35.1891259567194],[149.143523530093,-35.1897413526961],[149.143475904005,-35.1905891023755],[149.143475686967,-35.1906514146742],[149.14348202458,-35.1907135096546],[149.143494869522,-35.1907749235374],[149.143514125871,-35.1908351976287],[149.143539649817,-35.1908938817471],[149.143571250735,-35.1909505375853],[149.143608692614,-35.1910047419845],[149.143651695812,-35.1910560900945],[149.14369993915,-35.1911041983984],[149.14265765201,-35.1969234948453],[149.138662602234,-35.1978075056071],[149.13864922043,-35.1978597091441],[149.136132920473,-35.1979096613295],[149.135024069982,-35.200009721581],[149.135575739963,-35.2001208996215],[149.134963486921,-35.2018225137247],[149.132296037001,-35.2015536631061],[149.131846162487,-35.1999394438043],[149.131230047153,-35.1983626423279],[149.130452198711,-35.1968347712059],[149.129518304778,-35.1953669851224],[149.128435191141,-35.1939699995493],[149.127210771743,-35.1926540126002],[149.125853990771,-35.1914286306704],[149.119559130586,-35.1862093439766],[149.128586867233,-35.1817795238498],[149.125907881686,-35.1790891824965],[149.130390903763,-35.1761704795978],[149.139461927838,-35.1736723672052]]]},"properties":{"OBJECTID":349,"ID":592,"DIVISION_CODE":710,"DIVISION_NAME":"GUNGAHLIN","LAST_UPDATE_DATE":"Wed, 29 Nov 2017 10:17:46 GMT","DIVISION_SHORT":"GUNG","GlobalID":"bdfb84ea-6c47-4a60-b8ce-e61a01bb9b41"}},{"type":"Feature","id":350,"geometry":{"type":"Polygon","coordinates":[[[149.147425713105,-35.2086587554859],[149.151362378941,-35.1919179963225],[149.151417967253,-35.1916110984621],[149.151441203596,-35.1913014134597],[149.151431916222,-35.1909912352286],[149.151390174295,-35.1906828613099],[149.151316287362,-35.1903785758542],[149.151210803058,-35.1900806327044],[149.151074503033,-35.1897912387023],[149.150908397156,-35.1895125373452],[149.150713716024,-35.1892465929117],[149.150851962981,-35.1891715576948],[149.150894149612,-35.1891504824426],[149.150938140702,-35.1891320605378],[149.15098368908,-35.1891163954859],[149.151746214595,-35.1888813306252],[149.151775191369,-35.188871233755],[149.151803028793,-35.1888591684636],[149.15182952889,-35.1888452205595],[149.151854503189,-35.1888294892404],[149.151877774076,-35.1888120863876],[149.151899176048,-35.1887931357703],[149.151918556896,-35.1887727721653],[149.151935778786,-35.1887511403983],[149.151950719237,-35.1887283943143],[149.151963271995,-35.1887046956829],[149.151973347787,-35.1886802130482],[149.151980874958,-35.1886551205299],[149.152487727751,-35.1865947774634],[149.152494228179,-35.1865622690556],[149.152497818444,-35.1865294576522],[149.152498479362,-35.1864965185975],[149.152496207405,-35.1864636279176],[149.152491014718,-35.1864309613801],[149.152450920298,-35.1862348964668],[149.15254393109,-35.186221219579],[149.152635447556,-35.1862019089552],[149.152724964118,-35.1861770712771],[149.152811986249,-35.1861468437599],[149.152896033201,-35.1861113933948],[149.152976640667,-35.1860709160256],[149.155710316369,-35.1845807546041],[149.15654361075,-35.1851322521791],[149.157334453675,-35.1857243884112],[149.158079908806,-35.1863549653746],[149.158327394989,-35.1865936603206],[149.158554071658,-35.1868459015586],[149.158758841959,-35.18711046874],[149.158940714993,-35.1873860818723],[149.159575091868,-35.1884327687632],[149.159718935428,-35.188690060391],[149.159842816809,-35.1889542588433],[149.15994624695,-35.1892243215235],[149.162433593744,-35.1965108035864],[149.162553577647,-35.1968191657911],[149.162700220747,-35.1971196618647],[149.162872766582,-35.19741074111],[149.163070324992,-35.1976909014098],[149.163740299197,-35.1985668336569],[149.164557683407,-35.1994684101656],[149.16473253976,-35.1996512324139],[149.164918648027,-35.1998264111122],[149.165115513155,-35.1999934802195],[149.16538527567,-35.2002108993921],[149.165154197945,-35.2004040680914],[149.165002532426,-35.2005415320346],[149.164864863344,-35.2006885857728],[149.164742087194,-35.2008442717881],[149.164635003507,-35.2010075763489],[149.164544309651,-35.2011774361092],[149.164470596282,-35.2013527450325],[149.164414343498,-35.2015323615926],[149.16437591771,-35.201715116206],[149.164355569253,-35.201899818848],[149.164353430753,-35.2020852668005],[149.164369516257,-35.2022702524843],[149.164497135848,-35.2032048657255],[149.164513255919,-35.2033907535537],[149.164510973795,-35.2035771022529],[149.164490304357,-35.2037626865411],[149.164451383385,-35.2039462861544],[149.164394466673,-35.2041266938704],[149.16431992835,-35.2043027234461],[149.164228258419,-35.2044732174187],[149.164120059542,-35.2046370547166],[149.161875434485,-35.2077291864828],[149.161617839253,-35.2080517770537],[149.161327575277,-35.2083551066258],[149.161006768773,-35.2086369528888],[149.160657769799,-35.2088952509025],[149.160283135039,-35.2091281082305],[149.159885609071,-35.2093338188104],[149.15946810426,-35.2095108754582],[149.159033679417,-35.2096579809162],[149.158585517379,-35.2097740573618],[149.158126901681,-35.2098582543086],[149.157661192495,-35.2099099548412],[149.157191801991,-35.2099287801377],[149.156722169332,-35.2099145922475],[149.15625573546,-35.2098674951029],[149.147425713105,-35.2086587554859]]]},"properties":{"OBJECTID":350,"ID":638,"DIVISION_CODE":711,"DIVISION_NAME":"HARRISON","LAST_UPDATE_DATE":"Thu, 26 Aug 2010 11:15:04 GMT","DIVISION_SHORT":"HARR","GlobalID":"c5e64e92-e339-4cc1-a70d-a3323e989fb9"}},{"type":"Feature","id":351,"geometry":{"type":"Polygon","coordinates":[[[149.110675348117,-35.1979881851547],[149.110737556705,-35.1980335870214],[149.110800182918,-35.1980786004093],[149.110863223156,-35.1981232227302],[149.111098244558,-35.1979812085805],[149.112504881779,-35.198980465649],[149.112464212414,-35.1990578910023],[149.113236738914,-35.1993951221911],[149.11403953143,-35.1996807859532],[149.114867490741,-35.1999130677614],[149.115715357621,-35.2000904921704],[149.115538528371,-35.201485724292],[149.117180000233,-35.2015966856781],[149.116994177768,-35.2025757566482],[149.116293176233,-35.2031711296215],[149.116096650281,-35.2039395692536],[149.116248866258,-35.2057285080514],[149.115981661373,-35.2071389038805],[149.114914624366,-35.2069933066398],[149.111460924731,-35.2064987952618],[149.111013625091,-35.2076397898163],[149.110401663167,-35.2105408187858],[149.110235450614,-35.2106267926884],[149.1097902766,-35.2102846805459],[149.108224378267,-35.2094297623076],[149.103458341955,-35.2071472796132],[149.100648144124,-35.2057162264222],[149.10025863211,-35.2055117339498],[149.098961463289,-35.2043177558188],[149.097730143487,-35.2029487294556],[149.09594039305,-35.2019764693546],[149.095409460272,-35.2014296322904],[149.095364119034,-35.201379651389],[149.097687575915,-35.2010351004996],[149.098219128823,-35.2009384655309],[149.098739873716,-35.2008080805335],[149.099246635003,-35.2006447406546],[149.099736322423,-35.2004494420023],[149.100205949901,-35.2002233755675],[149.10065265376,-35.1999679199562],[149.101073710193,-35.199684632978],[149.101466551874,-35.1993752421413],[149.102095612443,-35.1988395476797],[149.102732183924,-35.1983392786573],[149.103415575367,-35.1978825231726],[149.104141384505,-35.1974722229933],[149.104904936102,-35.1971110206351],[149.10570131205,-35.196801242357],[149.106713715185,-35.1964475319867],[149.107200079201,-35.1962641487851],[149.107673083894,-35.1960585654705],[149.10813122687,-35.1958314350937],[149.108937505614,-35.1965830199037],[149.109786178489,-35.1973024730331],[149.110675348117,-35.1979881851547]]]},"properties":{"OBJECTID":351,"ID":626,"DIVISION_CODE":712,"DIVISION_NAME":"CRACE","LAST_UPDATE_DATE":"Wed, 20 Oct 2010 12:10:54 GMT","DIVISION_SHORT":"CRAC","GlobalID":"148fde64-cc25-483e-8711-036baa66fd9c"}},{"type":"Feature","id":352,"geometry":{"type":"Polygon","coordinates":[[[149.134963486921,-35.2018225137247],[149.135575739963,-35.2001208996215],[149.135024069982,-35.200009721581],[149.136132920473,-35.1979096613295],[149.13864922043,-35.1978597091441],[149.138662602234,-35.1978075056071],[149.14265765201,-35.1969234948453],[149.14369993915,-35.1911041983984],[149.143651695812,-35.1910560900945],[149.143608692614,-35.1910047419845],[149.143571250735,-35.1909505375853],[149.143539649817,-35.1908938817471],[149.143514125871,-35.1908351976287],[149.143494869522,-35.1907749235374],[149.14348202458,-35.1907135096546],[149.143475686967,-35.1906514146742],[149.143475904005,-35.1905891023755],[149.143523530093,-35.1897413526961],[149.143577319814,-35.1891259567194],[149.143669322309,-35.1885136188687],[149.143799296609,-35.1879059372151],[149.144009340795,-35.1870524763932],[149.147919917386,-35.1877010382412],[149.148289746404,-35.1877762090144],[149.148650247523,-35.1878774121728],[149.148998707453,-35.1880038860131],[149.149332503498,-35.188154678633],[149.149649123293,-35.1883286550937],[149.149946183702,-35.1885245059584],[149.150221448763,-35.1887407571459],[149.150472846503,-35.1889757810212],[149.150698484546,-35.1892278086426],[149.150896664346,-35.1894949430731],[149.151065893987,-35.1897751736539],[149.151204899409,-35.1900663911354],[149.151312634009,-35.1903664035502],[149.151388286528,-35.1906729527091],[149.151431287163,-35.1909837311965],[149.151441311869,-35.1912963997367],[149.151418284811,-35.1916086048009],[149.151362378941,-35.1919179963225],[149.147408669914,-35.2087312156849],[149.144614758294,-35.2082885335684],[149.137156597142,-35.2072521628577],[149.136631601748,-35.2071908817827],[149.136103614386,-35.2071504718276],[149.135573865926,-35.2071310272126],[149.135128915604,-35.2071213895267],[149.134945456539,-35.2070993553129],[149.134761195641,-35.2070824177941],[149.13457634303,-35.2070705962861],[149.133890431029,-35.2070291955562],[149.133205998628,-35.2069737008346],[149.132523475785,-35.20690414697],[149.132448480555,-35.2068957204343],[149.132597965257,-35.2057391227082],[149.132646098227,-35.2045767067108],[149.132592636395,-35.2034144474144],[149.132437858878,-35.2022583187338],[149.132394102077,-35.202022962682],[149.132346825729,-35.2017880656533],[149.132296037001,-35.2015536631061],[149.134963486921,-35.2018225137247]]]},"properties":{"OBJECTID":352,"ID":553,"DIVISION_CODE":713,"DIVISION_NAME":"FRANKLIN","LAST_UPDATE_DATE":"Tue, 31 Oct 2006 09:59:47 GMT","DIVISION_SHORT":"FRAN","GlobalID":"b41dd66a-d3e0-4111-8960-230805f149c4"}},{"type":"Feature","id":353,"geometry":{"type":"Polygon","coordinates":[[[149.165154198947,-35.2004040644675],[149.165385276672,-35.2002108957682],[149.166939204837,-35.2014632746814],[149.167536699627,-35.2019814622237],[149.168086351031,-35.2025341798015],[149.168585205405,-35.2031184582316],[149.169030581808,-35.2037311587299],[149.169420086418,-35.2043689897626],[149.169751625412,-35.2050285247188],[149.170497407973,-35.2068348014884],[149.170837979315,-35.2075377970552],[149.171250318125,-35.2082144101333],[149.171731425066,-35.2088597162897],[149.172277800057,-35.2094690188416],[149.172885467714,-35.2100378830583],[149.173550006262,-35.2105621684573],[149.174266579705,-35.2110380589602],[149.175029973029,-35.211462090688],[149.175834630158,-35.2118311771919],[149.17667469442,-35.2121426319365],[149.178558834143,-35.2128139214307],[149.179064661819,-35.2129777221699],[149.179584866344,-35.2131077063483],[149.180116097025,-35.2132030367368],[149.180654932111,-35.213263099317],[149.181197900844,-35.2132875072379],[149.181741505829,-35.2132761033082],[149.182282245575,-35.2132289610092],[149.182779206887,-35.2131621347583],[149.183280965829,-35.2131269459046],[149.183784536756,-35.2131236038133],[149.184286923248,-35.2131521283495],[149.184785135935,-35.2132123497611],[149.185276210272,-35.2133039096878],[149.185757224168,-35.2134262632938],[149.187941661867,-35.2141048867166],[149.187716648333,-35.2142622495995],[149.187423442501,-35.2143957373281],[149.18710375412,-35.2144783604106],[149.186771403819,-35.2145068921622],[149.186236945459,-35.214508588781],[149.185893236501,-35.2145329456933],[149.185560522835,-35.2146066147206],[149.185248663326,-35.2147257254259],[149.183232336664,-35.2156714111154],[149.182879337266,-35.2158606007366],[149.182559523419,-35.2160864386274],[149.182276687365,-35.2163431943967],[149.178819027117,-35.2199003192302],[149.17846314114,-35.2202136575535],[149.178051299738,-35.2204768613553],[149.177594897847,-35.220685344655],[149.172855563458,-35.2224635092817],[149.168051287353,-35.2239190153773],[149.168089547293,-35.2240040564111],[149.158405182229,-35.226937453037],[149.158376641331,-35.2268740011267],[149.157034667253,-35.2272799687202],[149.156498367419,-35.2274634519585],[149.15598386449,-35.2276858649671],[149.155496534707,-35.2279428445769],[149.155036726839,-35.2282342974626],[149.154208673376,-35.2288091294758],[149.153622681515,-35.2292196908155],[149.151191572335,-35.2309064250511],[149.143796290381,-35.2258525369384],[149.143761784226,-35.2255325846146],[149.14375584646,-35.2252114188226],[149.143778508459,-35.2248907547999],[149.143829648856,-35.224572305084],[149.1439089942,-35.2242577703666],[149.144456003042,-35.2224287852145],[149.14481460219,-35.2210363765822],[149.145062611575,-35.219627840274],[149.145198996763,-35.2182090841035],[149.145230529288,-35.2176510556753],[149.14528018689,-35.2171911255973],[149.145376727388,-35.2167362414181],[149.145519468166,-35.2162896158399],[149.145707400348,-35.2158544031838],[149.146283423343,-35.2146797262932],[149.146447063269,-35.2143083206196],[149.14657806079,-35.2139282947921],[149.146675751274,-35.2135415782768],[149.146739639215,-35.2131501344814],[149.147071810269,-35.2103634794717],[149.147109130143,-35.210093686261],[149.147156641166,-35.2098249744352],[149.1472142974,-35.2095576032354],[149.147425711936,-35.2086587528022],[149.156255736486,-35.2098674923801],[149.156722170423,-35.2099145896542],[149.15719180316,-35.2099287776405],[149.15766119375,-35.2099099524059],[149.158126903025,-35.2098582519008],[149.158585518805,-35.2097740549473],[149.159033680915,-35.2096579784622],[149.159468105813,-35.2095108729335],[149.159885610653,-35.2093338161862],[149.160283136623,-35.209128105481],[149.160657771351,-35.2088952480054],[149.161006770254,-35.2086369498258],[149.161327576645,-35.208355103383],[149.161617840462,-35.2080517736223],[149.161875435487,-35.2077291828589],[149.164120060568,-35.2046370519938],[149.164228259394,-35.2044732145569],[149.164319929284,-35.2043027204581],[149.16439446758,-35.2041266907664],[149.164451384279,-35.2039462829422],[149.164490305253,-35.2037626832255],[149.16451097471,-35.2035770988362],[149.164513256869,-35.2033907500352],[149.16449713685,-35.2032048621016],[149.16436951726,-35.2022702488604],[149.164353431755,-35.2020852631766],[149.164355570255,-35.2018998152241],[149.164375918712,-35.2017151125821],[149.1644143445,-35.2015323579687],[149.164470597284,-35.2013527414086],[149.164544310653,-35.2011774324853],[149.164635004509,-35.201007572725],[149.164742088196,-35.2008442681642],[149.164864864346,-35.2006885821488],[149.165002533428,-35.2005415284107],[149.165154198947,-35.2004040644675]]]},"properties":{"OBJECTID":353,"ID":717,"DIVISION_CODE":715,"DIVISION_NAME":"KENNY","LAST_UPDATE_DATE":"Tue, 21 Jun 2022 14:43:02 GMT","DIVISION_SHORT":"KENN","GlobalID":"bac91aa3-2b2f-4dc8-b317-799cf8a254b6"}},{"type":"Feature","id":354,"geometry":{"type":"Polygon","coordinates":[[[149.14320302762,-35.1800382959265],[149.142568609893,-35.1795682238573],[149.141984588597,-35.1790560153202],[149.141455100253,-35.1785052989882],[149.140983894823,-35.177919976273],[149.140574309152,-35.1773041936707],[149.140229243364,-35.1766623133724],[149.139951140334,-35.1759988823486],[149.13974196843,-35.1753186001261],[149.139603207606,-35.1746262854876],[149.13874977055,-35.1688635349846],[149.138669304998,-35.1684527544092],[149.138550617913,-35.1680482694204],[149.138394412401,-35.1676524743107],[149.138201613616,-35.1672677119012],[149.137973363268,-35.1668962596768],[149.138794815611,-35.166536979041],[149.139307774191,-35.1662977207658],[149.139804160482,-35.1660359523394],[149.140282511088,-35.1657524455864],[149.141583651624,-35.1649362577525],[149.141972901793,-35.1646739984837],[149.142339023566,-35.1643901669854],[149.142680248028,-35.1640861347996],[149.142994926625,-35.163763371064],[149.144226111939,-35.162406420169],[149.144553551274,-35.1620697986461],[149.144907828379,-35.1617520329764],[149.145287337241,-35.1614545633682],[149.14569035755,-35.1611787380243],[149.147185785463,-35.1602234292016],[149.147627975598,-35.159917462077],[149.148039756503,-35.1595841025346],[149.148418619415,-35.1592253818958],[149.148762256246,-35.1588434859879],[149.14906857364,-35.1584407418188],[149.14984565905,-35.1573242746816],[149.150178062097,-35.1568891323797],[149.150552758575,-35.1564778205729],[149.150967228262,-35.1560931050494],[149.151418683608,-35.1557375727133],[149.151904088484,-35.155413614198],[149.152420178603,-35.1551234077988],[149.152963483464,-35.154868904834],[149.153530349691,-35.1546518165323],[149.154116965582,-35.1544736025336],[149.154719386735,-35.1543354610816],[149.156544651643,-35.1539824527843],[149.156642804275,-35.1542414451788],[149.151221938214,-35.1618143268853],[149.150111175323,-35.1628326680832],[149.149448943589,-35.1633550424235],[149.148363778927,-35.1640317825972],[149.147428446698,-35.1645612467517],[149.145424443832,-35.1663705545908],[149.151540127388,-35.167194719769],[149.152264431674,-35.1680229682724],[149.150954123928,-35.174580217768],[149.14824807135,-35.1742136128873],[149.146726051151,-35.175378835338],[149.146229475486,-35.1779475120175],[149.14320302762,-35.1800382959265]]]},"properties":{"OBJECTID":354,"ID":593,"DIVISION_CODE":716,"DIVISION_NAME":"FORDE","LAST_UPDATE_DATE":"Tue, 31 Oct 2006 09:56:30 GMT","DIVISION_SHORT":"FORD","GlobalID":"4fac1089-0073-49f2-9e3d-73222beace33"}},{"type":"Feature","id":355,"geometry":{"type":"Polygon","coordinates":[[[149.159075160503,-35.1818810382237],[149.16006445635,-35.1814806346163],[149.161745373539,-35.1823558109154],[149.162707148784,-35.1832584725992],[149.163634922023,-35.1846567405873],[149.164026689353,-35.1849770055519],[149.164560929178,-35.1854427740113],[149.167800493914,-35.1877420801559],[149.168425565807,-35.1884143435291],[149.168267820807,-35.1888490873717],[149.167494585696,-35.1942604504679],[149.167496115846,-35.1950499179453],[149.167673949524,-35.1966048234094],[149.167938782073,-35.1978964574279],[149.168261072404,-35.1987333751412],[149.168713345309,-35.1997494339678],[149.168212706438,-35.2005504694502],[149.166939202713,-35.2014632774239],[149.165115513155,-35.1999934802195],[149.164918648027,-35.1998264111122],[149.16473253976,-35.1996512324139],[149.164557683407,-35.1994684101656],[149.163740299197,-35.1985668336569],[149.163070324992,-35.1976909014098],[149.162872766582,-35.19741074111],[149.162700220747,-35.1971196618647],[149.162553577647,-35.1968191657911],[149.162433593744,-35.1965108035864],[149.15994624695,-35.1892243215235],[149.159842816809,-35.1889542588433],[149.159718935428,-35.188690060391],[149.159575091868,-35.1884327687632],[149.158940714993,-35.1873860818723],[149.158758841959,-35.18711046874],[149.158554071658,-35.1868459015586],[149.158327394989,-35.1865936603206],[149.158079908806,-35.1863549653746],[149.157105419165,-35.1855453584043],[149.156056206357,-35.1848013608061],[149.154938806144,-35.1841276058991],[149.153760178404,-35.1835282894787],[149.152527663808,-35.1830071437193],[149.151248938142,-35.1825674139625],[149.149931964557,-35.1822118385333],[149.148584944043,-35.1819426317101],[149.148853309743,-35.181214781723],[149.15089537772,-35.180680780374],[149.153042642646,-35.1799043914249],[149.153645586537,-35.1797321667834],[149.155050838559,-35.1796978644056],[149.157058567573,-35.1803230786593],[149.159075160503,-35.1818810382237]]]},"properties":{"OBJECTID":355,"ID":682,"DIVISION_CODE":717,"DIVISION_NAME":"THROSBY","LAST_UPDATE_DATE":"Mon, 11 Apr 2016 09:17:18 GMT","DIVISION_SHORT":"THRO","GlobalID":"57a4d479-442f-4e33-8415-c088396e345f"}},{"type":"Feature","id":356,"geometry":{"type":"Polygon","coordinates":[[[149.122361490646,-35.1536648632959],[149.123498760356,-35.1495978485349],[149.123066262818,-35.1486253326889],[149.12307452531,-35.1485673309115],[149.123077045859,-35.1485089701792],[149.123073807942,-35.1484506333268],[149.12306483281,-35.1483927030316],[149.123050179352,-35.1483355593032],[149.123029943702,-35.1482795769904],[149.123004258611,-35.1482251233233],[149.122973292579,-35.1481725555033],[149.122937248741,-35.1481222183607],[149.122896363546,-35.1480744420925],[149.122850905195,-35.1480295400968],[149.122780748708,-35.1479656896081],[149.1227916519,-35.1479576084779],[149.122823571465,-35.1479319356416],[149.122852842215,-35.1479042149309],[149.122879270083,-35.147874630138],[149.122902679852,-35.1478433774143],[149.122922916316,-35.1478106639691],[149.122939845309,-35.1477767066966],[149.122953354593,-35.1477417307373],[149.122963354605,-35.1477059679853],[149.12296977905,-35.147669655551],[149.122972585337,-35.147633034189],[149.122971754865,-35.1475963467016],[149.122967293145,-35.1475598363294],[149.12290416344,-35.1471939202835],[149.122886359317,-35.1470562967472],[149.122880286533,-35.1469179883633],[149.122885974614,-35.1467796689427],[149.122888698836,-35.1467471406219],[149.122622516503,-35.1467321023945],[149.12259571345,-35.1467314873189],[149.122568938363,-35.14673266597],[149.12254236888,-35.1467356305282],[149.122516181274,-35.1467403613255],[149.122490549284,-35.1467468269758],[149.122465642964,-35.1467549845834],[149.122441627554,-35.1467647800273],[149.122418662381,-35.1467761483204],[149.122396899807,-35.1467890140408],[149.122376484215,-35.1468032918316],[149.122357551052,-35.146818886968],[149.122227835752,-35.1467209676726],[149.122144860876,-35.1463317341475],[149.122062563634,-35.1463461821862],[149.12190201743,-35.1457292224463],[149.121672338004,-35.1457748881665],[149.121445983361,-35.1458306405918],[149.121223609563,-35.1458963181356],[149.118866166736,-35.1445436730761],[149.124187892346,-35.1395035692048],[149.12832686677,-35.14006670671],[149.129490052985,-35.1433837520396],[149.139401045776,-35.1414934809938],[149.142530372007,-35.1441482195951],[149.142716429434,-35.1469914319537],[149.14202367754,-35.1491263510361],[149.139683019892,-35.1485790452362],[149.135538970133,-35.1504097237692],[149.135564661353,-35.1504438810099],[149.1355887918,-35.1504787976652],[149.135611328239,-35.1505144256479],[149.135684131936,-35.1505852604646],[149.135749283127,-35.1506609554215],[149.135806303192,-35.150740954462],[149.135854773233,-35.1508246699101],[149.135894337162,-35.1509114867872],[149.13592470431,-35.1510007673295],[149.135945651568,-35.1510918556731],[149.136048857073,-35.1516772133102],[149.136067001625,-35.1518224297295],[149.136070410362,-35.1519683819477],[149.136059059687,-35.1521140630355],[149.13603302783,-35.1522584679286],[149.135992494311,-35.1524006003623],[149.135937738701,-35.1525394797442],[149.135869138695,-35.1526741479205],[149.135787167513,-35.1528036757863],[149.134968836903,-35.1539751242521],[149.134885626678,-35.1541064549523],[149.134815819387,-35.1542429508219],[149.134759885987,-35.15438369112],[149.134718203858,-35.1545277264695],[149.134691054247,-35.1546740852614],[149.134678620376,-35.1548217802079],[149.1346809862,-35.1549698150027],[149.134773186706,-35.1563654926187],[149.134776298188,-35.1565458326737],[149.134761836713,-35.1567257993591],[149.134729894825,-35.1569042395722],[149.134680677072,-35.1570800099834],[149.134614498701,-35.1572519843618],[149.134531783638,-35.1574190607923],[149.134433061777,-35.1575801687361],[149.134318965585,-35.1577342758908],[149.134057131224,-35.1580579881287],[149.133995225652,-35.1581375007541],[149.133936736253,-35.1582187390271],[149.133881734277,-35.158301603997],[149.133510301338,-35.1588852083455],[149.133420223326,-35.1590135927017],[149.133317609706,-35.1591354674786],[149.133203153812,-35.1592500091336],[149.132902793214,-35.1595265816253],[149.132818705191,-35.1596077986888],[149.132739388993,-35.1596921911937],[149.132665022186,-35.1597795702275],[149.132133267995,-35.1604369488687],[149.131995927748,-35.1606224885467],[149.131877158566,-35.1608164799455],[149.13177772649,-35.1610176720788],[149.131698272876,-35.1612247675149],[149.13163931026,-35.1614364307434],[149.131601219041,-35.1616512967865],[149.131584245033,-35.1618679800008],[149.131559741817,-35.1627035126031],[149.131553325453,-35.1627872199887],[149.131539029434,-35.1628702673526],[149.131516939713,-35.1629521552476],[149.131487189114,-35.1630323911982],[149.131449956537,-35.163110492662],[149.131130429181,-35.1637110325274],[149.130681002005,-35.1635312235739],[149.130251237162,-35.163321489614],[149.12984408283,-35.1630832694728],[149.127966042898,-35.1618851196576],[149.127810121111,-35.1617808533677],[149.127660177504,-35.1616708326713],[149.127516526684,-35.1615552884275],[149.127195711817,-35.1612636112921],[149.126902992421,-35.1609526449296],[149.126640081837,-35.1606242098155],[149.126408518844,-35.1602802286718],[149.12620965865,-35.1599227152076],[149.126044664971,-35.1595537623273],[149.125914503219,-35.1591755298754],[149.12581993487,-35.1587902319903],[149.125601929637,-35.157685293533],[149.125479954567,-35.1571987408668],[149.125308228025,-35.156722423702],[149.125087985541,-35.1562597666727],[149.124820811384,-35.1558140961451],[149.124508627155,-35.1553886163083],[149.124153677957,-35.154986386144],[149.123758516235,-35.1546102974418],[149.123325983422,-35.1542630540169],[149.122859189501,-35.1539471522794],[149.122361490646,-35.1536648632959]]]},"properties":{"OBJECTID":356,"ID":704,"DIVISION_CODE":718,"DIVISION_NAME":"JACKA","LAST_UPDATE_DATE":"Fri, 08 Jun 2018 08:59:34 GMT","DIVISION_SHORT":"JACK","GlobalID":"0533eecd-f441-42d4-b865-06b83a83d65b"}},{"type":"Feature","id":357,"geometry":{"type":"Polygon","coordinates":[[[149.139683019892,-35.1485790452362],[149.14202367754,-35.1491263510361],[149.14557379144,-35.1476993035943],[149.151319401257,-35.1481969681176],[149.153618321804,-35.1484411563262],[149.154456751743,-35.1485708758183],[149.155882680556,-35.1487970677696],[149.155453412769,-35.1509672627634],[149.155521066144,-35.1523346781247],[149.156544651643,-35.1539824527843],[149.154719386735,-35.1543354610816],[149.154116965582,-35.1544736025336],[149.153530349691,-35.1546518165323],[149.152963483464,-35.154868904834],[149.152420178603,-35.1551234077988],[149.151904088484,-35.155413614198],[149.151418683608,-35.1557375727133],[149.150967228262,-35.1560931050494],[149.150552758575,-35.1564778205729],[149.150178062097,-35.1568891323797],[149.14984565905,-35.1573242746816],[149.14906857364,-35.1584407418188],[149.148762256246,-35.1588434859879],[149.148418619415,-35.1592253818958],[149.148039756503,-35.1595841025346],[149.147627975598,-35.159917462077],[149.147185785463,-35.1602234292016],[149.14569035755,-35.1611787380243],[149.145287337241,-35.1614545633682],[149.144907828379,-35.1617520329764],[149.144553551274,-35.1620697986461],[149.144226111939,-35.162406420169],[149.142994926625,-35.163763371064],[149.142680248028,-35.1640861347996],[149.142339023566,-35.1643901669854],[149.141972901793,-35.1646739984837],[149.141583651624,-35.1649362577525],[149.140282511088,-35.1657524455864],[149.139804160482,-35.1660359523394],[149.139307774191,-35.1662977207658],[149.138794815611,-35.166536979041],[149.137973363268,-35.1668962596768],[149.137675784619,-35.1664968832495],[149.13733725448,-35.1661201400204],[149.136960310819,-35.1657688538663],[149.136547779422,-35.1654456578201],[149.136102752708,-35.1651529743435],[149.135628566549,-35.1648929971772],[149.13512877527,-35.1646676749053],[149.134607125015,-35.1644786963579],[149.134067525679,-35.1643274779583],[149.133514021616,-35.1642151531124],[149.132744262745,-35.1640876929906],[149.132671364346,-35.1640759209181],[149.132598331461,-35.1640647251],[149.132525170845,-35.1640541065718],[149.132049524042,-35.1639706780765],[149.131583601694,-35.1638560720074],[149.131130429181,-35.1637110325274],[149.131449956537,-35.163110492662],[149.131487189114,-35.1630323911982],[149.131516939713,-35.1629521552476],[149.131539029434,-35.1628702673526],[149.131553325453,-35.1627872199887],[149.131559741817,-35.1627035126031],[149.131584245033,-35.1618679800008],[149.131601219041,-35.1616512967865],[149.13163931026,-35.1614364307434],[149.131698272876,-35.1612247675149],[149.13177772649,-35.1610176720788],[149.131877158566,-35.1608164799455],[149.131995927748,-35.1606224885467],[149.132133267995,-35.1604369488687],[149.132665022186,-35.1597795702275],[149.132739388993,-35.1596921911937],[149.132818705191,-35.1596077986888],[149.132902793214,-35.1595265816253],[149.133203153812,-35.1592500091336],[149.133317609706,-35.1591354674786],[149.133420223326,-35.1590135927017],[149.133510301338,-35.1588852083455],[149.133881734277,-35.158301603997],[149.133936736253,-35.1582187390271],[149.133995225652,-35.1581375007541],[149.134057131224,-35.1580579881287],[149.134318965585,-35.1577342758908],[149.134433061777,-35.1575801687361],[149.134531783638,-35.1574190607923],[149.134614498701,-35.1572519843618],[149.134680677072,-35.1570800099834],[149.134729894825,-35.1569042395722],[149.134761836713,-35.1567257993591],[149.134776298188,-35.1565458326737],[149.134773186706,-35.1563654926187],[149.1346809862,-35.1549698150027],[149.134678620376,-35.1548217802079],[149.134691054247,-35.1546740852614],[149.134718203858,-35.1545277264695],[149.134759885987,-35.15438369112],[149.134815819387,-35.1542429508219],[149.134885626678,-35.1541064549523],[149.134968836903,-35.1539751242521],[149.135787167513,-35.1528036757863],[149.135869138695,-35.1526741479205],[149.135937738701,-35.1525394797442],[149.135992494311,-35.1524006003623],[149.13603302783,-35.1522584679286],[149.136059059687,-35.1521140630355],[149.136070410362,-35.1519683819477],[149.136067001625,-35.1518224297295],[149.136048857073,-35.1516772133102],[149.135945651568,-35.1510918556731],[149.13592470431,-35.1510007673295],[149.135894337162,-35.1509114867872],[149.135854773233,-35.1508246699101],[149.135806303192,-35.150740954462],[149.135749283127,-35.1506609554215],[149.135684131936,-35.1505852604646],[149.135611328239,-35.1505144256479],[149.1355887918,-35.1504787976652],[149.135564661353,-35.1504438810099],[149.135538970133,-35.1504097237692],[149.139683019892,-35.1485790452362]]]},"properties":{"OBJECTID":357,"ID":647,"DIVISION_CODE":719,"DIVISION_NAME":"BONNER","LAST_UPDATE_DATE":"Thu, 08 Sep 2011 08:58:39 GMT","DIVISION_SHORT":"BONN","GlobalID":"cd6dc344-1826-4130-b422-dd6ced09ee31"}},{"type":"Feature","id":358,"geometry":{"type":"Polygon","coordinates":[[[149.222005309469,-35.3394069707196],[149.222107959856,-35.3395156217586],[149.222304205166,-35.3396510043011],[149.222580542868,-35.3397513669465],[149.222833774916,-35.3397233415773],[149.223074408672,-35.3397561729421],[149.223449890086,-35.3397893052483],[149.22389007195,-35.3397902368778],[149.224096809038,-35.3398573733906],[149.224446842712,-35.3397915013513],[149.224803080284,-35.3396601856772],[149.225224476572,-35.3394633222832],[149.225287106762,-35.3393567729431],[149.225388076759,-35.3391915738589],[149.225722621487,-35.3389284414624],[149.226111525615,-35.3386348386261],[149.226473069121,-35.3383925652373],[149.226756702361,-35.3382602929613],[149.22706144703,-35.338043444762],[149.227396101405,-35.3377842732019],[149.227721494366,-35.3376400263709],[149.227968254926,-35.3374988052748],[149.228239090276,-35.3374352283424],[149.228454272962,-35.3373722913972],[149.228683350627,-35.3373634048159],[149.228991647786,-35.3373245421505],[149.229310175529,-35.3373273873901],[149.229580581875,-35.3373088697637],[149.2298350515,-35.3372137749233],[149.230108632707,-35.3371496473563],[149.230398196429,-35.3370983783466],[149.230514013912,-35.3370992477002],[149.230689851366,-35.3370882913725],[149.230955161506,-35.3371373737423],[149.231246291986,-35.337216780908],[149.231556207175,-35.3373283265513],[149.231779039518,-35.3374084889447],[149.231920081925,-35.3375034015736],[149.232080032994,-35.3377549152891],[149.232281056485,-35.3379431767738],[149.232542359443,-35.3381336685664],[149.232592782621,-35.3382316321425],[149.23280994821,-35.338329737263],[149.232951031181,-35.3383982412511],[149.23312570444,-35.3386024113766],[149.233184480546,-35.338856905766],[149.233222847507,-35.3390494311034],[149.233253707001,-35.3392318770752],[149.2332383367,-35.3394414462032],[149.233112629257,-35.3396045341823],[149.233010085846,-35.3397522584635],[149.232860727647,-35.3399147592209],[149.232679103003,-35.3400632604227],[149.232521083556,-35.3402364120742],[149.232370230518,-35.3403758425287],[149.232167032393,-35.340639832536],[149.231955409873,-35.3408802251326],[149.231748510032,-35.3410783397668],[149.231565332763,-35.341223958102],[149.231441066791,-35.3413937111667],[149.231362637593,-35.3416332266656],[149.231336877717,-35.3418665174977],[149.231376630169,-35.3420838252267],[149.231450573993,-35.3422150011011],[149.231479207638,-35.3422569538073],[149.231110633883,-35.3424621531398],[149.23090306746,-35.342579163064],[149.230730738116,-35.342649503165],[149.230528789618,-35.3427242715484],[149.230398422735,-35.3427654944243],[149.230162304051,-35.3428296769614],[149.229860961007,-35.3428844715184],[149.229564044175,-35.3429107460239],[149.229437291171,-35.3429201650963],[149.22871390452,-35.3426058572559],[149.226539266987,-35.3421901245451],[149.226142820578,-35.3419317063106],[149.225317649779,-35.3417746603766],[149.224850234529,-35.3416856944981],[149.224366213806,-35.3417740967652],[149.223924504774,-35.3416899636627],[149.221571122942,-35.3412416691394],[149.221342374386,-35.3412755106249],[149.221644496473,-35.3396358443111],[149.222005309469,-35.3394069707196]]]},"properties":{"OBJECTID":358,"ID":67,"DIVISION_CODE":801,"DIVISION_NAME":"OAKS ESTATE","LAST_UPDATE_DATE":"Fri, 19 Feb 1999 09:48:35 GMT","DIVISION_SHORT":"OAKS","GlobalID":"4477accf-6b2f-4ad2-94e1-48dd3b39fda1"}},{"type":"Feature","id":359,"geometry":{"type":"Polygon","coordinates":[[[149.149605979152,-35.4008293061703],[149.150094378847,-35.400415319024],[149.153346608692,-35.3980151512171],[149.152755651602,-35.3974783274928],[149.147325824708,-35.3967363934623],[149.149247469368,-35.3953883590007],[149.150177906681,-35.3949256797156],[149.149945733815,-35.3943766157238],[149.150221589949,-35.3938553048457],[149.149727898453,-35.3936950865369],[149.148359713577,-35.3907897995099],[149.152477262363,-35.3881942645136],[149.165721503867,-35.3658855814393],[149.16724338798,-35.3656475861593],[149.167901725997,-35.3655391784799],[149.171787565543,-35.3660999875026],[149.173277390679,-35.3682102275909],[149.183539017297,-35.370516379187],[149.185047241258,-35.3708373438153],[149.185563572546,-35.3680894090708],[149.190477277274,-35.3688036442893],[149.187129147682,-35.3739820002654],[149.186858418693,-35.3744016454264],[149.18663710092,-35.3747410047764],[149.186370349393,-35.3751404686866],[149.186034185872,-35.375633598997],[149.185854798792,-35.3758886687108],[149.185519390675,-35.3763571882663],[149.185280432939,-35.3766830863714],[149.184919581486,-35.3771627804691],[149.184729596108,-35.3774090851087],[149.184458678657,-35.3775659274591],[149.185012832126,-35.3775562176398],[149.184718546796,-35.3779347076782],[149.18453506533,-35.3778323103499],[149.184258079457,-35.3781888691407],[149.184392765947,-35.3783437000002],[149.183544797923,-35.3793601131096],[149.183057675303,-35.379907702806],[149.182195094232,-35.3808499437693],[149.178639402402,-35.3846142495923],[149.177986238259,-35.3848879652793],[149.176360509858,-35.3866086545711],[149.176200858968,-35.387195137425],[149.171864938198,-35.3917841005111],[149.171415933616,-35.3921872198348],[149.17102667031,-35.3925990507216],[149.170738418573,-35.3929040062469],[149.170376039047,-35.3933620344876],[149.168574456614,-35.3952696095374],[149.165453124414,-35.3985748955698],[149.162837046022,-35.4013411385413],[149.16268355047,-35.4015036233614],[149.1610930467,-35.4031886533136],[149.159593630949,-35.4047756998299],[149.159580079723,-35.4047900421374],[149.159440092395,-35.404938207583],[149.159350272751,-35.4050332741137],[149.157463181652,-35.4070305194461],[149.157323129991,-35.4071713529052],[149.157175234369,-35.4073063072343],[149.157023911467,-35.4074386939299],[149.156915108553,-35.4075341213112],[149.156611405881,-35.4078054700711],[149.156574349336,-35.4078391439022],[149.15642481988,-35.4079728752834],[149.156190284621,-35.4081689325618],[149.155873638898,-35.4084225840141],[149.155712667758,-35.408547098475],[149.155549117741,-35.4086693555113],[149.155193871269,-35.408931964523],[149.155029362251,-35.4090541586652],[149.154860789701,-35.4091720565862],[149.154691939116,-35.4092896626561],[149.154520109307,-35.409404118734],[149.154346242973,-35.4095164221409],[149.154171695232,-35.4096280063685],[149.153995522271,-35.4097378731957],[149.153819349926,-35.4098477397611],[149.153642501851,-35.4099568933466],[149.153464427345,-35.4100647497022],[149.152833283493,-35.4104286880837],[149.152415925521,-35.4106745178152],[149.145694257766,-35.4043282553826],[149.145915625355,-35.4041088164478],[149.14791907805,-35.4023379548123],[149.149100625913,-35.4012576579627],[149.149605979152,-35.4008293061703]]]},"properties":{"OBJECTID":359,"ID":66,"DIVISION_CODE":802,"DIVISION_NAME":"HUME","LAST_UPDATE_DATE":"Fri, 19 Feb 1999 09:49:11 GMT","DIVISION_SHORT":"HUME","GlobalID":"a9b9988c-54c7-484a-9334-7b52264f9373"}},{"type":"Feature","id":360,"geometry":{"type":"Polygon","coordinates":[[[149.166965025427,-35.3604354202712],[149.15948075487,-35.3636238780598],[149.127365111302,-35.3518181728065],[149.124421051261,-35.3479188177491],[149.124722654637,-35.3478578405394],[149.125019528889,-35.3477828873073],[149.125310710037,-35.3476942014424],[149.127773890969,-35.3468776405629],[149.128079800517,-35.3467648136223],[149.128374211518,-35.3466330429539],[149.128655379658,-35.3464831093018],[149.128921639115,-35.3463159010194],[149.129171412429,-35.3461324088046],[149.129801706595,-35.3456322046209],[149.130024870887,-35.3454689406767],[149.130263451593,-35.3453210344026],[149.130515878671,-35.3451894590785],[149.130780490987,-35.3450750805149],[149.131055547252,-35.3449786513565],[149.131339237471,-35.3449008061317],[149.133500847643,-35.344386520534],[149.135496153389,-35.3442189242355],[149.13631515712,-35.3441767405435],[149.137135671997,-35.3441874971019],[149.137952609076,-35.3442511271403],[149.138760901592,-35.3443672359587],[149.139390084104,-35.3445009410649],[149.140003862574,-35.3446762452397],[149.140598147747,-35.3448919805241],[149.140940522595,-35.3450302272237],[149.141563712222,-35.3452557873064],[149.142207765345,-35.345437802523],[149.142868158522,-35.3455749945174],[149.143540253468,-35.3456663997488],[149.144219329662,-35.345711376263],[149.144900617517,-35.3457096082034],[149.145579331912,-35.3456611080297],[149.146250705824,-35.3455662164295],[149.146910023829,-35.3454255999221],[149.147552655251,-35.3452402461733],[149.154385939272,-35.3430721711357],[149.158056017242,-35.3418736307557],[149.159382835512,-35.34146524918],[149.160745131241,-35.3411447627891],[149.162134248201,-35.340914207755],[149.162960456483,-35.3407858728526],[149.162874229464,-35.3400914012998],[149.162774353044,-35.3393981587126],[149.162660853521,-35.338706325201],[149.161610866964,-35.3326742592488],[149.161517693377,-35.3319028296771],[149.161505760793,-35.3311276923177],[149.161575155169,-35.3303545818934],[149.161855807161,-35.3305220597294],[149.161852586851,-35.3305263371707],[149.163886833138,-35.3317402293232],[149.164274237735,-35.3319629313266],[149.164670992716,-35.3321742908078],[149.165076603797,-35.3323740444234],[149.177822184558,-35.3384014931698],[149.17828983193,-35.3384387439959],[149.179850738774,-35.3388789481176],[149.180428393015,-35.3390622990325],[149.180987339115,-35.3392811490808],[149.181524333563,-35.3395342283259],[149.182036260148,-35.3398200682013],[149.184486534901,-35.3413032031211],[149.185482391008,-35.3417740161287],[149.186526074657,-35.342235590989],[149.187600044759,-35.3426479011289],[149.188700840822,-35.3430096179532],[149.188443021243,-35.3435811139563],[149.188571895371,-35.343961419071],[149.186332889824,-35.3444707619183],[149.18722606623,-35.347848402274],[149.187226957723,-35.3486394262175],[149.186364514938,-35.352167498002],[149.182459923224,-35.3538319930801],[149.182508881433,-35.3539377799688],[149.182820226143,-35.3543069829383],[149.166229908957,-35.3564295332293],[149.166965025427,-35.3604354202712]]]},"properties":{"OBJECTID":360,"ID":326,"DIVISION_CODE":803,"DIVISION_NAME":"SYMONSTON","LAST_UPDATE_DATE":"Wed, 20 Oct 2010 12:10:54 GMT","DIVISION_SHORT":"SYMO","GlobalID":"c2e566e0-ec69-4793-93e4-74f0ad366372"}},{"type":"Feature","id":361,"geometry":{"type":"Polygon","coordinates":[[[149.204260027982,-35.3412728874719],[149.205280370775,-35.3404913477419],[149.206844435277,-35.3395958719366],[149.207679193143,-35.3392774131073],[149.208954705246,-35.3390473705553],[149.209639671724,-35.3390174198498],[149.210474231374,-35.3390913256337],[149.211040024213,-35.3391941412391],[149.211658102555,-35.3393912319674],[149.214643903351,-35.340481950089],[149.215056609673,-35.3406332920548],[149.215591416833,-35.3407171390502],[149.218811260719,-35.341333413985],[149.21875561456,-35.3413418639532],[149.218541142479,-35.3413865620987],[149.218328823256,-35.3414377388545],[149.218118945483,-35.3414962534424],[149.217911860474,-35.341563166765],[149.217877568301,-35.3415745796075],[149.208038924776,-35.345160507398],[149.207685229124,-35.3452738274759],[149.207448304798,-35.3453787091115],[149.207380343877,-35.3452558499799],[149.207216896886,-35.3444876864621],[149.20666547492,-35.3424153732329],[149.204260027982,-35.3412728874719]]]},"properties":{"OBJECTID":361,"ID":642,"DIVISION_CODE":804,"DIVISION_NAME":"BEARD","LAST_UPDATE_DATE":"Wed, 20 Oct 2010 12:10:54 GMT","DIVISION_SHORT":"BEAR","GlobalID":"f5b32340-8db5-4760-9a7a-29fe6ccf3576"}},{"type":"Feature","id":362,"geometry":{"type":"Polygon","coordinates":[[[149.076655769668,-35.1662360319112],[149.07430376041,-35.1686066366093],[149.075877426995,-35.1696591039939],[149.07545930192,-35.1700809816402],[149.074965161339,-35.1709195530852],[149.073338057799,-35.1714471323207],[149.072297116165,-35.1722993084664],[149.07121606656,-35.1724258138716],[149.071149901218,-35.1745129523283],[149.071193326373,-35.1751644787728],[149.071350016846,-35.1757010819914],[149.072113774961,-35.1774976277236],[149.073793676086,-35.1806591397014],[149.074223395217,-35.1813475132069],[149.07395234131,-35.1815460911135],[149.073234508312,-35.1809356140198],[149.072460601738,-35.1803732142272],[149.071635385058,-35.1798623526552],[149.070763937201,-35.1794061730184],[149.069851621316,-35.1790074824989],[149.067560473881,-35.1780990153167],[149.066646766809,-35.177700252072],[149.065773295171,-35.1772447503772],[149.064945274873,-35.1767352305218],[149.064167650117,-35.1761747353593],[149.063445063862,-35.1755666121182],[149.062781830098,-35.1749144923949],[149.062412786644,-35.1751485941399],[149.062132981305,-35.1748410526063],[149.061865997398,-35.174525921198],[149.061612139923,-35.1742035600888],[149.061280693984,-35.1740217770511],[149.058037049226,-35.1736024535617],[149.055641756164,-35.17327968399],[149.055696523362,-35.1730114674552],[149.056053884245,-35.1712283473479],[149.058462497624,-35.1715448125739],[149.058089627308,-35.1733339424388],[149.061066577046,-35.1737187914754],[149.061075080372,-35.1734295101795],[149.061491848729,-35.1732523901519],[149.061025242935,-35.172430872218],[149.0606426422,-35.1715805862263],[149.060346644523,-35.1707073117306],[149.060139259028,-35.1698169843642],[149.060021892375,-35.1689156554814],[149.059995339279,-35.1680094510162],[149.060059777186,-35.1671045298399],[149.060214765149,-35.1662070419],[149.060459246905,-35.1653230864252],[149.06109347369,-35.1634005794008],[149.061343671925,-35.1624871703637],[149.061496731311,-35.1615594138307],[149.061551508126,-35.1606242626403],[149.061507595255,-35.1596887248096],[149.062406986744,-35.1591581849652],[149.063519870761,-35.1608128048953],[149.063892484281,-35.1612783592069],[149.064127612674,-35.1616315209584],[149.064308485931,-35.1619852581897],[149.064495159453,-35.162262784385],[149.065743234413,-35.1624312571418],[149.065575288439,-35.1632703259507],[149.065144124557,-35.1632121256009],[149.066273171705,-35.1648618213585],[149.068145789035,-35.1651041554785],[149.071338116331,-35.1655295849902],[149.072104979883,-35.1648206533544],[149.072222372943,-35.1641855154682],[149.072482659963,-35.1642418108198],[149.072568043868,-35.1643793376311],[149.072621721932,-35.1643921760845],[149.072551838795,-35.164956348516],[149.072517329801,-35.1656867118456],[149.076655769668,-35.1662360319112]]]},"properties":{"OBJECTID":362,"ID":670,"DIVISION_CODE":901,"DIVISION_NAME":"HALL","LAST_UPDATE_DATE":"Mon, 29 Jul 2013 13:38:47 GMT","DIVISION_SHORT":"HALL","GlobalID":"191215ad-1438-4195-b10a-fcf90d3ea574"}},{"type":"Feature","id":363,"geometry":{"type":"Polygon","coordinates":[[[149.026239552834,-35.3095250716391],[149.030970739038,-35.3087925557091],[149.031130486392,-35.3093410551432],[149.03131108919,-35.3098851897061],[149.03151237105,-35.3104244267397],[149.032720026638,-35.3136327820395],[149.033209408463,-35.3147635426194],[149.033811796281,-35.3158570399003],[149.034523023316,-35.3169057021355],[149.035338168587,-35.3179022677672],[149.0362515909,-35.3188398357501],[149.037256967851,-35.3197119133835],[149.044009933241,-35.325100937833],[149.042741678583,-35.3261684374673],[149.042516638618,-35.3263428567822],[149.042274836549,-35.3265014965067],[149.042017914815,-35.3266432790123],[149.041747618594,-35.3267672411738],[149.04146578394,-35.3268725409134],[149.041174325316,-35.326958462923],[149.04087522258,-35.3270244235248],[149.040570507537,-35.3270699746376],[149.04026225013,-35.3270948068217],[149.039952544375,-35.3270987513823],[149.039643494133,-35.3270817815155],[149.034813310299,-35.326651716286],[149.031845519999,-35.3263984651331],[149.030394192278,-35.3261114724807],[149.032211973367,-35.3169170964858],[149.03206144662,-35.3163397894415],[149.03172833748,-35.3158844285834],[149.031371542504,-35.3157290348543],[149.029930705061,-35.3145323153738],[149.028562849602,-35.3142365050257],[149.027596626171,-35.3139396932338],[149.024946308346,-35.3128223830967],[149.024340209179,-35.3122275791],[149.02247380292,-35.311037201986],[149.023266482472,-35.3102828163643],[149.026239552834,-35.3095250716391]]]},"properties":{"OBJECTID":363,"ID":645,"DIVISION_CODE":910,"DIVISION_NAME":"WRIGHT","LAST_UPDATE_DATE":"Mon, 19 Sep 2011 08:51:25 GMT","DIVISION_SHORT":"WRIG","GlobalID":"602e9e69-9b81-434a-9b39-a999b28737ad"}},{"type":"Feature","id":364,"geometry":{"type":"Polygon","coordinates":[[[149.033370213408,-35.3084209754737],[149.037315862555,-35.308922340802],[149.037607846108,-35.309126227409],[149.038324469579,-35.3093806626836],[149.039643164873,-35.3095966405798],[149.040725795167,-35.3092138719086],[149.041618954222,-35.3087804937953],[149.042904944404,-35.3083430348642],[149.043537038448,-35.3080984378537],[149.044290403235,-35.3081167881357],[149.045154878326,-35.3082810143633],[149.045875405007,-35.3086204821535],[149.04651391827,-35.3089626745836],[149.047172372248,-35.3091461466369],[149.047427789623,-35.3093956242578],[149.04776959266,-35.3098021622056],[149.048231140283,-35.3106807392317],[149.048205636005,-35.3109190389119],[149.048060628804,-35.3116508143705],[149.047787247813,-35.3117961836268],[149.047366516822,-35.3126181710713],[149.047064335745,-35.3132654571583],[149.047046714923,-35.3134423784257],[149.046830377234,-35.313793394563],[149.046420287966,-35.3141258139434],[149.046189534282,-35.3142177217767],[149.04611183793,-35.3143101241962],[149.046000359377,-35.3148351392577],[149.046242971762,-35.3151843014259],[149.046247086678,-35.31553074228],[149.046315579803,-35.315991442557],[149.046477855579,-35.3164250766004],[149.046464750834,-35.3171033642795],[149.046424756728,-35.317894768181],[149.046851259822,-35.3185384026333],[149.047074239206,-35.3187293088605],[149.047493048657,-35.3188936566305],[149.047914882221,-35.318936332467],[149.048229169487,-35.3189717413225],[149.048511425865,-35.3189395655866],[149.048839831075,-35.3188368954238],[149.049179034215,-35.3187804561381],[149.049389902046,-35.3187020677718],[149.049901295617,-35.3184079082567],[149.050483222718,-35.3184358310765],[149.051633926254,-35.3181515387954],[149.052196119321,-35.3178759177052],[149.052999978957,-35.3177658577781],[149.051923507885,-35.3219252176271],[149.052151673798,-35.3240520598723],[149.050588143917,-35.3251281999744],[149.051275084981,-35.3272257176658],[149.050718998615,-35.3273238785337],[149.050154712306,-35.3273827506989],[149.049586351603,-35.327401903713],[149.049018071869,-35.3273811975177],[149.048454027877,-35.3273207834703],[149.047898343422,-35.3272211032376],[149.04735508115,-35.3270828855649],[149.04682821284,-35.3269071409468],[149.046321590349,-35.3266951542349],[149.045838917441,-35.3264484752404],[149.045383722696,-35.3261689073975],[149.044959333707,-35.3258584945727],[149.037256967851,-35.3197119133835],[149.0362515909,-35.3188398357501],[149.035338168587,-35.3179022677672],[149.034523023316,-35.3169057021355],[149.033811796281,-35.3158570399003],[149.033209408463,-35.3147635426194],[149.032720026638,-35.3136327820395],[149.03151237105,-35.3104244267397],[149.03131108919,-35.3098851897061],[149.031130486392,-35.3093410551432],[149.030970739038,-35.3087925557091],[149.033370213408,-35.3084209754737]]]},"properties":{"OBJECTID":364,"ID":644,"DIVISION_CODE":911,"DIVISION_NAME":"COOMBS","LAST_UPDATE_DATE":"Mon, 19 Sep 2011 08:51:25 GMT","DIVISION_SHORT":"COOM","GlobalID":"73c61a6f-35a8-4acd-a13b-b5b036fe6697"}},{"type":"Feature","id":365,"geometry":{"type":"Polygon","coordinates":[[[148.980014304817,-35.2273896124849],[148.968874151746,-35.2310631745525],[148.968472778461,-35.230349581445],[148.967880330593,-35.2289760295096],[148.967427618806,-35.2278126975062],[148.967298447751,-35.227176718375],[148.966744546407,-35.2263168951916],[148.965843815159,-35.2250119897443],[148.965213917732,-35.2241910665463],[148.964197989314,-35.2229424357503],[148.963269532461,-35.2218600228783],[148.962628853716,-35.2207754615338],[148.961935061161,-35.2194581675394],[148.961598570094,-35.2188620265435],[148.961436908792,-35.2186360838258],[148.98305746702,-35.2059142968318],[148.989440671594,-35.215670706642],[148.9915451392,-35.2159269525984],[148.991484866994,-35.2162603423261],[148.991418431361,-35.2165431029688],[148.991322518981,-35.2168201060667],[148.991197844694,-35.2170892862358],[148.989760358715,-35.2198301998761],[148.989517176492,-35.2203818728328],[148.989331635164,-35.220948427991],[148.98920506158,-35.221525817524],[148.989138361351,-35.2221099161096],[148.989391319863,-35.2221101946461],[148.989643994444,-35.2221200306821],[148.989895849143,-35.2221394033513],[148.987503687033,-35.2259954778077],[148.983511487495,-35.226556085233],[148.980217467597,-35.2271166893973],[148.980014304817,-35.2273896124849]]]},"properties":{"OBJECTID":365,"ID":723,"DIVISION_CODE":582,"DIVISION_NAME":"MACNAMARA","LAST_UPDATE_DATE":"Thu, 09 Nov 2023 10:12:43 GMT","DIVISION_SHORT":"MACN","GlobalID":"a818b7c8-4e52-4993-8c38-b449125cfeab"}},{"type":"Feature","id":366,"geometry":{"type":"Polygon","coordinates":[[[149.033751239509,-35.3016254057751],[149.033700235821,-35.3018873073544],[149.033623308855,-35.3021449188916],[149.033520972401,-35.3023965189916],[149.033393910054,-35.3026404264118],[149.033242970659,-35.3028750112987],[149.031604353081,-35.3051873346476],[149.031375351707,-35.3055436501784],[149.031183071687,-35.3059142666968],[149.031028830197,-35.3062966463706],[149.030913683985,-35.3066881707807],[149.030838422126,-35.3070861588482],[149.030803560597,-35.3074878851927],[149.030809338731,-35.3078905987934],[149.030855717562,-35.3082915418288],[149.030942380074,-35.3086879685621],[149.030970739038,-35.3087925557091],[149.026239552834,-35.3095250716391],[149.023266482472,-35.3102828163643],[149.02247380292,-35.311037201986],[149.022200964382,-35.3108631829558],[149.020787194831,-35.3093838297076],[149.019259847299,-35.3086144602938],[149.018154593068,-35.307745383784],[149.017360924671,-35.3073811092201],[149.016797548139,-35.3071603565866],[149.015566308468,-35.3068718708284],[149.014634752583,-35.3066011730358],[149.014348030029,-35.3057294245217],[149.013466088582,-35.3047940999304],[149.012098631805,-35.3025462071411],[149.011298609411,-35.3018649834301],[149.01054497685,-35.3009949440833],[149.009562119415,-35.3006038979616],[149.008779598026,-35.2999925783894],[149.010824673177,-35.298247638436],[149.012873125675,-35.2961208491995],[149.015965663902,-35.2955079851653],[149.019193365877,-35.2952335246491],[149.019943305705,-35.2906956986457],[149.021392440241,-35.2817263217779],[149.021467922803,-35.2812792342803],[149.021235484325,-35.2803240530527],[149.02184356805,-35.2802213434282],[149.021885393977,-35.2802142794051],[149.022656998528,-35.2797979047605],[149.023396794007,-35.2791579267848],[149.024022878642,-35.2788255573554],[149.024518635247,-35.2786345198871],[149.025504040017,-35.2785189412226],[149.02614490592,-35.2785115533105],[149.0266307128,-35.278598726845],[149.027003654357,-35.2787192621729],[149.027332290256,-35.2787811303093],[149.027700066659,-35.2788999506261],[149.027966419349,-35.2791032341604],[149.028195547583,-35.2794501844808],[149.028321394865,-35.2799323384201],[149.028333663673,-35.2802281299339],[149.028233096472,-35.2807001359859],[149.028140182442,-35.281001531217],[149.027904739688,-35.2814194815789],[149.027617189427,-35.2818082388999],[149.027456380569,-35.2822627680071],[149.027101712134,-35.2828475574286],[149.026936916219,-35.283188347544],[149.026806507099,-35.2834542385594],[149.026714115001,-35.2836665878744],[149.026727709561,-35.2840203308296],[149.026793683503,-35.2841409093765],[149.026843100707,-35.2844445362558],[149.02687338081,-35.2846918382479],[149.027066230019,-35.284958221683],[149.02727783098,-35.2850167721645],[149.027457921919,-35.2852363829112],[149.027549189285,-35.2854020199765],[149.027709991087,-35.285864972588],[149.02793017167,-35.2864192132459],[149.028274226463,-35.2869463964448],[149.02875859195,-35.2876813866252],[149.029092671325,-35.2882756222436],[149.029401821095,-35.2889436744915],[149.029558981755,-35.2892804483885],[149.029622908609,-35.2895305372798],[149.029814997909,-35.2897502320694],[149.030108414929,-35.2898892456521],[149.030302978233,-35.2898926372751],[149.030610153091,-35.2900868948781],[149.031260195636,-35.290350396806],[149.031551598564,-35.2903379967217],[149.031997413166,-35.2902212916347],[149.03238747051,-35.2900139277782],[149.032769048215,-35.289760961697],[149.033149516575,-35.2894797849929],[149.033398840723,-35.289178896076],[149.033656088647,-35.2889175696076],[149.033697277371,-35.2888110322641],[149.0336827299,-35.2886871127856],[149.03350781812,-35.2882212870607],[149.033367952997,-35.2880613411592],[149.033271498026,-35.287874980155],[149.033173361205,-35.2875719061861],[149.033203519615,-35.2873358603995],[149.033349044227,-35.2869376553577],[149.033455192552,-35.2864549204637],[149.033612694007,-35.2862673518688],[149.034038643304,-35.285544383027],[149.034234074918,-35.2853047633131],[149.034476420815,-35.2851388241651],[149.035088558806,-35.2848078935164],[149.035670796673,-35.2846188381445],[149.03626623007,-35.284544146118],[149.036703104537,-35.2845480697784],[149.037211965092,-35.2846272893544],[149.037731768393,-35.2847594510725],[149.038289159164,-35.2850087231763],[149.038749335177,-35.2852959184942],[149.039159947321,-35.2856724121452],[149.037905918795,-35.2868449692051],[149.037364813191,-35.2873782638148],[149.036875330182,-35.2879441016184],[149.03644037042,-35.2885391308185],[149.036062511749,-35.2891598266183],[149.035743993922,-35.2898025120912],[149.035486705296,-35.2904633799538],[149.035292171624,-35.2911385151125],[149.035161546975,-35.2918239178513],[149.033751239509,-35.3016254057751]]]},"properties":{"OBJECTID":366,"ID":727,"DIVISION_CODE":912,"DIVISION_NAME":"DENMAN PROSPECT","LAST_UPDATE_DATE":"Thu, 12 Jun 2025 12:42:15 GMT","DIVISION_SHORT":"DENM","GlobalID":"f82f4fbe-7dc3-4488-babe-b2cb815cc9e4"}},{"type":"Feature","id":367,"geometry":{"type":"Polygon","coordinates":[[[149.035161546975,-35.2918239178513],[149.035292171624,-35.2911385151125],[149.035486705296,-35.2904633799538],[149.035743993922,-35.2898025120912],[149.036062511749,-35.2891598266183],[149.03644037042,-35.2885391308185],[149.036875330182,-35.2879441016184],[149.037364813191,-35.2873782638148],[149.037905918795,-35.2868449692051],[149.039159947321,-35.2856724121452],[149.039731755509,-35.2864378380226],[149.04013980715,-35.2872237973328],[149.040298012005,-35.2876187819519],[149.040399188745,-35.2880406344625],[149.040471136779,-35.2883521782852],[149.040522503841,-35.2885745990725],[149.04059692541,-35.2891615689346],[149.040615082737,-35.2897862265872],[149.040634501474,-35.2902610951693],[149.0408807138,-35.2905037392996],[149.040947755062,-35.2910399710487],[149.041154814417,-35.2917885919238],[149.041609221233,-35.2928395181217],[149.042204240952,-35.2930821574055],[149.04368933085,-35.2943407119021],[149.044777113149,-35.2951919968698],[149.045344476735,-35.2957280769531],[149.045547338597,-35.2960649071281],[149.046117076039,-35.2964787726901],[149.046615267177,-35.2969190644874],[149.047707066144,-35.2979912192798],[149.049004420592,-35.2987326257725],[149.050429649186,-35.2994650526445],[149.050833439841,-35.2996789633676],[149.05175770782,-35.2999647919668],[149.053044343977,-35.3002730143423],[149.053465947528,-35.3004716783042],[149.053381662912,-35.3011476514194],[149.052962058462,-35.3016085262054],[149.05218811647,-35.3020696149158],[149.050670371566,-35.3026401878024],[149.049147306559,-35.3029414477168],[149.048005680298,-35.303383523334],[149.046984722128,-35.3035150686378],[149.046162819553,-35.3040318315184],[149.04472832716,-35.3045910375854],[149.043126275731,-35.3051863245668],[149.042924780864,-35.3055271458661],[149.042050218402,-35.3056209359644],[149.041609562932,-35.3058936842835],[149.041185063028,-35.3058791057879],[149.040738990975,-35.306087051973],[149.039881073414,-35.3063188042547],[149.039038140554,-35.3066519382039],[149.037951216632,-35.306943396042],[149.037515944523,-35.3072656967038],[149.037408189206,-35.3075598014719],[149.037486482839,-35.3082295063137],[149.037304681459,-35.3086987426615],[149.037315862555,-35.308922340802],[149.033370213408,-35.3084209754737],[149.030970739038,-35.3087925557091],[149.030942380074,-35.3086879685621],[149.030855717562,-35.3082915418288],[149.030809338731,-35.3078905987934],[149.030803560597,-35.3074878851927],[149.030838422126,-35.3070861588482],[149.030913683985,-35.3066881707807],[149.031028830197,-35.3062966463706],[149.031183071687,-35.3059142666968],[149.031375351707,-35.3055436501784],[149.031604353081,-35.3051873346476],[149.033242970659,-35.3028750112987],[149.033393910054,-35.3026404264118],[149.033520972401,-35.3023965189916],[149.033623308855,-35.3021449188916],[149.033700235821,-35.3018873073544],[149.033751239509,-35.3016254057751],[149.035161546975,-35.2918239178513]]]},"properties":{"OBJECTID":367,"ID":726,"DIVISION_CODE":913,"DIVISION_NAME":"MOLONGLO","LAST_UPDATE_DATE":"Thu, 12 Jun 2025 12:41:58 GMT","DIVISION_SHORT":"MOLO","GlobalID":"2f54f82f-33c3-4ebc-a973-b0c2e95a0dff"}},{"type":"Feature","id":368,"geometry":{"type":"Polygon","coordinates":[[[149.034057351177,-35.2659876972883],[149.034276589089,-35.2664594107427],[149.034544533086,-35.2669138919437],[149.034859194045,-35.2673477656687],[149.03521823579,-35.2677578096889],[149.035618992423,-35.268140978708],[149.036058488113,-35.2684944269879],[149.036533459188,-35.2688155294918],[149.037040378378,-35.2691019013895],[149.037575481011,-35.2693514157777],[149.038134792978,-35.2695622194853],[149.038714160265,-35.2697327468435],[149.039309279817,-35.2698617313214],[149.039915731515,-35.2699482149369],[149.040529011024,-35.2699915553763],[149.041144563272,-35.2699914307663],[149.041757816302,-35.2699478420658],[149.042364215253,-35.2698611130576],[149.046669919602,-35.2690870956445],[149.047322844144,-35.2689907229973],[149.047982769598,-35.2689349997819],[149.048645939103,-35.268920243189],[149.049308577349,-35.2689465371913],[149.049966912057,-35.2690137320673],[149.050617195431,-35.2691214452537],[149.051255725485,-35.2692690635218],[149.050643685064,-35.2712409345586],[149.050543376337,-35.2715173414602],[149.050416447183,-35.2717862884036],[149.050263709643,-35.2720460542134],[149.050086140952,-35.2722949764539],[149.049884877289,-35.2725314620693],[149.049661206506,-35.2727539975816],[149.049416559895,-35.2729611587783],[149.045333944746,-35.2761521021982],[149.044954518131,-35.2764742615871],[149.044608900505,-35.2768210636524],[149.044299462989,-35.2771901296186],[149.044028328622,-35.2775789279617],[149.043797357794,-35.2779847917678],[149.04360813547,-35.2784049370216],[149.043461960304,-35.2788364816989],[149.043359835713,-35.2792764655322],[149.043108354426,-35.2806724344182],[149.043011856176,-35.2810908917878],[149.042875585668,-35.2815018441459],[149.042700383754,-35.2819027539098],[149.042487331726,-35.2822911454708],[149.042237744653,-35.2826646204831],[149.04195316327,-35.2830208726779],[149.041635344478,-35.2833577021082],[149.039159947321,-35.2856724121452],[149.038749335177,-35.2852959184942],[149.038289159164,-35.2850087231763],[149.037731768393,-35.2847594510725],[149.037211965092,-35.2846272893544],[149.036703104537,-35.2845480697784],[149.03626623007,-35.284544146118],[149.035670796673,-35.2846188381445],[149.035088558806,-35.2848078935164],[149.034476420815,-35.2851388241651],[149.034234074918,-35.2853047633131],[149.034038643304,-35.285544383027],[149.033612694007,-35.2862673518688],[149.033455192552,-35.2864549204637],[149.033349044227,-35.2869376553577],[149.033203519615,-35.2873358603995],[149.033173361205,-35.2875719061861],[149.033271498026,-35.287874980155],[149.033367952997,-35.2880613411592],[149.03350781812,-35.2882212870607],[149.0336827299,-35.2886871127856],[149.033697277371,-35.2888110322641],[149.033656088647,-35.2889175696076],[149.033398840723,-35.289178896076],[149.033149516575,-35.2894797849929],[149.032769048215,-35.289760961697],[149.03238747051,-35.2900139277782],[149.031997413166,-35.2902212916347],[149.031551598564,-35.2903379967217],[149.031260195636,-35.290350396806],[149.030610153091,-35.2900868948781],[149.030302978233,-35.2898926372751],[149.030108414929,-35.2898892456521],[149.029814997909,-35.2897502320694],[149.029622908609,-35.2895305372798],[149.029558981755,-35.2892804483885],[149.029401821095,-35.2889436744915],[149.029092671325,-35.2882756222436],[149.02875859195,-35.2876813866252],[149.028274226463,-35.2869463964448],[149.02793017167,-35.2864192132459],[149.027709991087,-35.285864972588],[149.027549189285,-35.2854020199765],[149.027457921919,-35.2852363829112],[149.02727783098,-35.2850167721645],[149.027066230019,-35.284958221683],[149.02687338081,-35.2846918382479],[149.026843100707,-35.2844445362558],[149.026793683503,-35.2841409093765],[149.026727709561,-35.2840203308296],[149.026714115001,-35.2836665878744],[149.026806507099,-35.2834542385594],[149.026936916219,-35.283188347544],[149.027101712134,-35.2828475574286],[149.027456380569,-35.2822627680071],[149.027617189427,-35.2818082388999],[149.027904739688,-35.2814194815789],[149.028140182442,-35.281001531217],[149.028233096472,-35.2807001359859],[149.028333663673,-35.2802281299339],[149.028321394865,-35.2799323384201],[149.028195547583,-35.2794501844808],[149.027966419349,-35.2791032341604],[149.027700066659,-35.2788999506261],[149.027332290256,-35.2787811303093],[149.027003654357,-35.2787192621729],[149.0266307128,-35.278598726845],[149.02614490592,-35.2785115533105],[149.025504040017,-35.2785189412226],[149.024518635247,-35.2786345198871],[149.024022878642,-35.2788255573554],[149.023396794007,-35.2791579267848],[149.022656998528,-35.2797979047605],[149.021885393977,-35.2802142794051],[149.02184356805,-35.2802213434282],[149.021278278883,-35.279213984895],[149.024122836975,-35.2779573158104],[149.023903320226,-35.2768345347148],[149.026979621756,-35.2733674663057],[149.032630963889,-35.2673120872543],[149.033999536277,-35.2658451252082],[149.034057351177,-35.2659876972883]]]},"properties":{"OBJECTID":368,"ID":725,"DIVISION_CODE":914,"DIVISION_NAME":"WHITLAM","LAST_UPDATE_DATE":"Thu, 12 Jun 2025 12:42:44 GMT","DIVISION_SHORT":"WHIT","GlobalID":"6051bc64-23ad-4283-91d7-1a9a97bc5960"}},{"type":"Feature","id":369,"geometry":{"type":"Polygon","coordinates":[[[148.989895849143,-35.2221394033513],[148.989643994444,-35.2221200306821],[148.989391319863,-35.2221101946461],[148.989138361351,-35.2221099161096],[148.98920506158,-35.221525817524],[148.989331635164,-35.220948427991],[148.989517176492,-35.2203818728328],[148.989760358715,-35.2198301998761],[148.991197844694,-35.2170892862358],[148.991322518981,-35.2168201060667],[148.991418431361,-35.2165431029688],[148.991484866994,-35.2162603423261],[148.9915451392,-35.2159269525984],[148.99854858981,-35.2167795048681],[148.999388888024,-35.2168817605516],[148.99981369708,-35.2169919966443],[148.999083555719,-35.2211915563495],[148.997919965197,-35.2221398459647],[148.997089425136,-35.2258344390772],[148.996678633004,-35.2261785811816],[148.996289267276,-35.2265391063014],[148.995922297279,-35.2269151171916],[148.997420655056,-35.2281262095119],[148.998144294308,-35.2301967281761],[148.999830288074,-35.230004368751],[149.002815952954,-35.2301072444679],[149.002827777449,-35.2301431286402],[149.00264341337,-35.230191699272],[149.002464633711,-35.2302527274803],[149.002292686298,-35.2303257873152],[149.002128771279,-35.2304103688492],[149.001974032749,-35.2305058817357],[149.001829550766,-35.2306116593289],[149.001696333815,-35.2307269633353],[149.001575311763,-35.2308509889666],[149.000733697222,-35.2317914651318],[149.000580167346,-35.2319490053082],[149.000411371195,-35.2320956555033],[149.000228451581,-35.2322304227661],[149.000032646968,-35.2323523945983],[148.999825283077,-35.2324607451336],[148.999607763919,-35.2325547407308],[148.999381562278,-35.2326337449429],[148.999148209747,-35.2326972228271],[148.998909286347,-35.232744744568],[148.998666409832,-35.2327759883891],[148.998755834749,-35.2333017903066],[148.998782420372,-35.2335316648169],[148.998785710245,-35.2337625561488],[148.998765681566,-35.2339928777592],[148.998722471761,-35.2342210470063],[148.998656377554,-35.2344454960251],[148.997661746979,-35.2372588867073],[148.997619626008,-35.2373616574058],[148.997567127741,-35.2374611606013],[148.997504623519,-35.2375566923954],[148.997432555471,-35.2376475769818],[148.997351433388,-35.2377331714265],[148.997261831114,-35.2378128702169],[148.997164382492,-35.2378861095457],[148.997059776876,-35.2379523712995],[148.996948754256,-35.2380111867245],[148.996832100022,-35.2380621397432],[148.996710639411,-35.238104869898],[148.994485507862,-35.2387982953814],[148.994300348498,-35.2388622399328],[148.994121171685,-35.238936779003],[148.993948876662,-35.2390215385116],[148.990630619495,-35.2407878897983],[148.990358923867,-35.240945672838],[148.990103656265,-35.2411209508467],[148.989866486136,-35.2413125775937],[148.989648964607,-35.2415192999256],[148.989452514347,-35.2417397659594],[148.989278420258,-35.2419725339213],[148.988613178465,-35.2429484106507],[148.988533892292,-35.2430538624294],[148.988443911843,-35.2431533701453],[148.988343895354,-35.2432462058206],[148.988234574493,-35.2433316902865],[148.988116749007,-35.2434091981514],[148.987991280864,-35.2434781623779],[148.987859087957,-35.2435380784306],[148.98772113738,-35.2435885079685],[148.987578438357,-35.2436290820518],[148.987432034859,-35.2436595038419],[148.987282997959,-35.243679550773],[148.987132418003,-35.243689076181],[148.986981396627,-35.2436880103766],[148.986831038695,-35.2436763611552],[148.98668244422,-35.2436542137401],[148.985638434955,-35.2434604335222],[148.985476293123,-35.2434360959207],[148.985312248548,-35.2434228821988],[148.985147433146,-35.2434208835344],[148.984982984156,-35.2434301137206],[148.984820036288,-35.2434505090706],[148.984659713896,-35.2434819288572],[148.984503123221,-35.2435241562832],[148.98303463672,-35.2439764082734],[148.982850090218,-35.2440397246877],[148.982671753435,-35.2441140589059],[148.982500602121,-35.2441990042264],[148.982337572719,-35.2442940958902],[148.980758881666,-35.2415400372835],[148.980330355389,-35.24103015935],[148.974745960854,-35.2398737447994],[148.975218518145,-35.2394877207921],[148.975783361142,-35.238756682378],[148.97581189696,-35.238018733132],[148.975413363409,-35.2374655152809],[148.974215080593,-35.2367543444977],[148.972710934157,-35.2356925668315],[148.971652658631,-35.2344806701],[148.970852482618,-35.2334174634916],[148.969969088934,-35.2323052870897],[148.969129385983,-35.2315169425836],[148.968874151746,-35.2310631745525],[148.980014304817,-35.2273896124849],[148.980217467597,-35.2271166893973],[148.983511487495,-35.226556085233],[148.987503687033,-35.2259954778077],[148.989895849143,-35.2221394033513]]]},"properties":{"OBJECTID":369,"ID":728,"DIVISION_CODE":581,"DIVISION_NAME":"STRATHNAIRN","LAST_UPDATE_DATE":"Thu, 20 Feb 2025 16:19:49 GMT","DIVISION_SHORT":"STRA","GlobalID":"bc8524a4-c2a0-4786-9a1f-cf948c5b1d8d"}},{"type":"Feature","id":370,"geometry":{"type":"Polygon","coordinates":[[[149.187201940719,-35.3425021464791],[149.186619695598,-35.3422739847323],[149.186046330001,-35.3420311973901],[149.185482391008,-35.3417740161287],[149.184486534901,-35.3413032031211],[149.182036260148,-35.3398200682013],[149.181524333563,-35.3395342283259],[149.180987339115,-35.3392811490808],[149.180428393015,-35.3390622990325],[149.179850738774,-35.3388789481176],[149.17828983193,-35.3384387439959],[149.177822184558,-35.3384014931698],[149.165076603797,-35.3323740444234],[149.164670992716,-35.3321742908078],[149.164274237735,-35.3319629313266],[149.163886833138,-35.3317402293232],[149.161852586851,-35.3305263371707],[149.161855807161,-35.3305220597294],[149.151851418039,-35.324551128314],[149.150371377669,-35.3232593778652],[149.150972513079,-35.322796756605],[149.151953648335,-35.3211960994158],[149.152038262045,-35.321077164602],[149.154001410068,-35.3182623214549],[149.154374798123,-35.3159474937243],[149.15390963195,-35.3158970868442],[149.154390132325,-35.3129181255745],[149.153211804031,-35.312894242133],[149.152729643659,-35.3124741142064],[149.151022283975,-35.3122035508705],[149.148689957758,-35.3104258529047],[149.149044475891,-35.3102768197471],[149.149382215988,-35.3101035728321],[149.149700722608,-35.3099073717726],[149.149997680198,-35.3096896430599],[149.15027092993,-35.3094519696887],[149.150518485393,-35.3091960796437],[149.152118242274,-35.3054157112609],[149.152347039735,-35.305308751938],[149.152583292976,-35.3051755370716],[149.152839603191,-35.3048828667569],[149.152873329935,-35.3046197498623],[149.152800788781,-35.3043821751159],[149.153029765776,-35.3041774082688],[149.153574288414,-35.3039199027742],[149.154964193252,-35.3034445372432],[149.155602284199,-35.3032590096671],[149.15674399574,-35.3024605534988],[149.157093255508,-35.3022696921526],[149.157642062738,-35.302084263333],[149.158125120762,-35.3020775416235],[149.158658879786,-35.3022008064149],[149.159446994449,-35.3025378018217],[149.160056603932,-35.3030102025008],[149.16034139935,-35.3032740052345],[149.16049999829,-35.3036050183432],[149.160786669443,-35.3039296528268],[149.161154049286,-35.3044361487343],[149.161741643917,-35.3047638265779],[149.162427053475,-35.3050130597627],[149.163271036248,-35.3050457852183],[149.164063008554,-35.3049596963582],[149.164514658231,-35.3049625421301],[149.165021354944,-35.3050621111706],[149.165504036329,-35.3058230495236],[149.166303564875,-35.3061735032248],[149.167413832854,-35.3059174527462],[149.168396443044,-35.305657684674],[149.169038646197,-35.3050540799561],[149.169653700644,-35.3046814980154],[149.169894014374,-35.3042260457278],[149.170101376109,-35.3037874896598],[149.17036170967,-35.3032289964288],[149.170545267732,-35.3029307969015],[149.170960282117,-35.3027054695344],[149.171907926283,-35.3024681607529],[149.172638677671,-35.3024063419307],[149.173051224473,-35.3022700551757],[149.173580842141,-35.3023447723844],[149.174023742522,-35.3024861176012],[149.174746582477,-35.3027510017526],[149.175268561344,-35.3031209731811],[149.175730626025,-35.303543927939],[149.176065900839,-35.3041658737126],[149.17599980443,-35.3048519998666],[149.175575937697,-35.3053168190456],[149.175473562531,-35.3056847620233],[149.175286265158,-35.3062994946114],[149.175389139623,-35.3066598556109],[149.175308787263,-35.3071528620818],[149.174913434442,-35.3079679573801],[149.174648701702,-35.308733845245],[149.174729098891,-35.3091786840636],[149.175039191813,-35.3095753524277],[149.175433746148,-35.3101415196949],[149.1761435024,-35.3106925608819],[149.177068582898,-35.3113114349759],[149.177736128738,-35.3118050252582],[149.177905483023,-35.3121895344116],[149.178217860631,-35.3127197565718],[149.178310262132,-35.3132682210255],[149.178277732255,-35.3133820944127],[149.178094458132,-35.313761958772],[149.177889714038,-35.3141284234078],[149.177330738147,-35.3146242592896],[149.176952942514,-35.3152162761951],[149.176531345972,-35.3158995595456],[149.176424858455,-35.3161430448132],[149.176376235242,-35.3165604823386],[149.176475037615,-35.3170171910914],[149.176961123563,-35.3175296918487],[149.177204363504,-35.318066140143],[149.177909599495,-35.3184133132223],[149.178890489332,-35.3183797674437],[149.179785791759,-35.3185379404914],[149.180550229401,-35.3187413549053],[149.182052889972,-35.3192258944394],[149.182599173127,-35.31937715411],[149.183753195097,-35.3196706558494],[149.185008843496,-35.3199189354215],[149.185738192442,-35.3199539238696],[149.186258494573,-35.3199345984769],[149.186670739459,-35.3201835511217],[149.187123583274,-35.3204921061449],[149.187633345986,-35.3210303945131],[149.188071698442,-35.3212961571886],[149.188166011588,-35.321529262611],[149.188389305307,-35.3221074452468],[149.188717922085,-35.3227721727941],[149.189064149176,-35.3233924404275],[149.189355188565,-35.3239180682361],[149.189531955574,-35.3242867777587],[149.189843987912,-35.3247549631518],[149.190289540967,-35.325525408476],[149.190840531279,-35.3264286281216],[149.191118628869,-35.3269109200771],[149.191275870271,-35.3271478929103],[149.191636048995,-35.3277437990728],[149.19190042601,-35.3283314660019],[149.192294904285,-35.3290637674261],[149.192551829682,-35.3294644352389],[149.192604769237,-35.3295798054866],[149.192716308076,-35.3300285495478],[149.192715293462,-35.3305045915448],[149.192634005359,-35.3311800214059],[149.192446836847,-35.3316253426855],[149.192321548526,-35.3319077137775],[149.192189331191,-35.3320441833249],[149.192156638872,-35.3321783388424],[149.192155541341,-35.3322769376739],[149.192130520006,-35.3323986443898],[149.192014518146,-35.3325570787935],[149.191810175963,-35.3328998623489],[149.191659475547,-35.3332307585196],[149.191391627754,-35.3337994911366],[149.19104217419,-35.3344196256618],[149.190581484206,-35.3352196367176],[149.190448383892,-35.3358022230886],[149.190397329159,-35.3362360716507],[149.190357430062,-35.3364940693269],[149.190369956663,-35.3368342722326],[149.190475562738,-35.3371388265472],[149.190452157914,-35.3375923704334],[149.190435214653,-35.3376887395517],[149.190467719794,-35.3379122909692],[149.190453313937,-35.3381105870137],[149.19039775282,-35.3384480080655],[149.190345141367,-35.3387269339654],[149.19040038759,-35.3389386451371],[149.190330372405,-35.3391573029668],[149.190242291595,-35.3394627774288],[149.190519959871,-35.3396353116259],[149.190595453676,-35.3397114687914],[149.187201940719,-35.3425021464791]]]},"properties":{"OBJECTID":370,"ID":733,"DIVISION_CODE":219,"DIVISION_NAME":"FYSHWICK","LAST_UPDATE_DATE":"Wed, 03 Jun 2026 15:51:13 GMT","DIVISION_SHORT":"FYSH","GlobalID":"a284802e-c62f-4832-91fe-0975715576dd"}}]}