{
  "type": "FeatureCollection",
  "crs": {
    "type": "name",
    "properties": {
      "name": "EPSG:4326"
    }
  },
  "features": 
    {
      "type": "Feature",
      "id": 49,
      "geometry": {
        "type": "Polygon",
        "coordinates": [
          [
            [
              148.839054842693,
              -35.3079047328143
            ],
            [
              148.82782417564,
              -35.3063142861011
            ],
            [
              148.810134017212,
              -35.3074491700615
            ],
            [
              148.961436908792,
              -35.2186360838258
            ],
            [
              148.961598570094,
              -35.2188620265435
            ],
            [
              148.961935061161,
              -35.2194581675394
            ],
            [
              148.962628853716,
              -35.2207754615338
            ],
            [
              148.963269532461,
              -35.2218600228783
            ],
            [
              148.964197989314,
              -35.2229424357503
            ],
            [
              148.965213917732,
              -35.2241910665463
            ],
            [
              148.965843815159,
              -35.2250119897443
            ],
            [
              148.966744546407,
              -35.2263168951916
            ],
            [
              148.967298447751,
              -35.227176718375
            ],
            [
              148.967427618806,
              -35.2278126975062
            ],
            [
              148.967880330593,
              -35.2289760295096
            ],
            [
              148.968472778461,
              -35.230349581445
            ],
            [
              148.969129385983,
              -35.2315169425836
            ],
            [
              148.969969088934,
              -35.2323052870897
            ],
            [
              148.970852482618,
              -35.2334174634916
            ],
            [
              148.971652658631,
              -35.2344806701
            ],
            [
              148.972710934157,
              -35.2356925668315
            ],
            [
              148.974215080593,
              -35.2367543444977
            ],
            [
              148.975413363409,
              -35.2374655152809
            ],
            [
              148.97581189696,
              -35.238018733132
            ],
            [
              148.975783361142,
              -35.238756682378
            ],
            [
              148.975218518145,
              -35.2394877207921
            ],
            [
              148.974459598584,
              -35.2401076653443
            ],
            [
              148.973579919041,
              -35.2407675854628
            ],
            [
              148.972292431913,
              -35.241194668904
            ],
            [
              148.971559313291,
              -35.2415301630295
            ],
            [
              148.970483933502,
              -35.2417371136784
            ],
            [
              148.969607630104,
              -35.241904193948
            ],
            [
              148.968681366162,
              -35.2417934814565
            ],
            [
              148.96704084993,
              -35.2416126657612
            ],
            [
              148.965959547387,
              -35.2411593970501
            ],
            [
              148.964796606617,
              -35.2407579109941
            ],
            [
              148.96372733782,
              -35.2402403664218
            ],
            [
              148.962636944886,
              -35.2396124892642
            ],
            [
              148.961689340879,
              -35.2394239348943
            ],
            [
              148.960381483893,
              -35.238764948341
            ],
            [
              148.959134095499,
              -35.238415196641
            ],
            [
              148.958004691557,
              -35.2382524943252
            ],
            [
              148.956909229997,
              -35.2382688787578
            ],
            [
              148.955729820305,
              -35.2383168494484
            ],
            [
              148.954273883865,
              -35.2385662972298
            ],
            [
              148.953543108314,
              -35.2389360214834
            ],
            [
              148.953070609792,
              -35.2394387990883
            ],
            [
              148.952389745303,
              -35.2405217124437
            ],
            [
              148.952069003392,
              -35.2409389367207
            ],
            [
              148.951874457137,
              -35.2424823517529
            ],
            [
              148.951953554562,
              -35.2435734606702
            ],
            [
              148.952310346379,
              -35.2445621369766
            ],
            [
              148.9524223189,
              -35.2449982217978
            ],
            [
              148.952627441465,
              -35.2456145129739
            ],
            [
              148.952560680921,
              -35.2465079053213
            ],
            [
              148.952106058142,
              -35.2476111991722
            ],
            [
              148.951434389733,
              -35.2486253432508
            ],
            [
              148.950214987776,
              -35.2496741853658
            ],
            [
              148.948928839927,
              -35.2504592723732
            ],
            [
              148.948242655588,
              -35.2508206044763
            ],
            [
              148.94773425955,
              -35.2512952227449
            ],
            [
              148.946853121585,
              -35.2518405763859
            ],
            [
              148.945919287049,
              -35.2525983239318
            ],
            [
              148.945151370942,
              -35.2537402699381
            ],
            [
              148.944778355314,
              -35.2552569880926
            ],
            [
              148.944604028874,
              -35.256995161756
            ],
            [
              148.944428668004,
              -35.2590561653682
            ],
            [
              148.944431597074,
              -35.2595168925307
            ],
            [
              148.944505038809,
              -35.2601546655738
            ],
            [
              148.944480525435,
              -35.2605804090675
            ],
            [
              148.9443886076,
              -35.2607882804267
            ],
            [
              148.944243476467,
              -35.2617198372328
            ],
            [
              148.94422784781,
              -35.2621626191622
            ],
            [
              148.944144500676,
              -35.2625044236744
            ],
            [
              148.943994252863,
              -35.2630958409185
            ],
            [
              148.944031587367,
              -35.2639503478698
            ],
            [
              148.944220417428,
              -35.2654054467917
            ],
            [
              148.94460188516,
              -35.2664573336181
            ],
            [
              148.94511756208,
              -35.2676213177478
            ],
            [
              148.945927462924,
              -35.2690373564322
            ],
            [
              148.946913212655,
              -35.2703272128752
            ],
            [
              148.947417563843,
              -35.2709983714065
            ],
            [
              148.948425707059,
              -35.2720927431809
            ],
            [
              148.949930041267,
              -35.2736842175035
            ],
            [
              148.951180215769,
              -35.2752946560028
            ],
            [
              148.952487585158,
              -35.2773839487857
            ],
            [
              148.953612251535,
              -35.2788203591612
            ],
            [
              148.954675455888,
              -35.2801873351929
            ],
            [
              148.954901606072,
              -35.2812374040288
            ],
            [
              148.954713088077,
              -35.2819234485695
            ],
            [
              148.954324312408,
              -35.2830869781128
            ],
            [
              148.95436957792,
              -35.2844147332798
            ],
            [
              148.954913229005,
              -35.2858749290668
            ],
            [
              148.955720896433,
              -35.287710522843
            ],
            [
              148.955869726542,
              -35.288882765681
            ],
            [
              148.955925052426,
              -35.2896646314317
            ],
            [
              148.955792604752,
              -35.2903186159685
            ],
            [
              148.955861003881,
              -35.2907793697035
            ],
            [
              148.95625178822,
              -35.2914419663813
            ],
            [
              148.956896703655,
              -35.2919706554786
            ],
            [
              148.958513807884,
              -35.2928573725621
            ],
            [
              148.960340499715,
              -35.2936928714408
            ],
            [
              148.962170053751,
              -35.2945858442503
            ],
            [
              148.963484695661,
              -35.2953563850594
            ],
            [
              148.964378336131,
              -35.2957144295743
            ],
            [
              148.96513508415,
              -35.2961393811567
            ],
            [
              148.9662558788,
              -35.2966664805133
            ],
            [
              148.967088265122,
              -35.2971191155751
            ],
            [
              148.96788769392,
              -35.2977615375989
            ],
            [
              148.968373637062,
              -35.2983362550734
            ],
            [
              148.968793665543,
              -35.2992753262599
            ],
            [
              148.968942664666,
              -35.3003050621392
            ],
            [
              148.969133391814,
              -35.3012193597609
            ],
            [
              148.969200578099,
              -35.3020795414782
            ],
            [
              148.96908898898,
              -35.3029694958343
            ],
            [
              148.968626573903,
              -35.3043009467948
            ],
            [
              148.968095333197,
              -35.3051693073225
            ],
            [
              148.9670953294,
              -35.3063665501642
            ],
            [
              148.966047497332,
              -35.3075090625475
            ],
            [
              148.965168366631,
              -35.3081188044072
            ],
            [
              148.963866319056,
              -35.3086105867885
            ],
            [
              148.962432472105,
              -35.3090247068245
            ],
            [
              148.961711298625,
              -35.3092513609629
            ],
            [
              148.961078127264,
              -35.3097693315371
            ],
            [
              148.960424505352,
              -35.3108212842494
            ],
            [
              148.959920795753,
              -35.3115866056495
            ],
            [
              148.959474292843,
              -35.3126426028409
            ],
            [
              148.959466046947,
              -35.3133584658367
            ],
            [
              148.959636412536,
              -35.3140001392003
            ],
            [
              148.960081411669,
              -35.3147055529242
            ],
            [
              148.960617722428,
              -35.3151631576735
            ],
            [
              148.961031286724,
              -35.3156872227047
            ],
            [
              148.961136390723,
              -35.3160838164252
            ],
            [
              148.96122162222,
              -35.3162455357127
            ],
            [
              148.961409417576,
              -35.3166387373489
            ],
            [
              148.961472639594,
              -35.3172054708414
            ],
            [
              148.961212677132,
              -35.3179798154578
            ],
            [
              148.960639103496,
              -35.3183806436963
            ],
            [
              148.959937257571,
              -35.3186850726433
            ],
            [
              148.959216314371,
              -35.3189225266713
            ],
            [
              148.95847388874,
              -35.3190428041324
            ],
            [
              148.957365475343,
              -35.3190399895969
            ],
            [
              148.956327244251,
              -35.3189984409661
            ],
            [
              148.954658531844,
              -35.3190619569766
            ],
            [
              148.953401316362,
              -35.3190945485703
            ],
            [
              148.952496858092,
              -35.3191268420143
            ],
            [
              148.951900288956,
              -35.3191631506452
            ],
            [
              148.951559770141,
              -35.3194255232986
            ],
            [
              148.951262910539,
              -35.3198325677941
            ],
            [
              148.951004476193,
              -35.3203220043635
            ],
            [
              148.950681440084,
              -35.3208806254335
            ],
            [
              148.950484872249,
              -35.3217242835852
            ],
            [
              148.950389242283,
              -35.3225776330018
            ],
            [
              148.950304457803,
              -35.3234856044356
            ],
            [
              148.950340399063,
              -35.3239632860422
            ],
            [
              148.949956297611,
              -35.3243894816439
            ],
            [
              148.949607229347,
              -35.3248743634398
            ],
            [
              148.949280573121,
              -35.3255320262688
            ],
            [
              148.949224715699,
              -35.3255219042402
            ],
            [
              148.948596785817,
              -35.3261074050335
            ],
            [
              148.947758826726,
              -35.3265120040557
            ],
            [
              148.946695491643,
              -35.3268195954052
            ],
            [
              148.945548396351,
              -35.3269265146896
            ],
            [
              148.9444388002,
              -35.3266189572275
            ],
            [
              148.943362297528,
              -35.3263322269805
            ],
            [
              148.942644701444,
              -35.3263701365339
            ],
            [
              148.941795032979,
              -35.3267994719001
            ],
            [
              148.940833268267,
              -35.3273880795326
            ],
            [
              148.939888200303,
              -35.3279840791272
            ],
            [
              148.939014329936,
              -35.3285118883932
            ],
            [
              148.938468807239,
              -35.3288203380885
            ],
            [
              148.938009260551,
              -35.328650452451
            ],
            [
              148.937609417619,
              -35.3282486178368
            ],
            [
              148.937648541938,
              -35.3279049935287
            ],
            [
              148.938172406332,
              -35.3272102568994
            ],
            [
              148.938897071357,
              -35.3263871168139
            ],
            [
              148.939814889583,
              -35.3257522649956
            ],
            [
              148.940698396853,
              -35.3249698515272
            ],
            [
              148.941414509192,
              -35.3243258603318
            ],
            [
              148.942127210179,
              -35.3235371217395
            ],
            [
              148.942628152927,
              -35.3226867965026
            ],
            [
              148.942708051896,
              -35.3220745286011
            ],
            [
              148.942293616637,
              -35.3213769996347
            ],
            [
              148.941525101008,
              -35.3209467630503
            ],
            [
              148.940596231449,
              -35.3205576181693
            ],
            [
              148.939476600647,
              -35.3200224430155
            ],
            [
              148.938508538094,
              -35.319507760324
            ],
            [
              148.938369128099,
              -35.3194336397104
            ],
            [
              148.937269702277,
              -35.3192105589629
            ],
            [
              148.936447073683,
              -35.3193367821777
            ],
            [
              148.935860954413,
              -35.3197250482478
            ],
            [
              148.9348403889,
              -35.3199661394492
            ],
            [
              148.933855320363,
              -35.3197509397249
            ],
            [
              148.932857155885,
              -35.3193193327794
            ],
            [
              148.932266950772,
              -35.3187799181406
            ],
            [
              148.931590568262,
              -35.317872643469
            ],
            [
              148.930661564241,
              -35.3178207610756
            ],
            [
              148.929869983919,
              -35.318247708167
            ],
            [
              148.929207372146,
              -35.3183481209594
            ],
            [
              148.929128854616,
              -35.3180191109554
            ],
            [
              148.929071696847,
              -35.3174417303693
            ],
            [
              148.928973289944,
              -35.3163229374733
            ],
            [
              148.928807444609,
              -35.3159088814549
            ],
            [
              148.928494760399,
              -35.3155419521692
            ],
            [
              148.928133103134,
              -35.3148905539231
            ],
            [
              148.927677264102,
              -35.3145240666261
            ],
            [
              148.926902859635,
              -35.3144025028153
            ],
            [
              148.925817849411,
              -35.3143735492021
            ],
            [
              148.924799384103,
              -35.3142180056992
            ],
            [
              148.924204155857,
              -35.3140468901545
            ],
            [
              148.923956089825,
              -35.313739747789
            ],
            [
              148.923839314011,
              -35.3133261699314
            ],
            [
              148.923800977189,
              -35.3128738030894
            ],
            [
              148.924078936848,
              -35.3122476271298
            ],
            [
              148.923875070277,
              -35.3117382741445
            ],
            [
              148.92343651465,
              -35.3114907490992
            ],
            [
              148.922684634595,
              -35.3114169408065
            ],
            [
              148.922381723149,
              -35.3113102853111
            ],
            [
              148.921486104417,
              -35.3111670594481
            ],
            [
              148.920403247655,
              -35.3112204327227
            ],
            [
              148.919866757753,
              -35.3114549035942
            ],
            [
              148.919257014191,
              -35.3121061488104
            ],
            [
              148.91890193929,
              -35.3123391278817
            ],
            [
              148.918490133542,
              -35.3131549951984
            ],
            [
              148.918552314828,
              -35.3140866690943
            ],
            [
              148.91858130245,
              -35.3149102571618
            ],
            [
              148.918464930067,
              -35.3158294486776
            ],
            [
              148.918345809167,
              -35.3163531679774
            ],
            [
              148.918039369302,
              -35.3167326356295
            ],
            [
              148.917521675305,
              -35.31693502577
            ],
            [
              148.916330799883,
              -35.3177209993715
            ],
            [
              148.915959641969,
              -35.3180457058689
            ],
            [
              148.915083124489,
              -35.3190127920821
            ],
            [
              148.914942559106,
              -35.3195151310507
            ],
            [
              148.914949778424,
              -35.3205887095873
            ],
            [
              148.914925563683,
              -35.3209869546556
            ],
            [
              148.9144902882,
              -35.3222416087999
            ],
            [
              148.914434689209,
              -35.3225807066478
            ],
            [
              148.914202150608,
              -35.3231088390528
            ],
            [
              148.913350358033,
              -35.3240274430966
            ],
            [
              148.912620005679,
              -35.3250869144236
            ],
            [
              148.912122381211,
              -35.3256464636977
            ],
            [
              148.911604487573,
              -35.3264115697949
            ],
            [
              148.910997422425,
              -35.3275184465292
            ],
            [
              148.910164015573,
              -35.3279931764668
            ],
            [
              148.9099393132,
              -35.3284633548784
            ],
            [
              148.910103592869,
              -35.3290210951201
            ],
            [
              148.910377916476,
              -35.3297057301159
            ],
            [
              148.910248158961,
              -35.3307753195752
            ],
            [
              148.90992935724,
              -35.3316543196527
            ],
            [
              148.909703469921,
              -35.3329007448566
            ],
            [
              148.909510807941,
              -35.3341329566537
            ],
            [
              148.909324761887,
              -35.3345440436574
            ],
            [
              148.908952917862,
              -35.3348045578819
            ],
            [
              148.908263058487,
              -35.3351064426063
            ],
            [
              148.907522539686,
              -35.3353694369605
            ],
            [
              148.906748651896,
              -35.3356628615133
            ],
            [
              148.906363035075,
              -35.3359329088331
            ],
            [
              148.905763284111,
              -35.3366257280531
            ],
            [
              148.905245067706,
              -35.3373699865811
            ],
            [
              148.904919347242,
              -35.3380929590971
            ],
            [
              148.904251552077,
              -35.3389896656691
            ],
            [
              148.903634819776,
              -35.3393462038254
            ],
            [
              148.902556146265,
              -35.3396044545692
            ],
            [
              148.902211539725,
              -35.339778181299
            ],
            [
              148.901466216036,
              -35.3410437750684
            ],
            [
              148.900869846507,
              -35.342109510133
            ],
            [
              148.900277894702,
              -35.3427421060369
            ],
            [
              148.89982598122,
              -35.3431112095356
            ],
            [
              148.899230913328,
              -35.343110127738
            ],
            [
              148.898693639128,
              -35.3426718999954
            ],
            [
              148.898374797858,
              -35.3423280514508
            ],
            [
              148.897481221165,
              -35.3411252304284
            ],
            [
              148.896574187122,
              -35.3399685345373
            ],
            [
              148.89642506911,
              -35.339552648418
            ],
            [
              148.895841046421,
              -35.3389082479983
            ],
            [
              148.89554409923,
              -35.3381869680334
            ],
            [
              148.895514445349,
              -35.3376862055273
            ],
            [
              148.895689745105,
              -35.3373073044366
            ],
            [
              148.89606752184,
              -35.3367742085766
            ],
            [
              148.896192161228,
              -35.3363614621584
            ],
            [
              148.895978454323,
              -35.3358936931312
            ],
            [
              148.895665849128,
              -35.3356004929557
            ],
            [
              148.895258782698,
              -35.3353759679811
            ],
            [
              148.8948610579,
              -35.3352364391794
            ],
            [
              148.894704246575,
              -35.3350783110417
            ],
            [
              148.894337089359,
              -35.3348701708178
            ],
            [
              148.894283002747,
              -35.3347733658211
            ],
            [
              148.894204802418,
              -35.3347089259356
            ],
            [
              148.89408593476,
              -35.3346499654998
            ],
            [
              148.893870403567,
              -35.3346289208883
            ],
            [
              148.893723059948,
              -35.3346184903354
            ],
            [
              148.893621947327,
              -35.3346330820015
            ],
            [
              148.893476901522,
              -35.3346675194457
            ],
            [
              148.893354962698,
              -35.3347108795597
            ],
            [
              148.893223156215,
              -35.3347668262361
            ],
            [
              148.893130977526,
              -35.3348442223568
            ],
            [
              148.893031162684,
              -35.3349494573656
            ],
            [
              148.89291369634,
              -35.3350269104613
            ],
            [
              148.892796122517,
              -35.3350558997795
            ],
            [
              148.892719168398,
              -35.3350578713427
            ],
            [
              148.892600380454,
              -35.3350348080161
            ],
            [
              148.892537544969,
              -35.3349577673346
            ],
            [
              148.892545037194,
              -35.3348653089882
            ],
            [
              148.89256460172,
              -35.3347629503017
            ],
            [
              148.892576402847,
              -35.3346300936236
            ],
            [
              148.892582763657,
              -35.334523278093
            ],
            [
              148.892589092063,
              -35.3344012046715
            ],
            [
              148.89255042285,
              -35.3343151335375
            ],
            [
              148.892511729172,
              -35.334217395169
            ],
            [
              148.892435654084,
              -35.3341188456856
            ],
            [
              148.892342027541,
              -35.3340382851465
            ],
            [
              148.89229689292,
              -35.3340114636524
            ],
            [
              148.892196828524,
              -35.3340027169218
            ],
            [
              148.892095783125,
              -35.3340478230487
            ],
            [
              148.892006888874,
              -35.3341198253341
            ],
            [
              148.891936777517,
              -35.3342339667332
            ],
            [
              148.891853609093,
              -35.3344100655117
            ],
            [
              148.891826277353,
              -35.3344801320743
            ],
            [
              148.891800136796,
              -35.334592377908
            ],
            [
              148.891778455535,
              -35.3347324364555
            ],
            [
              148.891778738836,
              -35.334861674485
            ],
            [
              148.891782208083,
              -35.3349397485843
            ],
            [
              148.891773734877,
              -35.3350869568518
            ],
            [
              148.891735588242,
              -35.3352387198595
            ],
            [
              148.891655637752,
              -35.335378910667
            ],
            [
              148.891599877625,
              -35.3355208413791
            ],
            [
              148.89151767091,
              -35.3356350104885
            ],
            [
              148.891416767283,
              -35.3357465295784
            ],
            [
              148.891260975336,
              -35.3358958685249
            ],
            [
              148.891146817376,
              -35.3359795951008
            ],
            [
              148.891010618865,
              -35.336039139431
            ],
            [
              148.890877838874,
              -35.3361543203436
            ],
            [
              148.890840634396,
              -35.3362351792189
            ],
            [
              148.890794819978,
              -35.3364013196119
            ],
            [
              148.89082240413,
              -35.3364461313137
            ],
            [
              148.890878670477,
              -35.3365357528413
            ],
            [
              148.890879916589,
              -35.3366030614141
            ],
            [
              148.890820746688,
              -35.33669474065
            ],
            [
              148.890727583814,
              -35.3368277810996
            ],
            [
              148.890650996822,
              -35.3369993757252
            ],
            [
              148.890648057596,
              -35.3371645207136
            ],
            [
              148.890613047256,
              -35.3372435799942
            ],
            [
              148.890534217407,
              -35.3373954345726
            ],
            [
              148.890427727895,
              -35.3374674757004
            ],
            [
              148.890340989107,
              -35.3375215224712
            ],
            [
              148.890191566875,
              -35.3375685314408
            ],
            [
              148.890064103443,
              -35.3376020272364
            ],
            [
              148.889928890444,
              -35.3376113090934
            ],
            [
              148.889803439114,
              -35.3375586409588
            ],
            [
              148.889682356678,
              -35.3374925004235
            ],
            [
              148.889599786214,
              -35.3374406328291
            ],
            [
              148.88959865971,
              -35.3374280704911
            ],
            [
              148.889611701145,
              -35.3373580367445
            ],
            [
              148.889598230346,
              -35.337229726133
            ],
            [
              148.889573701057,
              -35.3370718226049
            ],
            [
              148.889577766783,
              -35.3369183429232
            ],
            [
              148.889628116289,
              -35.3368141194678
            ],
            [
              148.889676328025,
              -35.3367386215227
            ],
            [
              148.889715748447,
              -35.3366649378771
            ],
            [
              148.889766086635,
              -35.3365562267246
            ],
            [
              148.889770309153,
              -35.3364754430812
            ],
            [
              148.889742408028,
              -35.3362834432315
            ],
            [
              148.889682741661,
              -35.3361462617917
            ],
            [
              148.889637354136,
              -35.3360027663079
            ],
            [
              148.889609544635,
              -35.335852947582
            ],
            [
              148.889611673536,
              -35.3358206331947
            ],
            [
              148.889587261138,
              -35.3357165798216
            ],
            [
              148.889536387687,
              -35.3355775830533
            ],
            [
              148.889517471675,
              -35.3354735167448
            ],
            [
              148.889534740079,
              -35.3353244942164
            ],
            [
              148.889576337204,
              -35.335240933666
            ],
            [
              148.889655336017,
              -35.335167160387
            ],
            [
              148.889757476679,
              -35.3351184645721
            ],
            [
              148.88990464943,
              -35.3350499213498
            ],
            [
              148.890024383945,
              -35.3350029804174
            ],
            [
              148.890181548695,
              -35.3349792895002
            ],
            [
              148.890310104799,
              -35.3349448930414
            ],
            [
              148.890385933489,
              -35.3349303615654
            ],
            [
              148.890469314064,
              -35.3348502950593
            ],
            [
              148.890518697939,
              -35.3348088986712
            ],
            [
              148.890610926626,
              -35.3347530439898
            ],
            [
              148.890698773516,
              -35.3347043798826
            ],
            [
              148.890798533739,
              -35.3345731195272
            ],
            [
              148.890892772074,
              -35.3344302039588
            ],
            [
              148.89089263834,
              -35.3343691751491
            ],
            [
              148.890745236842,
              -35.334331814943
            ],
            [
              148.89061423338,
              -35.3342513383627
            ],
            [
              148.890519495083,
              -35.3341644965879
            ],
            [
              148.890375470492,
              -35.3341630289187
            ],
            [
              148.890222635143,
              -35.3341544009968
            ],
            [
              148.890128129582,
              -35.334174360491
            ],
            [
              148.890025967213,
              -35.3342122863583
            ],
            [
              148.889806167121,
              -35.3342495815638
            ],
            [
              148.889667642881,
              -35.3342498959134
            ],
            [
              148.889511493917,
              -35.334234094039
            ],
            [
              148.889387166899,
              -35.3341903978451
            ],
            [
              148.889213244588,
              -35.3340902720048
            ],
            [
              148.889212977493,
              -35.333966419382
            ],
            [
              148.889304000966,
              -35.3338612067943
            ],
            [
              148.889396156087,
              -35.3337712492797
            ],
            [
              148.889461828678,
              -35.3336364768469
            ],
            [
              148.889558450653,
              -35.3335788188357
            ],
            [
              148.889606560822,
              -35.3334575481782
            ],
            [
              148.889607427246,
              -35.3333498467846
            ],
            [
              148.88965891651,
              -35.333265366128
            ],
            [
              148.889679538413,
              -35.3331423633757
            ],
            [
              148.889696887409,
              -35.3330310343297
            ],
            [
              148.889679076429,
              -35.3329287609964
            ],
            [
              148.889707385642,
              -35.332802150012
            ],
            [
              148.889720345213,
              -35.3326944217911
            ],
            [
              148.889743203301,
              -35.3325884662612
            ],
            [
              148.889838656772,
              -35.3324993980451
            ],
            [
              148.889850539114,
              -35.3324024419168
            ],
            [
              148.889774515085,
              -35.3323254301313
            ],
            [
              148.889563408717,
              -35.3323133427597
            ],
            [
              148.889420568516,
              -35.3323495655178
            ],
            [
              148.889307511292,
              -35.3324323905425
            ],
            [
              148.889161546653,
              -35.3325493948395
            ],
            [
              148.889053971796,
              -35.3326259250895
            ],
            [
              148.888899122771,
              -35.332701664238
            ],
            [
              148.888743203911,
              -35.3327917650721
            ],
            [
              148.888614642806,
              -35.3328225700123
            ],
            [
              148.888439910875,
              -35.3328552736869
            ],
            [
              148.888261791474,
              -35.3328467002491
            ],
            [
              148.888206549179,
              -35.3327193800743
            ],
            [
              148.888115066565,
              -35.3326100923273
            ],
            [
              148.888117031823,
              -35.3325014911339
            ],
            [
              148.888147502217,
              -35.3323560290479
            ],
            [
              148.88816253781,
              -35.3321899592901
            ],
            [
              148.888170974007,
              -35.3320230063584
            ],
            [
              148.888201373452,
              -35.3318443365585
            ],
            [
              148.888225104973,
              -35.331632475577
            ],
            [
              148.888252185508,
              -35.331444838694
            ],
            [
              148.888303440018,
              -35.3312508640748
            ],
            [
              148.88834821806,
              -35.3311134472184
            ],
            [
              148.888397296025,
              -35.33093024831
            ],
            [
              148.888410023064,
              -35.3307139235481
            ],
            [
              148.888351254572,
              -35.330479810787
            ],
            [
              148.888333337141,
              -35.3303272766682
            ],
            [
              148.888298789728,
              -35.330109264508
            ],
            [
              148.88828961738,
              -35.3299333765974
            ],
            [
              148.888247512448,
              -35.3297799996817
            ],
            [
              148.888219771235,
              -35.329659798273
            ],
            [
              148.888068802412,
              -35.3294923074007
            ],
            [
              148.887905816331,
              -35.329359844635
            ],
            [
              148.887724032772,
              -35.3291762681073
            ],
            [
              148.887553314147,
              -35.3290258724456
            ],
            [
              148.887373855496,
              -35.328900626916
            ],
            [
              148.887213106373,
              -35.3287852113598
            ],
            [
              148.887198500191,
              -35.3287801366245
            ],
            [
              148.887192158104,
              -35.3286279218608
            ],
            [
              148.887073886128,
              -35.3284333338258
            ],
            [
              148.887008509707,
              -35.3282430377999
            ],
            [
              148.886980262992,
              -35.3281236526089
            ],
            [
              148.88691586634,
              -35.3279854200146
            ],
            [
              148.88686352212,
              -35.3278525715878
            ],
            [
              148.886863798694,
              -35.3277295956061
            ],
            [
              148.8869055993,
              -35.3276739396453
            ],
            [
              148.886968161348,
              -35.3276523935425
            ],
            [
              148.887117376374,
              -35.3276254582823
            ],
            [
              148.887234717792,
              -35.3276290433641
            ],
            [
              148.887389614148,
              -35.3275141386276
            ],
            [
              148.887438076427,
              -35.3274216797985
            ],
            [
              148.887469038257,
              -35.3273085760082
            ],
            [
              148.8875087775,
              -35.327193676313
            ],
            [
              148.88754742319,
              -35.327077878628
            ],
            [
              148.887559880345,
              -35.3269019412441
            ],
            [
              148.887551320443,
              -35.3268067920148
            ],
            [
              148.887519891522,
              -35.3266389352735
            ],
            [
              148.887471853961,
              -35.326541992759
            ],
            [
              148.887410697861,
              -35.3264262003032
            ],
            [
              148.887317804174,
              -35.3262807877315
            ],
            [
              148.887275326855,
              -35.3261497344796
            ],
            [
              148.887275714704,
              -35.3259764909131
            ],
            [
              148.887280578938,
              -35.3257637498363
            ],
            [
              148.887350005941,
              -35.325614738713
            ],
            [
              148.887384317894,
              -35.325474706132
            ],
            [
              148.887456802441,
              -35.325428923122
            ],
            [
              148.887542308312,
              -35.3254450766224
            ],
            [
              148.887604733473,
              -35.325483671756
            ],
            [
              148.887732877571,
              -35.3255590669153
            ],
            [
              148.887877324923,
              -35.3257008863947
            ],
            [
              148.887998718787,
              -35.3258525805789
            ],
            [
              148.888030270753,
              -35.3259656816379
            ],
            [
              148.888060701568,
              -35.3260895536728
            ],
            [
              148.888119648112,
              -35.3262125267563
            ],
            [
              148.888098418171,
              -35.3263884651115
            ],
            [
              148.888044328775,
              -35.3265455545759
            ],
            [
              148.888014367938,
              -35.3267017451132
            ],
            [
              148.887999739412,
              -35.3268678086172
            ],
            [
              148.888019059395,
              -35.3270563119303
            ],
            [
              148.888000028205,
              -35.3272295572883
            ],
            [
              148.888056764227,
              -35.3273606092696
            ],
            [
              148.888137801758,
              -35.3274144629516
            ],
            [
              148.888225491175,
              -35.3274360018254
            ],
            [
              148.888361608468,
              -35.3273803404135
            ],
            [
              148.888444070472,
              -35.3272869812468
            ],
            [
              148.888504566976,
              -35.3272079858688
            ],
            [
              148.88856624114,
              -35.3270921877606
            ],
            [
              148.888611422596,
              -35.3269952396312
            ],
            [
              148.888648966564,
              -35.3268803405301
            ],
            [
              148.888688726113,
              -35.3267555665751
            ],
            [
              148.888757990534,
              -35.3266783651399
            ],
            [
              148.888788762989,
              -35.3266496392524
            ],
            [
              148.888908515796,
              -35.3265544826423
            ],
            [
              148.889002876855,
              -35.3265347284156
            ],
            [
              148.889141046258,
              -35.3265419014903
            ],
            [
              148.889251797821,
              -35.3265490756641
            ],
            [
              148.889359275692,
              -35.3265490688242
            ],
            [
              148.889459083987,
              -35.3265454719859
            ],
            [
              148.889596220647,
              -35.3265239198546
            ],
            [
              148.889724595285,
              -35.3264969817835
            ],
            [
              148.889828923827,
              -35.3264332422083
            ],
            [
              148.889923475035,
              -35.3263273150006
            ],
            [
              148.889985164121,
              -35.3262034364348
            ],
            [
              148.889980947771,
              -35.3261262402049
            ],
            [
              148.889926253347,
              -35.3260625115468
            ],
            [
              148.889840921623,
              -35.3259673675295
            ],
            [
              148.88978519681,
              -35.325874017059
            ],
            [
              148.889681262674,
              -35.3257600242624
            ],
            [
              148.889581713601,
              -35.3256469283543
            ],
            [
              148.889477897104,
              -35.3254799748474
            ],
            [
              148.889441883486,
              -35.3254000869501
            ],
            [
              148.889325952613,
              -35.3252564722132
            ],
            [
              148.889199081332,
              -35.3251011894456
            ],
            [
              148.889071099387,
              -35.3249521886384
            ],
            [
              148.888995719124,
              -35.3248211381854
            ],
            [
              148.888894108391,
              -35.3246496960789
            ],
            [
              148.888848327144,
              -35.3245240293745
            ],
            [
              148.888810213176,
              -35.3244028505593
            ],
            [
              148.888745864362,
              -35.3242430742074
            ],
            [
              148.888672820805,
              -35.324048291055
            ],
            [
              148.888572370683,
              -35.3238490218347
            ],
            [
              148.888480492628,
              -35.3237404127951
            ],
            [
              148.888310559826,
              -35.3237170829316
            ],
            [
              148.888227193498,
              -35.3237260645967
            ],
            [
              148.888080182812,
              -35.3237512059995
            ],
            [
              148.887924164271,
              -35.3238813721953
            ],
            [
              148.887771461028,
              -35.3239998674657
            ],
            [
              148.887618751773,
              -35.3241210564204
            ],
            [
              148.887494558111,
              -35.3242413464067
            ],
            [
              148.887307849341,
              -35.3243634337506
            ],
            [
              148.887106815365,
              -35.3245151434471
            ],
            [
              148.886892607492,
              -35.3246731375156
            ],
            [
              148.886763000006,
              -35.3247611120172
            ],
            [
              148.886494076257,
              -35.324866146154
            ],
            [
              148.886352448834,
              -35.3249343722477
            ],
            [
              148.886217422934,
              -35.3249936213711
            ],
            [
              148.885984705911,
              -35.3250905750701
            ],
            [
              148.885860767455,
              -35.3250959654329
            ],
            [
              148.885696251797,
              -35.3251013567759
            ],
            [
              148.885528600507,
              -35.325038527358
            ],
            [
              148.885377518043,
              -35.3249236344781
            ],
            [
              148.885257167282,
              -35.3247979692518
            ],
            [
              148.885105100912,
              -35.3246337054006
            ],
            [
              148.884908089523,
              -35.3244613649516
            ],
            [
              148.88477357217,
              -35.3242971001391
            ],
            [
              148.884611619045,
              -35.3241409151724
            ],
            [
              148.884439761938,
              -35.3239999904746
            ],
            [
              148.884267775848,
              -35.3239156161838
            ],
            [
              148.884077122996,
              -35.3238420138442
            ],
            [
              148.883887593427,
              -35.3237567422767
            ],
            [
              148.883794602076,
              -35.3236580033836
            ],
            [
              148.883794663628,
              -35.3236310745338
            ],
            [
              148.883732428621,
              -35.3235107919039
            ],
            [
              148.883697801116,
              -35.3233070288502
            ],
            [
              148.883687117918,
              -35.3231831552077
            ],
            [
              148.883664591041,
              -35.3229632337872
            ],
            [
              148.883643140499,
              -35.3227522892746
            ],
            [
              148.883634996597,
              -35.3224776117406
            ],
            [
              148.883598020141,
              -35.3223420690845
            ],
            [
              148.883551127773,
              -35.3222271718865
            ],
            [
              148.883401112444,
              -35.3221284341402
            ],
            [
              148.883217025391,
              -35.3220629094512
            ],
            [
              148.883131462059,
              -35.3220736825077
            ],
            [
              148.883038234372,
              -35.3220790692439
            ],
            [
              148.88281895464,
              -35.3220575280883
            ],
            [
              148.882585421391,
              -35.3220341918073
            ],
            [
              148.882428601036,
              -35.3220341928923
            ],
            [
              148.882317851384,
              -35.3220288072728
            ],
            [
              148.88214694415,
              -35.3219552016879
            ],
            [
              148.882115331961,
              -35.3218726194262
            ],
            [
              148.882083811845,
              -35.3217505404355
            ],
            [
              148.88207418787,
              -35.3216437215273
            ],
            [
              148.882077879613,
              -35.3214695797044
            ],
            [
              148.88207818806,
              -35.3213358314849
            ],
            [
              148.882079827985,
              -35.3211006508106
            ],
            [
              148.882114363946,
              -35.3208663669967
            ],
            [
              148.882151889465,
              -35.3207622406233
            ],
            [
              148.882227650436,
              -35.3207218468711
            ],
            [
              148.882312182468,
              -35.3206823496395
            ],
            [
              148.882395579872,
              -35.3206590110791
            ],
            [
              148.882447208976,
              -35.32062130995
            ],
            [
              148.882504287038,
              -35.3205979710121
            ],
            [
              148.882528586303,
              -35.3205225687327
            ],
            [
              148.882485970793,
              -35.3204561439155
            ],
            [
              148.882346911922,
              -35.3203636882033
            ],
            [
              148.882239497095,
              -35.3203403496873
            ],
            [
              148.88215729913,
              -35.3203188073363
            ],
            [
              148.882107960042,
              -35.3203152166955
            ],
            [
              148.881979745374,
              -35.3202757208817
            ],
            [
              148.881850447935,
              -35.3202308397965
            ],
            [
              148.881725611182,
              -35.3201536430635
            ],
            [
              148.881613938222,
              -35.3200746500698
            ],
            [
              148.881491305675,
              -35.3199929651952
            ],
            [
              148.881386175107,
              -35.3199301302096
            ],
            [
              148.881270112625,
              -35.3198529334491
            ],
            [
              148.88115617661,
              -35.3198044606101
            ],
            [
              148.881077323825,
              -35.3197595779222
            ],
            [
              148.880962183643,
              -35.3197577825304
            ],
            [
              148.880807679192,
              -35.3197066157989
            ],
            [
              148.880742120091,
              -35.3196042849286
            ],
            [
              148.880729165293,
              -35.3195163155623
            ],
            [
              148.880711980465,
              -35.3193610241358
            ],
            [
              148.880703449562,
              -35.3192568980523
            ],
            [
              148.880715641646,
              -35.3192012450683
            ],
            [
              148.88068082101,
              -35.319084551346
            ],
            [
              148.880619576124,
              -35.3190136375435
            ],
            [
              148.880522220473,
              -35.3189095104359
            ],
            [
              148.880377639038,
              -35.3188359028113
            ],
            [
              148.880250583423,
              -35.3187712712283
            ],
            [
              148.880108117716,
              -35.3187317732691
            ],
            [
              148.879976524493,
              -35.318731771747
            ],
            [
              148.879848217694,
              -35.3187335653131
            ],
            [
              148.879720957377,
              -35.3187569017627
            ],
            [
              148.879589365193,
              -35.3187568998032
            ],
            [
              148.879416038064,
              -35.3187838254525
            ],
            [
              148.879263497042,
              -35.3188322953089
            ],
            [
              148.879151567445,
              -35.3188646082963
            ],
            [
              148.878963984454,
              -35.3188915331507
            ],
            [
              148.878809366838,
              -35.3188897345026
            ],
            [
              148.878570307323,
              -35.3188897285626
            ],
            [
              148.878477159098,
              -35.3188627967881
            ],
            [
              148.878372087442,
              -35.3187766210679
            ],
            [
              148.878332755646,
              -35.3187146828989
            ],
            [
              148.878256276199,
              -35.3185943967482
            ],
            [
              148.878201733636,
              -35.3184723164067
            ],
            [
              148.87816355169,
              -35.3183879373373
            ],
            [
              148.878126599412,
              -35.31824700751
            ],
            [
              148.877983131902,
              -35.3181680110113
            ],
            [
              148.877918500041,
              -35.3181392843369
            ],
            [
              148.877791379089,
              -35.3181033749281
            ],
            [
              148.877728941743,
              -35.3180746483167
            ],
            [
              148.877624824652,
              -35.3180495108229
            ],
            [
              148.877544838707,
              -35.3180216814693
            ],
            [
              148.877411142893,
              -35.3179839760497
            ],
            [
              148.877161286077,
              -35.3179139513858
            ],
            [
              148.877003512777,
              -35.3178564962602
            ],
            [
              148.876779944326,
              -35.3177990392708
            ],
            [
              148.876682542904,
              -35.3177164518405
            ],
            [
              148.876693899247,
              -35.3175521844222
            ],
            [
              148.87679396168,
              -35.3174372907465
            ],
            [
              148.876900483023,
              -35.3173726654646
            ],
            [
              148.877052962474,
              -35.3173502304827
            ],
            [
              148.877229507779,
              -35.317352031668
            ],
            [
              148.877429205335,
              -35.3173017717723
            ],
            [
              148.877654005069,
              -35.3173017788725
            ],
            [
              148.87783514996,
              -35.3172138158189
            ],
            [
              148.877940488739,
              -35.3171850954065
            ],
            [
              148.878057769086,
              -35.317208436921
            ],
            [
              148.878141083203,
              -35.3172192112882
            ],
            [
              148.878235457694,
              -35.3171904896876
            ],
            [
              148.878317967736,
              -35.31707738931
            ],
            [
              148.878314895276,
              -35.3169849323635
            ],
            [
              148.878284428054,
              -35.3168843960205
            ],
            [
              148.878270404593,
              -35.3167856551459
            ],
            [
              148.878222290293,
              -35.3167282050838
            ],
            [
              148.878159978581,
              -35.3166465178559
            ],
            [
              148.878073547115,
              -35.3165621374207
            ],
            [
              148.877992544735,
              -35.3165010953527
            ],
            [
              148.877897401732,
              -35.3163915810041
            ],
            [
              148.877812090995,
              -35.3162973264763
            ],
            [
              148.877726808694,
              -35.316191401972
            ],
            [
              148.877677677837,
              -35.3161078887617
            ],
            [
              148.877559697553,
              -35.3159104352232
            ],
            [
              148.87755097179,
              -35.3158906873991
            ],
            [
              148.877530204448,
              -35.3158619616029
            ],
            [
              148.877413017021,
              -35.3158009185987
            ],
            [
              148.877326451342,
              -35.3157739864019
            ],
            [
              148.877154320808,
              -35.3157614128188
            ],
            [
              148.877028254339,
              -35.3157452505133
            ],
            [
              148.876919732684,
              -35.3157290888182
            ],
            [
              148.87680475809,
              -35.3156599664534
            ],
            [
              148.876674463086,
              -35.3155773784923
            ],
            [
              148.8765496514,
              -35.3154947900057
            ],
            [
              148.876389890778,
              -35.315352956773
            ],
            [
              148.876173141274,
              -35.3151976554115
            ],
            [
              148.87604283458,
              -35.3151204526962
            ],
            [
              148.875901528644,
              -35.3150576116017
            ],
            [
              148.875804038493,
              -35.3150145201132
            ],
            [
              148.8757308372,
              -35.3149023113628
            ],
            [
              148.875667468653,
              -35.3148053635456
            ],
            [
              148.875458346867,
              -35.3146716045861
            ],
            [
              148.875337820378,
              -35.3146321021199
            ],
            [
              148.875137289478,
              -35.314574642409
            ],
            [
              148.874961795248,
              -35.314594381093
            ],
            [
              148.874774195187,
              -35.31463207204
            ],
            [
              148.874596532738,
              -35.3146410380155
            ],
            [
              148.874422138446,
              -35.3146589801312
            ],
            [
              148.874335592843,
              -35.3146248647069
            ],
            [
              148.874320331593,
              -35.3145871629094
            ],
            [
              148.874225044445,
              -35.3145404803049
            ],
            [
              148.8741406094,
              -35.3145404749818
            ],
            [
              148.874042957185,
              -35.3145656028797
            ],
            [
              148.87392443826,
              -35.3146032961397
            ],
            [
              148.873834341887,
              -35.3146777947512
            ],
            [
              148.873785873176,
              -35.3147693505868
            ],
            [
              148.873734097636,
              -35.314868087008
            ],
            [
              148.873692173456,
              -35.314974005604
            ],
            [
              148.87359871313,
              -35.3150790235953
            ],
            [
              148.873457011057,
              -35.3151813453347
            ],
            [
              148.873358091206,
              -35.3152764875902
            ],
            [
              148.873193546678,
              -35.3153016102027
            ],
            [
              148.873121182027,
              -35.3152980147342
            ],
            [
              148.872945781127,
              -35.3152782545814
            ],
            [
              148.872852673819,
              -35.3152369562572
            ],
            [
              148.872721142742,
              -35.315213607713
            ],
            [
              148.872614763636,
              -35.3152189862949
            ],
            [
              148.872440219644,
              -35.3152979645916
            ],
            [
              148.872272446693,
              -35.315297952452
            ],
            [
              148.872054248759,
              -35.3152907541432
            ],
            [
              148.871941408751,
              -35.3152476583245
            ],
            [
              148.87182973854,
              -35.3151740426085
            ],
            [
              148.871695077181,
              -35.3150860633982
            ],
            [
              148.871663342286,
              -35.3150591318443
            ],
            [
              148.871516550427,
              -35.3149989777485
            ],
            [
              148.871356432347,
              -35.315007940509
            ],
            [
              148.87113158353,
              -35.3150303624877
            ],
            [
              148.870931764913,
              -35.315130879896
            ],
            [
              148.870751653165,
              -35.3152439668366
            ],
            [
              148.870643961913,
              -35.3153373115743
            ],
            [
              148.870519775803,
              -35.3154495047526
            ],
            [
              148.870407663156,
              -35.3155572106615
            ],
            [
              148.870352707106,
              -35.3156092691745
            ],
            [
              148.870253693483,
              -35.3157412129163
            ],
            [
              148.870196443373,
              -35.3158345620627
            ],
            [
              148.870157780781,
              -35.3159494561174
            ],
            [
              148.870102591618,
              -35.3160994015413
            ],
            [
              148.869971916697,
              -35.3161711551729
            ],
            [
              148.8699126176,
              -35.3162052589648
            ],
            [
              148.86981268891,
              -35.3162626982145
            ],
            [
              148.869642495604,
              -35.3163542411676
            ],
            [
              148.869372528945,
              -35.3164394898605
            ],
            [
              148.869203701113,
              -35.3164215194799
            ],
            [
              148.869031512036,
              -35.3164322733024
            ],
            [
              148.868826390454,
              -35.3164573854403
            ],
            [
              148.868681444082,
              -35.3165381573373
            ],
            [
              148.868502431315,
              -35.3166476503155
            ],
            [
              148.868378342822,
              -35.3167185503619
            ],
            [
              148.868198236382,
              -35.3168262468131
            ],
            [
              148.868030219662,
              -35.3169231730295
            ],
            [
              148.867882892548,
              -35.3170784477075
            ],
            [
              148.86772557724,
              -35.3172812964703
            ],
            [
              148.867676839502,
              -35.3174778732082
            ],
            [
              148.867648951728,
              -35.3176681695197
            ],
            [
              148.867611273263,
              -35.3178270470854
            ],
            [
              148.867583456078,
              -35.3179886193298
            ],
            [
              148.867562293083,
              -35.3181205697448
            ],
            [
              148.867515856016,
              -35.318273162757
            ],
            [
              148.867373950489,
              -35.318451775894
            ],
            [
              148.86725605546,
              -35.3186761712235
            ],
            [
              148.867091133519,
              -35.3188493959005
            ],
            [
              148.866905404028,
              -35.3190109485924
            ],
            [
              148.866764794384,
              -35.3191087741612
            ],
            [
              148.866528862148,
              -35.3191733741332
            ],
            [
              148.866345741141,
              -35.3191679652965
            ],
            [
              148.866162716153,
              -35.3191248560416
            ],
            [
              148.865984168308,
              -35.3190449433755
            ],
            [
              148.865848173183,
              -35.3190512087102
            ],
            [
              148.865694567328,
              -35.3190835035218
            ],
            [
              148.865521163562,
              -35.3191391343525
            ],
            [
              148.865322379204,
              -35.3192575961498
            ],
            [
              148.865190395005,
              -35.3194128688673
            ],
            [
              148.865081234548,
              -35.3196498309281
            ],
            [
              148.865017212371,
              -35.3198158847528
            ],
            [
              148.864954207477,
              -35.3200133567303
            ],
            [
              148.864895501003,
              -35.3202458366426
            ],
            [
              148.864867745635,
              -35.3203804784437
            ],
            [
              148.864777350141,
              -35.3205680728588
            ],
            [
              148.864703613612,
              -35.3206721884531
            ],
            [
              148.864653176962,
              -35.3206685904742
            ],
            [
              148.864479910044,
              -35.3206685658847
            ],
            [
              148.86430345653,
              -35.3206272493247
            ],
            [
              148.864213537472,
              -35.3206254411359
            ],
            [
              148.864044666253,
              -35.3206218267224
            ],
            [
              148.863910885744,
              -35.3206182163903
            ],
            [
              148.863715686212,
              -35.3206181872303
            ],
            [
              148.863509493124,
              -35.3206289284178
            ],
            [
              148.863304344963,
              -35.3206594175409
            ],
            [
              148.863058690883,
              -35.3206629706754
            ],
            [
              148.862917193905,
              -35.3206755156223
            ],
            [
              148.862738443404,
              -35.3206754874024
            ],
            [
              148.862683575432,
              -35.3206898415821
            ],
            [
              148.86253865346,
              -35.3207553455711
            ],
            [
              148.862384923388,
              -35.3208343134285
            ],
            [
              148.862232381374,
              -35.3208773762034
            ],
            [
              148.862126058575,
              -35.3208576108441
            ],
            [
              148.8619505977,
              -35.3208575821724
            ],
            [
              148.861804879166,
              -35.3208054956428
            ],
            [
              148.861767694678,
              -35.3207659932623
            ],
            [
              148.861678062663,
              -35.3206519788507
            ],
            [
              148.861669674738,
              -35.3205011735762
            ],
            [
              148.86166781065,
              -35.3203728116593
            ],
            [
              148.86156826055,
              -35.3202776450867
            ],
            [
              148.861534348527,
              -35.3202453243587
            ],
            [
              148.861404946392,
              -35.3202453031482
            ],
            [
              148.861216437783,
              -35.3202021842981
            ],
            [
              148.861112258339,
              -35.3202021674582
            ],
            [
              148.861008115981,
              -35.3201877875649
            ],
            [
              148.860924952968,
              -35.3201177572382
            ],
            [
              148.860869377977,
              -35.3199804089522
            ],
            [
              148.860864235582,
              -35.3198475573206
            ],
            [
              148.860872157124,
              -35.3197524097091
            ],
            [
              148.860915249723,
              -35.3196258501764
            ],
            [
              148.860990147169,
              -35.3194983979733
            ],
            [
              148.860990462427,
              -35.3193754215986
            ],
            [
              148.860921607132,
              -35.3192856463656
            ],
            [
              148.860832108878,
              -35.3191204651371
            ],
            [
              148.860668871673,
              -35.3190593979839
            ],
            [
              148.860519900725,
              -35.3189938440404
            ],
            [
              148.860354456563,
              -35.3189381619509
            ],
            [
              148.860238337251,
              -35.3188914643614
            ],
            [
              148.860046629951,
              -35.3188142326782
            ],
            [
              148.859875772685,
              -35.3187316195397
            ],
            [
              148.859778330903,
              -35.3186714599373
            ],
            [
              148.859699541942,
              -35.3186068157158
            ],
            [
              148.859595707677,
              -35.3184739470127
            ],
            [
              148.859527037953,
              -35.3183132567157
            ],
            [
              148.859475966932,
              -35.3181319244945
            ],
            [
              148.859420539314,
              -35.3179389221372
            ],
            [
              148.859414284782,
              -35.3178132519956
            ],
            [
              148.859380636896,
              -35.3176794972202
            ],
            [
              148.859332619006,
              -35.3175897250306
            ],
            [
              148.859251759575,
              -35.3174784027438
            ],
            [
              148.859145681156,
              -35.3173661781788
            ],
            [
              148.859074579606,
              -35.317297944352
            ],
            [
              148.85901445372,
              -35.3172261221485
            ],
            [
              148.85895659112,
              -35.3171273713205
            ],
            [
              148.858956786592,
              -35.3170519699716
            ],
            [
              148.858977828783,
              -35.316972083817
            ],
            [
              148.858987971863,
              -35.3168661638723
            ],
            [
              148.859020001117,
              -35.3167782013467
            ],
            [
              148.859050968609,
              -35.3166767744409
            ],
            [
              148.859143512693,
              -35.3165098305056
            ],
            [
              148.859200813673,
              -35.3164021250208
            ],
            [
              148.859228499994,
              -35.3162971063218
            ],
            [
              148.859193702342,
              -35.3161839972313
            ],
            [
              148.859177503766,
              -35.3160863257952
            ],
            [
              148.859046235585,
              -35.3159640487042
            ],
            [
              148.858961916171,
              -35.3159191506305
            ],
            [
              148.858869884055,
              -35.3158886136046
            ],
            [
              148.858751449903,
              -35.3158903870339
            ],
            [
              148.858619839073,
              -35.3158993381528
            ],
            [
              148.858479338416,
              -35.315953169159
            ],
            [
              148.858372787788,
              -35.3160240625746
            ],
            [
              148.858288202421,
              -35.3160814954321
            ],
            [
              148.858129144031,
              -35.3161030071885
            ],
            [
              148.858005222356,
              -35.3161065744624
            ],
            [
              148.857877007786,
              -35.3160742334992
            ],
            [
              148.857793696921,
              -35.3160634459404
            ],
            [
              148.85768739055,
              -35.3160400863662
            ],
            [
              148.857581241803,
              -35.3159565844405
            ],
            [
              148.85747277098,
              -35.3159224529955
            ],
            [
              148.857364276759,
              -35.3158972975294
            ],
            [
              148.857290764206,
              -35.3159134403825
            ],
            [
              148.857197701383,
              -35.3158577676854
            ],
            [
              148.857163769483,
              -35.3158344225794
            ],
            [
              148.857090397972,
              -35.3157967061249
            ],
            [
              148.857045599069,
              -35.3157356579014
            ],
            [
              148.857015197819,
              -35.3156198562032
            ],
            [
              148.857020958005,
              -35.3155139360824
            ],
            [
              148.857029979396,
              -35.3154187888319
            ],
            [
              148.857057653946,
              -35.3153191565505
            ],
            [
              148.857108475327,
              -35.315173749133
            ],
            [
              148.85710871556,
              -35.3150821896736
            ],
            [
              148.857061695178,
              -35.3150319128996
            ],
            [
              148.857061903136,
              -35.3149520225499
            ],
            [
              148.857082940165,
              -35.3148748305576
            ],
            [
              148.857152139943,
              -35.3148299625589
            ],
            [
              148.857163171433,
              -35.3148048303686
            ],
            [
              148.857163406496,
              -35.3147150668497
            ],
            [
              148.857142873908,
              -35.3145992668065
            ],
            [
              148.857149768361,
              -35.3144789848566
            ],
            [
              148.857182922973,
              -35.3143802519263
            ],
            [
              148.857257677275,
              -35.3143075581831
            ],
            [
              148.857368508567,
              -35.3142770601413
            ],
            [
              148.857520013921,
              -35.314207075259
            ],
            [
              148.857608903731,
              -35.3141801633053
            ],
            [
              148.85776246232,
              -35.3141640360521
            ],
            [
              148.857837088112,
              -35.314140712197
            ],
            [
              148.857837190999,
              -35.3141012160053
            ],
            [
              148.85786483307,
              -35.3140132535587
            ],
            [
              148.85784415106,
              -35.3139549028854
            ],
            [
              148.857789497551,
              -35.3138884664138
            ],
            [
              148.857699744913,
              -35.3138256138146
            ],
            [
              148.857582556212,
              -35.3137717329494
            ],
            [
              148.857492700796,
              -35.3137483763854
            ],
            [
              148.857416022947,
              -35.3137178411671
            ],
            [
              148.857292250945,
              -35.3136657533578
            ],
            [
              148.857189182925,
              -35.3136630392588
            ],
            [
              148.856958029988,
              -35.3135804095564
            ],
            [
              148.856842950297,
              -35.3135588427806
            ],
            [
              148.85664478901,
              -35.3134403139699
            ],
            [
              148.856613046315,
              -35.31341876338
            ],
            [
              148.856526485388,
              -35.3133936119097
            ],
            [
              148.856399558481,
              -35.3132903569851
            ],
            [
              148.856313088119,
              -35.3132310951353
            ],
            [
              148.856318796822,
              -35.3131449231034
            ],
            [
              148.85627191053,
              -35.3130443777051
            ],
            [
              148.856220653864,
              -35.3129375471492
            ],
            [
              148.856157229709,
              -35.3128711093435
            ],
            [
              148.856076204854,
              -35.3128262099605
            ],
            [
              148.856083020711,
              -35.31273644723
            ],
            [
              148.856163174815,
              -35.3126951728293
            ],
            [
              148.856301532278,
              -35.3126206979591
            ],
            [
              148.856390340805,
              -35.3126243070704
            ],
            [
              148.85650322589,
              -35.3126458737484
            ],
            [
              148.856610698855,
              -35.3126405106242
            ],
            [
              148.856638150276,
              -35.3126261539148
            ],
            [
              148.856698575779,
              -35.3125812839149
            ],
            [
              148.856791850489,
              -35.3125543746487
            ],
            [
              148.856880660048,
              -35.3125579833844
            ],
            [
              148.856922317677,
              -35.3125615825192
            ],
            [
              148.857029768027,
              -35.3125651941934
            ],
            [
              148.857177647572,
              -35.3126226736763
            ],
            [
              148.857274141374,
              -35.3126226931402
            ],
            [
              148.857416820092,
              -35.312572453405
            ],
            [
              148.857482845442,
              -35.3124827031073
            ],
            [
              148.85751067121,
              -35.3123247243771
            ],
            [
              148.857493339836,
              -35.3122430353784
            ],
            [
              148.857443186443,
              -35.3121335135264
            ],
            [
              148.857344711558,
              -35.3120527061522
            ],
            [
              148.857260605103,
              -35.3119279172294
            ],
            [
              148.857123654694,
              -35.3118848036365
            ],
            [
              148.856989940781,
              -35.3118614370678
            ],
            [
              148.856874073147,
              -35.3117231772258
            ],
            [
              148.856841419307,
              -35.3116307138779
            ],
            [
              148.856817451588,
              -35.3115714650377
            ],
            [
              148.85672225226,
              -35.3114960439999
            ],
            [
              148.856644574597,
              -35.3114296026677
            ],
            [
              148.856569071743,
              -35.3113703420001
            ],
            [
              148.856476054213,
              -35.3112994093722
            ],
            [
              148.856392913677,
              -35.3112257862585
            ],
            [
              148.856352621161,
              -35.3111198556673
            ],
            [
              148.85635287058,
              -35.3110247060702
            ],
            [
              148.856394742475,
              -35.3109466208341
            ],
            [
              148.85653639717,
              -35.3108676577136
            ],
            [
              148.856666965157,
              -35.3108353697173
            ],
            [
              148.856792102516,
              -35.3107833320294
            ],
            [
              148.856834993096,
              -35.3107348682056
            ],
            [
              148.856872623554,
              -35.3106011283158
            ],
            [
              148.856855192392,
              -35.3105580374274
            ],
            [
              148.856799426037,
              -35.3104987820541
            ],
            [
              148.856727217718,
              -35.3104377281866
            ],
            [
              148.856634090955,
              -35.3104089839722
            ],
            [
              148.856572903663,
              -35.310326388848
            ],
            [
              148.856558797785,
              -35.3102698346393
            ],
            [
              148.856578779748,
              -35.3101764843755
            ],
            [
              148.856603033973,
              -35.3101262215848
            ],
            [
              148.856693025486,
              -35.3100957206319
            ],
            [
              148.856774227209,
              -35.3100723983477
            ],
            [
              148.856880759941,
              -35.310005994517
            ],
            [
              148.856923769335,
              -35.3099117513677
            ],
            [
              148.856918517006,
              -35.309823781389
            ],
            [
              148.856820073164,
              -35.3097322023387
            ],
            [
              148.856741282209,
              -35.3096729417598
            ],
            [
              148.85667126005,
              -35.3096145814192
            ],
            [
              148.856684507734,
              -35.3095804737548
            ],
            [
              148.85658045971,
              -35.3095355703331
            ],
            [
              148.856525602005,
              -35.3095481256148
            ],
            [
              148.856451017957,
              -35.3095570864492
            ],
            [
              148.856324814452,
              -35.309598351414
            ],
            [
              148.856141839546,
              -35.3095462499976
            ],
            [
              148.856069472192,
              -35.3095462350909
            ],
            [
              148.85603675186,
              -35.3094798026447
            ],
            [
              148.856005142536,
              -35.3094079844619
            ],
            [
              148.855949316971,
              -35.3093720677322
            ],
            [
              148.855857350023,
              -35.3093199849566
            ],
            [
              148.855854307895,
              -35.3092257315015
            ],
            [
              148.855859880121,
              -35.3091916227491
            ],
            [
              148.855887528086,
              -35.3091018647261
            ],
            [
              148.855811984731,
              -35.309058761541
            ],
            [
              148.855818794494,
              -35.3089707947365
            ],
            [
              148.855849692454,
              -35.3088962976784
            ],
            [
              148.855836774932,
              -35.3088047354567
            ],
            [
              148.855762531276,
              -35.3086844359633
            ],
            [
              148.855643548281,
              -35.3084824413542
            ],
            [
              148.855537295824,
              -35.3084429223745
            ],
            [
              148.855360920604,
              -35.3083836395282
            ],
            [
              148.855151558137,
              -35.3083602552944
            ],
            [
              148.855013403533,
              -35.3083602251236
            ],
            [
              148.854836782735,
              -35.3083942970387
            ],
            [
              148.854662354814,
              -35.3084283684122
            ],
            [
              148.854400313592,
              -35.3084229239121
            ],
            [
              148.854284179585,
              -35.3083887870341
            ],
            [
              148.854149533417,
              -35.3083061741727
            ],
            [
              148.854082922114,
              -35.3082029299711
            ],
            [
              148.854020691481,
              -35.3081023808647
            ],
            [
              148.853883847762,
              -35.308021561201
            ],
            [
              148.853710788084,
              -35.3079533016182
            ],
            [
              148.853604630301,
              -35.3078787726474
            ],
            [
              148.85342036861,
              -35.3079002731668
            ],
            [
              148.853261305848,
              -35.307928960049
            ],
            [
              148.853047460338,
              -35.3079423750293
            ],
            [
              148.852904743901,
              -35.3080087666374
            ],
            [
              148.852704915171,
              -35.3081110491936
            ],
            [
              148.85255579673,
              -35.3081110138386
            ],
            [
              148.852291338433,
              -35.308189942702
            ],
            [
              148.851997018285,
              -35.3083649106978
            ],
            [
              148.851792884295,
              -35.3084366711588
            ],
            [
              148.851661038797,
              -35.3085371740776
            ],
            [
              148.851262807516,
              -35.3086169650032
            ],
            [
              148.851062076471,
              -35.3086456388945
            ],
            [
              148.850907344785,
              -35.3086940722552
            ],
            [
              148.850684364395,
              -35.3088412285745
            ],
            [
              148.85043975547,
              -35.3088770714588
            ],
            [
              148.850246582973,
              -35.3089488319465
            ],
            [
              148.850122402504,
              -35.3090520287116
            ],
            [
              148.849945642436,
              -35.3091363601606
            ],
            [
              148.849747015848,
              -35.3091973478723
            ],
            [
              148.849554967082,
              -35.3092583364979
            ],
            [
              148.849426439413,
              -35.3093471690109
            ],
            [
              148.849232066458,
              -35.3094566288717
            ],
            [
              148.849032351505,
              -35.3095140241073
            ],
            [
              148.848817163446,
              -35.3096162963552
            ],
            [
              148.848610783945,
              -35.3097051069498
            ],
            [
              148.848516354389,
              -35.3097535536516
            ],
            [
              148.848367991538,
              -35.3098773868686
            ],
            [
              148.848198774133,
              -35.3100092937992
            ],
            [
              148.848052711171,
              -35.3100936310285
            ],
            [
              148.847877082661,
              -35.310163597787
            ],
            [
              148.847745367229,
              -35.3102138291152
            ],
            [
              148.847658661591,
              -35.3102443246197
            ],
            [
              148.847598227184,
              -35.3102909843644
            ],
            [
              148.8474773459,
              -35.3103887936304
            ],
            [
              148.847333440367,
              -35.3104856978749
            ],
            [
              148.847177498054,
              -35.310573621711
            ],
            [
              148.846992920009,
              -35.3107073177618
            ],
            [
              148.846817117627,
              -35.3108401176678
            ],
            [
              148.846747909788,
              -35.3108867748974
            ],
            [
              148.846598468678,
              -35.3110025266256
            ],
            [
              148.846435851715,
              -35.3111245585148
            ],
            [
              148.846245860936,
              -35.3112322202818
            ],
            [
              148.846124852866,
              -35.3113749088805
            ],
            [
              148.846000646718,
              -35.3114843847392
            ],
            [
              148.845905049096,
              -35.3115579624119
            ],
            [
              148.845796037666,
              -35.3117239941214
            ],
            [
              148.845795770489,
              -35.3118209382142
            ],
            [
              148.845819740047,
              -35.311876599397
            ],
            [
              148.845819656026,
              -35.3119071187481
            ],
            [
              148.84583801297,
              -35.3120103524998
            ],
            [
              148.845906736704,
              -35.3121396335006
            ],
            [
              148.845952420626,
              -35.3122742923747
            ],
            [
              148.845950915545,
              -35.3124224024871
            ],
            [
              148.845896968715,
              -35.312501379048
            ],
            [
              148.845850812032,
              -35.3125390659604
            ],
            [
              148.845750978604,
              -35.3125569893574
            ],
            [
              148.845631458332,
              -35.3125569534343
            ],
            [
              148.84550539305,
              -35.3125443488583
            ],
            [
              148.845406731663,
              -35.3125353430772
            ],
            [
              148.84529611146,
              -35.3124886325004
            ],
            [
              148.84524459466,
              -35.3124814366432
            ],
            [
              148.845164623912,
              -35.3124544832658
            ],
            [
              148.845085788688,
              -35.3124131680813
            ],
            [
              148.845007994976,
              -35.3123916005337
            ],
            [
              148.844904937749,
              -35.3123861837516
            ],
            [
              148.844798366817,
              -35.3124615535189
            ],
            [
              148.844658954372,
              -35.3125171640125
            ],
            [
              148.84460409911,
              -35.3125279189263
            ],
            [
              148.844546058048,
              -35.3125009721901
            ],
            [
              148.844494581362,
              -35.3124794129462
            ],
            [
              148.844416902628,
              -35.3124165544748
            ],
            [
              148.844349028231,
              -35.3123770378279
            ],
            [
              148.844291071926,
              -35.312319570696
            ],
            [
              148.84427709342,
              -35.3122199283405
            ],
            [
              148.844277610708,
              -35.3120332193506
            ],
            [
              148.844319604412,
              -35.3119156424465
            ],
            [
              148.844373642422,
              -35.3118043512276
            ],
            [
              148.844416630009,
              -35.3117235771742
            ],
            [
              148.844452003811,
              -35.3116203600054
            ],
            [
              148.844451260529,
              -35.3114928942954
            ],
            [
              148.844413301101,
              -35.3113420794174
            ],
            [
              148.844369871447,
              -35.3111867744615
            ],
            [
              148.844276044965,
              -35.3110161945254
            ],
            [
              148.844117383223,
              -35.3108967590352
            ],
            [
              148.843968270052,
              -35.3108931222341
            ],
            [
              148.843874928434,
              -35.310943360865
            ],
            [
              148.843761988757,
              -35.3109433254581
            ],
            [
              148.843607442719,
              -35.3109217339309
            ],
            [
              148.84350990396,
              -35.3109037508246
            ],
            [
              148.843392714191,
              -35.3108552408817
            ],
            [
              148.843229446015,
              -35.310815693336
            ],
            [
              148.843016801013,
              -35.3107886968388
            ],
            [
              148.842811971825,
              -35.3107114343626
            ],
            [
              148.842667410197,
              -35.310648552967
            ],
            [
              148.842623802874,
              -35.3105578770452
            ],
            [
              148.842526657225,
              -35.3103998614632
            ],
            [
              148.842435919576,
              -35.3103028870963
            ],
            [
              148.84231989514,
              -35.3102301402036
            ],
            [
              148.842154596563,
              -35.3101331416044
            ],
            [
              148.842020104897,
              -35.3099984522972
            ],
            [
              148.841824178794,
              -35.3098754109642
            ],
            [
              148.841710406231,
              -35.3097820190011
            ],
            [
              148.841616230209,
              -35.3097389013015
            ],
            [
              148.841330330636,
              -35.3096382708505
            ],
            [
              148.84112661508,
              -35.3095565177236
            ],
            [
              148.840964462466,
              -35.3095115813776
            ],
            [
              148.840735571637,
              -35.3094145592816
            ],
            [
              148.840515270561,
              -35.3093821691619
            ],
            [
              148.840277427131,
              -35.3093497734163
            ],
            [
              148.840103158105,
              -35.3093245802082
            ],
            [
              148.839990317817,
              -35.3092904307699
            ],
            [
              148.839883266239,
              -35.3091476690463
            ],
            [
              148.839741089741,
              -35.3090183599676
            ],
            [
              148.83968441669,
              -35.3088971589693
            ],
            [
              148.839432583773,
              -35.3087714024104
            ],
            [
              148.839156411357,
              -35.3087228333465
            ],
            [
              148.83898021356,
              -35.30860518037
            ],
            [
              148.838913405906,
              -35.3085782271615
            ],
            [
              148.838878502336,
              -35.3085135855623
            ],
            [
              148.838793411665,
              -35.3083609567494
            ],
            [
              148.838782734837,
              -35.3082595197829
            ],
            [
              148.838797437781,
              -35.3081015405824
            ],
            [
              148.83893700931,
              -35.307988487245
            ],
            [
              148.839036998299,
              -35.3079140178936
            ],
            [
              148.839054842693,
              -35.3079047328143
            ]
          ]
        ]
      },
      "properties": {
        "OBJECTID": 49,
        "DISTRICT_CODE": 11,
        "DISTRICT_NAME": "COREE",
        "DISTRICT_SHORT": "CORE",
        "ID": 4,
        "LAST_UPDATE_DATE": "Mon, 17 May 1993 00:00:00 GMT",
        "GlobalID": "e7e76950-5324-442b-9804-ac767468ab2c"
      }
    }
}