{
  "type": "FeatureCollection",
  "crs": {
    "type": "name",
    "properties": {
      "name": "EPSG:4326"
    }
  },
  "features": 
    {
      "type": "Feature",
      "id": 50,
      "geometry": {
        "type": "Polygon",
        "coordinates": [
          [
            [
              148.89470424657,
              -35.3350783110444
            ],
            [
              148.894861057896,
              -35.3352364391822
            ],
            [
              148.895258782694,
              -35.3353759679838
            ],
            [
              148.895665849124,
              -35.3356004929585
            ],
            [
              148.895978454319,
              -35.335893693134
            ],
            [
              148.896192161223,
              -35.3363614621611
            ],
            [
              148.896067521836,
              -35.3367742085793
            ],
            [
              148.895689745101,
              -35.3373073044394
            ],
            [
              148.895514445345,
              -35.33768620553
            ],
            [
              148.895544099226,
              -35.3381869680362
            ],
            [
              148.895841046417,
              -35.338908248001
            ],
            [
              148.896425069106,
              -35.3395526484207
            ],
            [
              148.896574187118,
              -35.33996853454
            ],
            [
              148.897481221161,
              -35.3411252304311
            ],
            [
              148.898374797854,
              -35.3423280514535
            ],
            [
              148.898693639124,
              -35.3426718999981
            ],
            [
              148.899230913323,
              -35.3431101277407
            ],
            [
              148.899825981216,
              -35.3431112095384
            ],
            [
              148.900277894698,
              -35.3427421060397
            ],
            [
              148.900869846503,
              -35.3421095101358
            ],
            [
              148.901466216032,
              -35.3410437750712
            ],
            [
              148.90221153972,
              -35.3397781813018
            ],
            [
              148.902556146261,
              -35.339604454572
            ],
            [
              148.903634819772,
              -35.3393462038282
            ],
            [
              148.904251552072,
              -35.3389896656719
            ],
            [
              148.904919347238,
              -35.3380929591
            ],
            [
              148.905245067702,
              -35.3373699865839
            ],
            [
              148.905763284107,
              -35.3366257280559
            ],
            [
              148.906363035071,
              -35.3359329088359
            ],
            [
              148.906748651892,
              -35.3356628615161
            ],
            [
              148.907522539681,
              -35.3353694369633
            ],
            [
              148.908263058483,
              -35.3351064426091
            ],
            [
              148.908952917858,
              -35.3348045578847
            ],
            [
              148.909324761883,
              -35.3345440436602
            ],
            [
              148.909510807937,
              -35.3341329566566
            ],
            [
              148.909703469917,
              -35.3329007448594
            ],
            [
              148.909929357235,
              -35.3316543196556
            ],
            [
              148.910248158957,
              -35.330775319578
            ],
            [
              148.910377916472,
              -35.3297057301187
            ],
            [
              148.910103592865,
              -35.3290210951229
            ],
            [
              148.909939313196,
              -35.3284633548812
            ],
            [
              148.910164015569,
              -35.3279931764696
            ],
            [
              148.91099742242,
              -35.327518446532
            ],
            [
              148.911604487569,
              -35.3264115697977
            ],
            [
              148.912122381207,
              -35.3256464637005
            ],
            [
              148.912620005674,
              -35.3250869144264
            ],
            [
              148.913350358028,
              -35.3240274430994
            ],
            [
              148.914202150603,
              -35.3231088390556
            ],
            [
              148.914434689205,
              -35.3225807066507
            ],
            [
              148.914490288196,
              -35.3222416088027
            ],
            [
              148.914925563679,
              -35.3209869546585
            ],
            [
              148.914949778419,
              -35.3205887095902
            ],
            [
              148.914942559102,
              -35.3195151310535
            ],
            [
              148.915083124484,
              -35.3190127920849
            ],
            [
              148.915959641965,
              -35.3180457058717
            ],
            [
              148.916330799879,
              -35.3177209993743
            ],
            [
              148.9175216753,
              -35.3169350257729
            ],
            [
              148.918039369298,
              -35.3167326356324
            ],
            [
              148.918345809162,
              -35.3163531679803
            ],
            [
              148.918464930062,
              -35.3158294486804
            ],
            [
              148.918581302445,
              -35.3149102571646
            ],
            [
              148.918552314823,
              -35.3140866690971
            ],
            [
              148.918490133538,
              -35.3131549952013
            ],
            [
              148.918901939285,
              -35.3123391278845
            ],
            [
              148.919257014187,
              -35.3121061488132
            ],
            [
              148.919866757749,
              -35.3114549035971
            ],
            [
              148.920403247651,
              -35.3112204327256
            ],
            [
              148.921486104413,
              -35.311167059451
            ],
            [
              148.922381723145,
              -35.311310285314
            ],
            [
              148.922684634591,
              -35.3114169408093
            ],
            [
              148.923436514646,
              -35.3114907491021
            ],
            [
              148.923875070273,
              -35.3117382741474
            ],
            [
              148.924078936844,
              -35.3122476271327
            ],
            [
              148.923800977184,
              -35.3128738030923
            ],
            [
              148.923839314006,
              -35.3133261699343
            ],
            [
              148.92395608982,
              -35.3137397477919
            ],
            [
              148.924204155852,
              -35.3140468901574
            ],
            [
              148.924799384098,
              -35.3142180057021
            ],
            [
              148.925817849407,
              -35.314373549205
            ],
            [
              148.926902859631,
              -35.3144025028182
            ],
            [
              148.927677264097,
              -35.3145240666291
            ],
            [
              148.92813310313,
              -35.3148905539261
            ],
            [
              148.928494760394,
              -35.3155419521721
            ],
            [
              148.928807444605,
              -35.3159088814579
            ],
            [
              148.928973289939,
              -35.3163229374762
            ],
            [
              148.929071696842,
              -35.3174417303723
            ],
            [
              148.929128854612,
              -35.3180191109583
            ],
            [
              148.929207372141,
              -35.3183481209623
            ],
            [
              148.929869983915,
              -35.31824770817
            ],
            [
              148.930661564237,
              -35.3178207610785
            ],
            [
              148.931590568257,
              -35.317872643472
            ],
            [
              148.932266950768,
              -35.3187799181435
            ],
            [
              148.932857155881,
              -35.3193193327824
            ],
            [
              148.933855320358,
              -35.3197509397279
            ],
            [
              148.934840388895,
              -35.3199661394522
            ],
            [
              148.935860954408,
              -35.3197250482508
            ],
            [
              148.936447073679,
              -35.3193367821807
            ],
            [
              148.937269702273,
              -35.3192105589659
            ],
            [
              148.938369128095,
              -35.3194336397134
            ],
            [
              148.93850853809,
              -35.319507760327
            ],
            [
              148.938066978194,
              -35.3199540619388
            ],
            [
              148.937827299864,
              -35.3202326415368
            ],
            [
              148.937705015739,
              -35.3208606527098
            ],
            [
              148.938220524978,
              -35.3213667408112
            ],
            [
              148.938654615938,
              -35.3220559139402
            ],
            [
              148.937925565535,
              -35.3227804528664
            ],
            [
              148.937104170125,
              -35.3233336950619
            ],
            [
              148.935961741062,
              -35.3237943582756
            ],
            [
              148.934982169971,
              -35.3242471802345
            ],
            [
              148.933169419432,
              -35.3243902517024
            ],
            [
              148.932179089325,
              -35.3247996941234
            ],
            [
              148.931281651206,
              -35.325690186139
            ],
            [
              148.92958426179,
              -35.3261290696206
            ],
            [
              148.927832113484,
              -35.3269801255191
            ],
            [
              148.92642552263,
              -35.3277756052928
            ],
            [
              148.925852042968,
              -35.3283852688066
            ],
            [
              148.925347901533,
              -35.3290417519608
            ],
            [
              148.924032624075,
              -35.32817896358
            ],
            [
              148.923312348978,
              -35.3278151580998
            ],
            [
              148.92237337173,
              -35.3274252353633
            ],
            [
              148.921306029798,
              -35.3276768126528
            ],
            [
              148.920897870545,
              -35.3285287389416
            ],
            [
              148.919909031004,
              -35.3299790271547
            ],
            [
              148.919647001072,
              -35.3306356661346
            ],
            [
              148.919076927691,
              -35.3314812465723
            ],
            [
              148.918220114548,
              -35.3324343086143
            ],
            [
              148.919383909063,
              -35.3326440898327
            ],
            [
              148.919774974227,
              -35.3329643251661
            ],
            [
              148.91908340167,
              -35.3342638659061
            ],
            [
              148.919906096532,
              -35.3353369663124
            ],
            [
              148.921567257803,
              -35.3361820257815
            ],
            [
              148.922815774035,
              -35.3362132985903
            ],
            [
              148.923655421891,
              -35.3365045501206
            ],
            [
              148.924702285985,
              -35.3362715029236
            ],
            [
              148.925662729942,
              -35.3360057615662
            ],
            [
              148.924802222453,
              -35.3365211290371
            ],
            [
              148.923786315861,
              -35.3371197464566
            ],
            [
              148.922960980875,
              -35.3375314815987
            ],
            [
              148.92235883044,
              -35.3379157940847
            ],
            [
              148.921331798008,
              -35.3385989194154
            ],
            [
              148.921727893812,
              -35.3397956178915
            ],
            [
              148.920874435548,
              -35.3411507466157
            ],
            [
              148.92123498704,
              -35.343379350992
            ],
            [
              148.921096739844,
              -35.3450843254975
            ],
            [
              148.922314438402,
              -35.347310123149
            ],
            [
              148.923709921497,
              -35.3485391628591
            ],
            [
              148.923908365269,
              -35.3503147641936
            ],
            [
              148.923736938305,
              -35.3514991543404
            ],
            [
              148.922960509688,
              -35.3528493930943
            ],
            [
              148.92327802212,
              -35.3545828111608
            ],
            [
              148.922232979789,
              -35.355252320106
            ],
            [
              148.921246543405,
              -35.3563382398569
            ],
            [
              148.92140368046,
              -35.3576198392123
            ],
            [
              148.921155757605,
              -35.3585867875863
            ],
            [
              148.920083597781,
              -35.3594416453469
            ],
            [
              148.920239174724,
              -35.3617320093955
            ],
            [
              148.920998977092,
              -35.3635429929385
            ],
            [
              148.921906580098,
              -35.3650442295923
            ],
            [
              148.921900073373,
              -35.3669965051171
            ],
            [
              148.922225513781,
              -35.3680371395399
            ],
            [
              148.922594865773,
              -35.3691797345337
            ],
            [
              148.923335682936,
              -35.3700217577118
            ],
            [
              148.924342555234,
              -35.3705654711652
            ],
            [
              148.925261112414,
              -35.3709761814417
            ],
            [
              148.925718268524,
              -35.3713234781532
            ],
            [
              148.925586039707,
              -35.3721457730698
            ],
            [
              148.926419752693,
              -35.3728031767583
            ],
            [
              148.926933797324,
              -35.3735971653858
            ],
            [
              148.926422265584,
              -35.3742186747426
            ],
            [
              148.925845175786,
              -35.3751290759285
            ],
            [
              148.924453276829,
              -35.3754740030283
            ],
            [
              148.923165445692,
              -35.3757316589912
            ],
            [
              148.922550537897,
              -35.3762567346391
            ],
            [
              148.922019852773,
              -35.3760203158613
            ],
            [
              148.921123624865,
              -35.376287245175
            ],
            [
              148.919788621892,
              -35.3767903287142
            ],
            [
              148.918128966775,
              -35.3772087965901
            ],
            [
              148.915892254778,
              -35.3776137286184
            ],
            [
              148.914284495324,
              -35.3778513044461
            ],
            [
              148.912933832434,
              -35.3778626717357
            ],
            [
              148.911873266733,
              -35.3780341385031
            ],
            [
              148.912149083092,
              -35.378999863788
            ],
            [
              148.912069565085,
              -35.3798807670253
            ],
            [
              148.911495100281,
              -35.3813673556645
            ],
            [
              148.910508475375,
              -35.3821381978954
            ],
            [
              148.90953334219,
              -35.3828561386639
            ],
            [
              148.908224725227,
              -35.3835884824866
            ],
            [
              148.907642127403,
              -35.3842875385998
            ],
            [
              148.906289072996,
              -35.3849690842252
            ],
            [
              148.905696305706,
              -35.3855099539886
            ],
            [
              148.905066935292,
              -35.3860963021558
            ],
            [
              148.903413473587,
              -35.3857827627439
            ],
            [
              148.90276470843,
              -35.3859556822199
            ],
            [
              148.902014683762,
              -35.3862180904223
            ],
            [
              148.901291845049,
              -35.3865565845063
            ],
            [
              148.901128706048,
              -35.3869985885256
            ],
            [
              148.901725310528,
              -35.3877426467819
            ],
            [
              148.902182105714,
              -35.3881075153919
            ],
            [
              148.902176184692,
              -35.3885068518422
            ],
            [
              148.901963001539,
              -35.3892580284014
            ],
            [
              148.902154085853,
              -35.3899037589124
            ],
            [
              148.902119495227,
              -35.3910922865832
            ],
            [
              148.901543968635,
              -35.3919383120379
            ],
            [
              148.901434933708,
              -35.3929859092709
            ],
            [
              148.90164579458,
              -35.3935792948068
            ],
            [
              148.901567978853,
              -35.3945722144155
            ],
            [
              148.901897927125,
              -35.3950051042157
            ],
            [
              148.902818447182,
              -35.3958891376089
            ],
            [
              148.903207398915,
              -35.396996925469
            ],
            [
              148.903580860689,
              -35.3975841425476
            ],
            [
              148.903871344658,
              -35.3990951474173
            ],
            [
              148.903059173412,
              -35.4000728235269
            ],
            [
              148.902398959428,
              -35.4013260478937
            ],
            [
              148.902020433121,
              -35.4023931416016
            ],
            [
              148.901557715944,
              -35.4027786410096
            ],
            [
              148.901370662903,
              -35.4033828459119
            ],
            [
              148.901389005441,
              -35.4042385009959
            ],
            [
              148.901450500432,
              -35.4049273742325
            ],
            [
              148.901455154631,
              -35.4057300234723
            ],
            [
              148.902053170034,
              -35.4062634597317
            ],
            [
              148.902766428317,
              -35.4073956884026
            ],
            [
              148.902652224661,
              -35.408351443445
            ],
            [
              148.902214042063,
              -35.4091402714988
            ],
            [
              148.901162558555,
              -35.4099346780852
            ],
            [
              148.899842100916,
              -35.4110650843677
            ],
            [
              148.897970377555,
              -35.4121279175607
            ],
            [
              148.897457385688,
              -35.4125128128285
            ],
            [
              148.896167039874,
              -35.4130624484916
            ],
            [
              148.895396030424,
              -35.4134915245351
            ],
            [
              148.895053831792,
              -35.4142212045356
            ],
            [
              148.895831983962,
              -35.4156126411217
            ],
            [
              148.8951494623,
              -35.4161983435892
            ],
            [
              148.89431595903,
              -35.4167299140815
            ],
            [
              148.894595297484,
              -35.4174860492983
            ],
            [
              148.894611637728,
              -35.4185405137395
            ],
            [
              148.895034754714,
              -35.419854470211
            ],
            [
              148.895213779122,
              -35.4208662798804
            ],
            [
              148.894880413871,
              -35.4215543298603
            ],
            [
              148.894803080403,
              -35.4227506500392
            ],
            [
              148.894584039348,
              -35.4234826071702
            ],
            [
              148.894196065082,
              -35.4240027030483
            ],
            [
              148.893638043384,
              -35.4246279894741
            ],
            [
              148.892975266378,
              -35.4254317064682
            ],
            [
              148.892304279171,
              -35.4268780847459
            ],
            [
              148.891796539752,
              -35.4277326853055
            ],
            [
              148.891331555109,
              -35.429237297843
            ],
            [
              148.891077604836,
              -35.429787344678
            ],
            [
              148.890079442343,
              -35.4309056088614
            ],
            [
              148.889617748963,
              -35.4319382396075
            ],
            [
              148.889030996091,
              -35.4322749889837
            ],
            [
              148.88784484977,
              -35.4326297894648
            ],
            [
              148.886655992572,
              -35.4327327700206
            ],
            [
              148.883843619591,
              -35.4328093683126
            ],
            [
              148.882868394004,
              -35.43332593062
            ],
            [
              148.882800379047,
              -35.4337951330005
            ],
            [
              148.882297722912,
              -35.4347566745331
            ],
            [
              148.881775520442,
              -35.4356066204742
            ],
            [
              148.880880026694,
              -35.4362985415425
            ],
            [
              148.880382605331,
              -35.4365440032338
            ],
            [
              148.880571973253,
              -35.4375717491281
            ],
            [
              148.880878787826,
              -35.4383955349593
            ],
            [
              148.879397499404,
              -35.4390896127761
            ],
            [
              148.878831379233,
              -35.4393430607501
            ],
            [
              148.878228917598,
              -35.4398662055665
            ],
            [
              148.877957148402,
              -35.4401244750889
            ],
            [
              148.877316500264,
              -35.4405563683111
            ],
            [
              148.876648393106,
              -35.4412750020522
            ],
            [
              148.875409860245,
              -35.441164855458
            ],
            [
              148.874532989736,
              -35.4410540181637
            ],
            [
              148.873552998162,
              -35.4412315448604
            ],
            [
              148.872708688233,
              -35.441078463816
            ],
            [
              148.872339603323,
              -35.4418869036017
            ],
            [
              148.871914470133,
              -35.4428152328399
            ],
            [
              148.871069559452,
              -35.443520655863
            ],
            [
              148.87056943594,
              -35.4437251133234
            ],
            [
              148.869065596798,
              -35.4441694859567
            ],
            [
              148.868446807495,
              -35.4448413567131
            ],
            [
              148.867671589609,
              -35.4455298937269
            ],
            [
              148.868107091451,
              -35.4454475800899
            ],
            [
              148.869056909122,
              -35.4458119751156
            ],
            [
              148.870050348757,
              -35.4463684665289
            ],
            [
              148.870989181344,
              -35.4472426618856
            ],
            [
              148.871508647359,
              -35.44804418301
            ],
            [
              148.872061720929,
              -35.4489720023216
            ],
            [
              148.871372521312,
              -35.4510102572689
            ],
            [
              148.870259992332,
              -35.4526712158268
            ],
            [
              148.869571104376,
              -35.4537203569788
            ],
            [
              148.869339710574,
              -35.4542811059003
            ],
            [
              148.869285086177,
              -35.4548488193768
            ],
            [
              148.86957102523,
              -35.4553583469924
            ],
            [
              148.869728829197,
              -35.4563994540268
            ],
            [
              148.870059414903,
              -35.4570205147905
            ],
            [
              148.870420436087,
              -35.4573685361755
            ],
            [
              148.8704153398,
              -35.4577701194872
            ],
            [
              148.870849586808,
              -35.4582635028113
            ],
            [
              148.871485672578,
              -35.4595107248163
            ],
            [
              148.871984830633,
              -35.4606434217985
            ],
            [
              148.872236806592,
              -35.461261052361
            ],
            [
              148.871967428086,
              -35.4621321471933
            ],
            [
              148.871894864855,
              -35.4628918936523
            ],
            [
              148.871244762113,
              -35.4640256218637
            ],
            [
              148.870540511799,
              -35.4653754889355
            ],
            [
              148.870176864008,
              -35.4662752200164
            ],
            [
              148.870046750791,
              -35.4667290207322
            ],
            [
              148.870283839714,
              -35.4672937347967
            ],
            [
              148.87023219105,
              -35.4679870827737
            ],
            [
              148.869485008199,
              -35.4691611535991
            ],
            [
              148.869300366239,
              -35.4695445028316
            ],
            [
              148.869549593368,
              -35.4700359630361
            ],
            [
              148.869855948452,
              -35.4706846622745
            ],
            [
              148.869802886693,
              -35.4718094267927
            ],
            [
              148.869832130833,
              -35.4724825896403
            ],
            [
              148.869681439957,
              -35.4737435965294
            ],
            [
              148.870086875437,
              -35.474317428053
            ],
            [
              148.872609210391,
              -35.4748131950251
            ],
            [
              148.873230902184,
              -35.4752808256136
            ],
            [
              148.873875792515,
              -35.4760437207484
            ],
            [
              148.875022072656,
              -35.4771585618192
            ],
            [
              148.875809690631,
              -35.477911963163
            ],
            [
              148.876228205437,
              -35.478543826945
            ],
            [
              148.876538485899,
              -35.4792696579556
            ],
            [
              148.876662023182,
              -35.4803264853809
            ],
            [
              148.876897389251,
              -35.4808517100864
            ],
            [
              148.877403914794,
              -35.4815805476964
            ],
            [
              148.877225460197,
              -35.4821611044536
            ],
            [
              148.876928174652,
              -35.4833768966065
            ],
            [
              148.875788545239,
              -35.484899258434
            ],
            [
              148.874731288042,
              -35.4860296653655
            ],
            [
              148.87419208704,
              -35.4869134382099
            ],
            [
              148.873802467642,
              -35.4881527299421
            ],
            [
              148.874091453287,
              -35.4887073100721
            ],
            [
              148.873481286566,
              -35.4895115104312
            ],
            [
              148.872935550158,
              -35.4900674035465
            ],
            [
              148.872707293528,
              -35.4914601720857
            ],
            [
              148.872814106897,
              -35.4930035545515
            ],
            [
              148.87261011728,
              -35.4945720903234
            ],
            [
              148.872752404556,
              -35.4955376453909
            ],
            [
              148.872551680117,
              -35.4968656462051
            ],
            [
              148.872199799793,
              -35.4982271797975
            ],
            [
              148.871791412501,
              -35.4987894408334
            ],
            [
              148.871793610743,
              -35.4992451037416
            ],
            [
              148.87219310568,
              -35.4996365104399
            ],
            [
              148.871997447374,
              -35.5004372074673
            ],
            [
              148.871586288011,
              -35.5010017168379
            ],
            [
              148.870500809894,
              -35.5014020591139
            ],
            [
              148.870882433217,
              -35.5021917013236
            ],
            [
              148.871360702572,
              -35.5031204215323
            ],
            [
              148.87241631073,
              -35.504290424457
            ],
            [
              148.873767506457,
              -35.5050912473362
            ],
            [
              148.875345430686,
              -35.5056337452878
            ],
            [
              148.877133945698,
              -35.5062090789278
            ],
            [
              148.878741887673,
              -35.5066873980054
            ],
            [
              148.879962627984,
              -35.5071134618065
            ],
            [
              148.881012547494,
              -35.5075364465582
            ],
            [
              148.88200981794,
              -35.5080145216304
            ],
            [
              148.882255866936,
              -35.5084778308363
            ],
            [
              148.88263994103,
              -35.5089947269232
            ],
            [
              148.882910903989,
              -35.5096709299521
            ],
            [
              148.882921200352,
              -35.5103446060956
            ],
            [
              148.882770721522,
              -35.5109229444572
            ],
            [
              148.882000569285,
              -35.5117072808323
            ],
            [
              148.881089160113,
              -35.5123811517265
            ],
            [
              148.880396503479,
              -35.5130732746262
            ],
            [
              148.879781187716,
              -35.5139185948254
            ],
            [
              148.880178510942,
              -35.514634953185
            ],
            [
              148.881697044263,
              -35.5156565756359
            ],
            [
              148.88293423499,
              -35.5145454974512
            ],
            [
              148.884305651809,
              -35.5144258025011
            ],
            [
              148.884373360469,
              -35.5136964219554
            ],
            [
              148.884905081145,
              -35.512632445769
            ],
            [
              148.885560285362,
              -35.5118253522374
            ],
            [
              148.886196460787,
              -35.5113444785242
            ],
            [
              148.887209983478,
              -35.5112587217241
            ],
            [
              148.888685248112,
              -35.5113807000572
            ],
            [
              148.889830677008,
              -35.511314879137
            ],
            [
              148.890888245202,
              -35.5111812794485
            ],
            [
              148.892192101884,
              -35.5119964490782
            ],
            [
              148.893234618519,
              -35.5125207083175
            ],
            [
              148.894999266993,
              -35.5121686637576
            ],
            [
              148.89631798506,
              -35.5117807571423
            ],
            [
              148.897606402756,
              -35.5116934576353
            ],
            [
              148.898398851999,
              -35.5121369614062
            ],
            [
              148.899557597104,
              -35.5124929239639
            ],
            [
              148.900874559054,
              -35.5137259083843
            ],
            [
              148.902119601546,
              -35.5153582380514
            ],
            [
              148.903454591923,
              -35.5161902562401
            ],
            [
              148.904120730451,
              -35.5176958830782
            ],
            [
              148.904253152111,
              -35.5186006468912
            ],
            [
              148.905276064083,
              -35.5196660600376
            ],
            [
              148.906483023261,
              -35.5206161736442
            ],
            [
              148.908017169649,
              -35.5223760297394
            ],
            [
              148.909284914014,
              -35.5238832122771
            ],
            [
              148.910540831957,
              -35.5247348218485
            ],
            [
              148.911906873376,
              -35.5259801620548
            ],
            [
              148.912506618531,
              -35.526879614135
            ],
            [
              148.911845811105,
              -35.5276101536943
            ],
            [
              148.911141919906,
              -35.5282218732881
            ],
            [
              148.90964661585,
              -35.5284256743763
            ],
            [
              148.909025808556,
              -35.5292295001548
            ],
            [
              148.907626123902,
              -35.5291253177334
            ],
            [
              148.906622361379,
              -35.5290922931476
            ],
            [
              148.90512561296,
              -35.5293698474738
            ],
            [
              148.903885917887,
              -35.5301786977176
            ],
            [
              148.903274864051,
              -35.5313920174899
            ],
            [
              148.902215868406,
              -35.5320005783727
            ],
            [
              148.900030481911,
              -35.5328801017942
            ],
            [
              148.898408098734,
              -35.5330503926588
            ],
            [
              148.896437243906,
              -35.5331093963684
            ],
            [
              148.896437024316,
              -35.533895711378
            ],
            [
              148.896938937469,
              -35.5347394530948
            ],
            [
              148.897457374297,
              -35.5367912953354
            ],
            [
              148.897391262222,
              -35.5382680642935
            ],
            [
              148.895808397135,
              -35.5394990933743
            ],
            [
              148.894889935351,
              -35.5401842340735
            ],
            [
              148.89325562905,
              -35.5408670582656
            ],
            [
              148.891791732724,
              -35.5409670271985
            ],
            [
              148.890880573109,
              -35.5410759044715
            ],
            [
              148.890609471496,
              -35.5417239755269
            ],
            [
              148.890489241841,
              -35.5422747734578
            ],
            [
              148.889497538661,
              -35.5420355089935
            ],
            [
              148.888695053721,
              -35.5420178552336
            ],
            [
              148.888028530572,
              -35.5422176179777
            ],
            [
              148.887237735584,
              -35.5427801727598
            ],
            [
              148.886418612195,
              -35.5433289941416
            ],
            [
              148.885924046147,
              -35.5442043842659
            ],
            [
              148.8847120484,
              -35.5442296338001
            ],
            [
              148.883538872538,
              -35.5446739785045
            ],
            [
              148.882474756687,
              -35.5455971545214
            ],
            [
              148.881852958826,
              -35.5463540636302
            ],
            [
              148.881454374885,
              -35.5479217626546
            ],
            [
              148.880592407655,
              -35.5489313820629
            ],
            [
              148.879523808737,
              -35.5495706426101
            ],
            [
              148.878610032576,
              -35.550337403047
            ],
            [
              148.87735725667,
              -35.5506948138387
            ],
            [
              148.876193060746,
              -35.5513616066685
            ],
            [
              148.874497412757,
              -35.5518306093148
            ],
            [
              148.873795739758,
              -35.5524020059739
            ],
            [
              148.873157688297,
              -35.5533650492982
            ],
            [
              148.872976598709,
              -35.5547374897148
            ],
            [
              148.873052080293,
              -35.5552432306528
            ],
            [
              148.873041990449,
              -35.5554574567666
            ],
            [
              148.872644049901,
              -35.5561289544459
            ],
            [
              148.872268543253,
              -35.5568343622156
            ],
            [
              148.871380050767,
              -35.5571104728936
            ],
            [
              148.871242741861,
              -35.5576909699893
            ],
            [
              148.870177021034,
              -35.5578942304317
            ],
            [
              148.869890835975,
              -35.5584616671855
            ],
            [
              148.870471727217,
              -35.5595449698932
            ],
            [
              148.870397557265,
              -35.5604077097019
            ],
            [
              148.87040225228,
              -35.5613298407978
            ],
            [
              148.869262509835,
              -35.5624003387245
            ],
            [
              148.868772704229,
              -35.5632182537298
            ],
            [
              148.868691359098,
              -35.5643244022555
            ],
            [
              148.869160107395,
              -35.5659121710962
            ],
            [
              148.868224850735,
              -35.5668788054182
            ],
            [
              148.868181965055,
              -35.5678098016233
            ],
            [
              148.868508539423,
              -35.5685176382449
            ],
            [
              148.868808771767,
              -35.5690277166752
            ],
            [
              148.868576622044,
              -35.569700563265
            ],
            [
              148.868402060515,
              -35.5701137474213
            ],
            [
              148.869081845583,
              -35.5712625086378
            ],
            [
              148.869011417613,
              -35.5717355645162
            ],
            [
              148.868783481,
              -35.5721396748357
            ],
            [
              148.868843656322,
              -35.5734330789801
            ],
            [
              148.869416864557,
              -35.5746114537114
            ],
            [
              148.869367693272,
              -35.5758635443879
            ],
            [
              148.870214332554,
              -35.5762475405514
            ],
            [
              148.871127131383,
              -35.5763955792663
            ],
            [
              148.872923023969,
              -35.5774965663459
            ],
            [
              148.873159465282,
              -35.5781902282208
            ],
            [
              148.874433650367,
              -35.5788185463573
            ],
            [
              148.875171080272,
              -35.5798287297201
            ],
            [
              148.875473902845,
              -35.5803574480155
            ],
            [
              148.875946850275,
              -35.5806812383814
            ],
            [
              148.876315848871,
              -35.5815575358879
            ],
            [
              148.875591213095,
              -35.581924519733
            ],
            [
              148.875017371037,
              -35.5826916257196
            ],
            [
              148.874865738791,
              -35.5837779594922
            ],
            [
              148.873923849266,
              -35.5849315396936
            ],
            [
              148.873174344531,
              -35.585887153701
            ],
            [
              148.873176143929,
              -35.586257734094
            ],
            [
              148.873087000919,
              -35.5867133775421
            ],
            [
              148.872702689918,
              -35.5873235139937
            ],
            [
              148.872561554578,
              -35.587728268642
            ],
            [
              148.872733610449,
              -35.5880861555521
            ],
            [
              148.872629531061,
              -35.588823320256
            ],
            [
              148.87242121315,
              -35.5895452251503
            ],
            [
              148.872024777522,
              -35.5907191445768
            ],
            [
              148.872312595729,
              -35.5912591182227
            ],
            [
              148.873427428291,
              -35.5923503073998
            ],
            [
              148.874504658668,
              -35.5933799808643
            ],
            [
              148.875149933136,
              -35.593956305495
            ],
            [
              148.875477523333,
              -35.5948167871041
            ],
            [
              148.87686121896,
              -35.5945108224658
            ],
            [
              148.877774343337,
              -35.5949990182913
            ],
            [
              148.878267518898,
              -35.5956969137724
            ],
            [
              148.877646793432,
              -35.5962780589812
            ],
            [
              148.876008152245,
              -35.5970686927517
            ],
            [
              148.87562792867,
              -35.597460929213
            ],
            [
              148.875467732946,
              -35.5980453670987
            ],
            [
              148.874956268171,
              -35.5989206855946
            ],
            [
              148.874378943118,
              -35.5995835123742
            ],
            [
              148.873938290623,
              -35.5997430724109
            ],
            [
              148.873326664391,
              -35.6005185074625
            ],
            [
              148.8725902876,
              -35.6009316898247
            ],
            [
              148.872650059916,
              -35.6012770115909
            ],
            [
              148.873383893574,
              -35.6017813487578
            ],
            [
              148.874144787559,
              -35.6025381402337
            ],
            [
              148.874360573973,
              -35.6034249935003
            ],
            [
              148.874856824822,
              -35.6042765618632
            ],
            [
              148.876037081963,
              -35.6047735391196
            ],
            [
              148.87639041185,
              -35.6056498159877
            ],
            [
              148.876748267544,
              -35.6070645705311
            ],
            [
              148.87735621086,
              -35.6077360991697
            ],
            [
              148.87836741569,
              -35.6081979007415
            ],
            [
              148.880326618845,
              -35.6084393760341
            ],
            [
              148.881496157541,
              -35.6086586253696
            ],
            [
              148.882802831234,
              -35.6086955127206
            ],
            [
              148.883635671149,
              -35.6089211465627
            ],
            [
              148.884148344568,
              -35.6093046044207
            ],
            [
              148.884771696525,
              -35.6103377672006
            ],
            [
              148.883702411817,
              -35.6109843565619
            ],
            [
              148.882760939335,
              -35.6115398675785
            ],
            [
              148.882668682775,
              -35.6121666521602
            ],
            [
              148.881513217734,
              -35.6137499379226
            ],
            [
              148.881076218485,
              -35.6145538028667
            ],
            [
              148.880014411387,
              -35.6153006709652
            ],
            [
              148.878885415878,
              -35.6157483459884
            ],
            [
              148.877476076076,
              -35.6159265129643
            ],
            [
              148.875833825164,
              -35.6161235101791
            ],
            [
              148.874177735487,
              -35.6164725943193
            ],
            [
              148.872537968268,
              -35.6169494658831
            ],
            [
              148.874351780201,
              -35.6170664154593
            ],
            [
              148.875745910846,
              -35.6180193760311
            ],
            [
              148.877053358612,
              -35.6185485664227
            ],
            [
              148.878774722438,
              -35.618529536798
            ],
            [
              148.879747766886,
              -35.6184483973983
            ],
            [
              148.879867195635,
              -35.6191277664982
            ],
            [
              148.880175393646,
              -35.6201307819499
            ],
            [
              148.880671927972,
              -35.621596858462
            ],
            [
              148.881271808748,
              -35.6222908872462
            ],
            [
              148.882600151395,
              -35.6225862662923
            ],
            [
              148.883560005116,
              -35.6228515065472
            ],
            [
              148.884739226356,
              -35.6235865855127
            ],
            [
              148.886142526445,
              -35.6235373813941
            ],
            [
              148.887920133842,
              -35.6239852842276
            ],
            [
              148.887821956803,
              -35.6248942328089
            ],
            [
              148.887623654216,
              -35.6263184820722
            ],
            [
              148.88796165192,
              -35.6269676921817
            ],
            [
              148.888367187652,
              -35.6276321997603
            ],
            [
              148.888927238661,
              -35.6284618722797
            ],
            [
              148.889878244609,
              -35.6293189652069
            ],
            [
              148.889294072531,
              -35.629624254111
            ],
            [
              148.888372602193,
              -35.630045728594
            ],
            [
              148.887146970513,
              -35.6304184918973
            ],
            [
              148.885136229585,
              -35.6313080888457
            ],
            [
              148.882397125913,
              -35.6309228518137
            ],
            [
              148.880552156993,
              -35.6307580446078
            ],
            [
              148.879298627618,
              -35.6304024335555
            ],
            [
              148.87827237073,
              -35.6297226225592
            ],
            [
              148.877170328334,
              -35.6300964997846
            ],
            [
              148.876386784143,
              -35.6302443370338
            ],
            [
              148.876499545263,
              -35.6310104873076
            ],
            [
              148.876185319233,
              -35.6313148377134
            ],
            [
              148.874702197168,
              -35.6318793272636
            ],
            [
              148.874754232549,
              -35.6328414229452
            ],
            [
              148.873742877981,
              -35.6341267611122
            ],
            [
              148.873145256255,
              -35.6342989377693
            ],
            [
              148.874182863353,
              -35.6352622347988
            ],
            [
              148.874487747423,
              -35.635932262097
            ],
            [
              148.874462049588,
              -35.6366407613183
            ],
            [
              148.874885705855,
              -35.637652838923
            ],
            [
              148.874753135544,
              -35.6379067403635
            ],
            [
              148.873655401809,
              -35.6383330407279
            ],
            [
              148.874323547334,
              -35.6387804294086
            ],
            [
              148.874957712951,
              -35.6393500691565
            ],
            [
              148.875446882982,
              -35.639685141807
            ],
            [
              148.875348066334,
              -35.640087149847
            ],
            [
              148.875421593714,
              -35.6408802922615
            ],
            [
              148.875476176117,
              -35.6419128638623
            ],
            [
              148.876202067741,
              -35.6426469789765
            ],
            [
              148.877979740089,
              -35.6433468236995
            ],
            [
              148.878050282668,
              -35.6438228268702
            ],
            [
              148.877760754238,
              -35.6445914194088
            ],
            [
              148.876955416197,
              -35.6454167607761
            ],
            [
              148.875855362261,
              -35.647050151052
            ],
            [
              148.875033139239,
              -35.6483064168591
            ],
            [
              148.87554667983,
              -35.6491557424655
            ],
            [
              148.877061374306,
              -35.6499235289391
            ],
            [
              148.878920518597,
              -35.6501919528337
            ],
            [
              148.880396568721,
              -35.6506480197858
            ],
            [
              148.883116504707,
              -35.6529005764318
            ],
            [
              148.883034413778,
              -35.6536337992928
            ],
            [
              148.882692510791,
              -35.6549222511771
            ],
            [
              148.881964046452,
              -35.6563272689593
            ],
            [
              148.882726864105,
              -35.6579221210172
            ],
            [
              148.883579207398,
              -35.6590630358075
            ],
            [
              148.884059208031,
              -35.6595006199472
            ],
            [
              148.884555292363,
              -35.6602496740073
            ],
            [
              148.885419902365,
              -35.6611321225743
            ],
            [
              148.886597570489,
              -35.6626101294914
            ],
            [
              148.887028562262,
              -35.6632746639008
            ],
            [
              148.887132746995,
              -35.6649825466373
            ],
            [
              148.886914651573,
              -35.6654807799587
            ],
            [
              148.88679089019,
              -35.6666854700623
            ],
            [
              148.886941120539,
              -35.6673124989179
            ],
            [
              148.887814149452,
              -35.6681717772948
            ],
            [
              148.888450169037,
              -35.6688280414438
            ],
            [
              148.889257828293,
              -35.6695548575034
            ],
            [
              148.889459204708,
              -35.6702642139191
            ],
            [
              148.88993130165,
              -35.6711799425949
            ],
            [
              148.890316182371,
              -35.6716343487652
            ],
            [
              148.890896743665,
              -35.6724077010722
            ],
            [
              148.891365003112,
              -35.6735504325447
            ],
            [
              148.892000173548,
              -35.6740810488215
            ],
            [
              148.893153034487,
              -35.6748290822985
            ],
            [
              148.894014821723,
              -35.675237613714
            ],
            [
              148.89507399761,
              -35.6754087705066
            ],
            [
              148.895882907625,
              -35.6754968616483
            ],
            [
              148.896571274972,
              -35.6756169176184
            ],
            [
              148.897451903863,
              -35.676313916458
            ],
            [
              148.898232557269,
              -35.6771938502906
            ],
            [
              148.897819113184,
              -35.6774503101133
            ],
            [
              148.89791885955,
              -35.6780795304215
            ],
            [
              148.898178752813,
              -35.678717369075
            ],
            [
              148.898961485646,
              -35.6798744192166
            ],
            [
              148.899605087128,
              -35.680774044513
            ],
            [
              148.899951844185,
              -35.6813950157067
            ],
            [
              148.901065712862,
              -35.6829308552003
            ],
            [
              148.901561184813,
              -35.6835401506932
            ],
            [
              148.902407415342,
              -35.6841199258626
            ],
            [
              148.902984937809,
              -35.6844263039528
            ],
            [
              148.903706001405,
              -35.6847801190743
            ],
            [
              148.90396890409,
              -35.6850287201433
            ],
            [
              148.903682511195,
              -35.6854216621061
            ],
            [
              148.902961668379,
              -35.6858946967281
            ],
            [
              148.900600615503,
              -35.687048374633
            ],
            [
              148.898229074366,
              -35.6883073456129
            ],
            [
              148.89614381665,
              -35.6895490565373
            ],
            [
              148.894033525508,
              -35.6908690204095
            ],
            [
              148.892759917975,
              -35.6917813374109
            ],
            [
              148.891941881346,
              -35.6928360255911
            ],
            [
              148.89182568226,
              -35.6935011757536
            ],
            [
              148.892120660953,
              -35.6939441319986
            ],
            [
              148.891717514969,
              -35.694488421697
            ],
            [
              148.890879699333,
              -35.695068872639
            ],
            [
              148.889985231235,
              -35.695701621026
            ],
            [
              148.889736310175,
              -35.696157109042
            ],
            [
              148.891228643622,
              -35.6967499483203
            ],
            [
              148.892382970462,
              -35.6972422283623
            ],
            [
              148.893283993566,
              -35.6978789850527
            ],
            [
              148.893079688747,
              -35.6985079132181
            ],
            [
              148.892801656439,
              -35.6990827877788
            ],
            [
              148.892085034915,
              -35.7003938737734
            ],
            [
              148.89148235746,
              -35.7020407619667
            ],
            [
              148.891300940485,
              -35.7039145313778
            ],
            [
              148.891533161568,
              -35.7058826998418
            ],
            [
              148.891935124543,
              -35.7069386638341
            ],
            [
              148.892749554875,
              -35.7080045784038
            ],
            [
              148.893703270129,
              -35.7089663526904
            ],
            [
              148.894730084635,
              -35.7097468692566
            ],
            [
              148.895910724234,
              -35.7106880240351
            ],
            [
              148.896372491254,
              -35.7113931034319
            ],
            [
              148.896485423267,
              -35.7122527685926
            ],
            [
              148.89557375714,
              -35.7139185790258
            ],
            [
              148.894051964977,
              -35.7155053961905
            ],
            [
              148.893743530454,
              -35.7167419892863
            ],
            [
              148.893034472793,
              -35.7172358808438
            ],
            [
              148.892159514132,
              -35.7172918971055
            ],
            [
              148.890002252876,
              -35.7177831807113
            ],
            [
              148.887591733836,
              -35.7182403746508
            ],
            [
              148.886105683997,
              -35.7183475452602
            ],
            [
              148.885661509958,
              -35.718432483601
            ],
            [
              148.885014168336,
              -35.7179333563555
            ],
            [
              148.883788009057,
              -35.7172310080015
            ],
            [
              148.88057398977,
              -35.7158727327655
            ],
            [
              148.879842381389,
              -35.7157346507599
            ],
            [
              148.878200596576,
              -35.715392709821
            ],
            [
              148.877714956613,
              -35.7149605387938
            ],
            [
              148.874076403248,
              -35.7201905137
            ],
            [
              148.872486700762,
              -35.7214268815528
            ],
            [
              148.872386660102,
              -35.7224977447465
            ],
            [
              148.872253160784,
              -35.7232115459069
            ],
            [
              148.872022950823,
              -35.7242572881695
            ],
            [
              148.871595776175,
              -35.7255680452578
            ],
            [
              148.870977452954,
              -35.7267785400007
            ],
            [
              148.870449443309,
              -35.7276337481343
            ],
            [
              148.869451770903,
              -35.7290864683979
            ],
            [
              148.868680953797,
              -35.7299061882356
            ],
            [
              148.868609744543,
              -35.7310476267148
            ],
            [
              148.868115364475,
              -35.7313789096607
            ],
            [
              148.86723564726,
              -35.7318965892106
            ],
            [
              148.865823995308,
              -35.7316003837568
            ],
            [
              148.864061430134,
              -35.7338718463744
            ],
            [
              148.866751553146,
              -35.7371252599882
            ],
            [
              148.867446282991,
              -35.7386865679228
            ],
            [
              148.866766898307,
              -35.7406349022797
            ],
            [
              148.864873251729,
              -35.7423766709162
            ],
            [
              148.864932231653,
              -35.7435029490829
            ],
            [
              148.864093009771,
              -35.7469226649919
            ],
            [
              148.864045614849,
              -35.7475340403229
            ],
            [
              148.863933356476,
              -35.7479919028224
            ],
            [
              148.86270714036,
              -35.7494329743162
            ],
            [
              148.86142098791,
              -35.7501818713459
            ],
            [
              148.860731066099,
              -35.7528484363537
            ],
            [
              148.861080794932,
              -35.7542016078284
            ],
            [
              148.862442315001,
              -35.7575235184974
            ],
            [
              148.861318039259,
              -35.7590453690159
            ],
            [
              148.860604763439,
              -35.7597596026985
            ],
            [
              148.85965776433,
              -35.7606482133771
            ],
            [
              148.858105754946,
              -35.7612325926489
            ],
            [
              148.85752431082,
              -35.761456746655
            ],
            [
              148.855666472574,
              -35.7609571945163
            ],
            [
              148.854934486573,
              -35.7592694100215
            ],
            [
              148.856084368362,
              -35.7535433566218
            ],
            [
              148.854043019094,
              -35.7512024213418
            ],
            [
              148.853420272432,
              -35.7510507639306
            ],
            [
              148.851012224087,
              -35.7512981433456
            ],
            [
              148.849582296363,
              -35.7509364108627
            ],
            [
              148.848877196528,
              -35.7510766403207
            ],
            [
              148.848364411303,
              -35.7509308942488
            ],
            [
              148.847080367671,
              -35.7505256871377
            ],
            [
              148.846048799597,
              -35.7495285006175
            ],
            [
              148.844701029683,
              -35.7490877104226
            ],
            [
              148.843702702212,
              -35.7482808233686
            ],
            [
              148.842918712465,
              -35.7476740178696
            ],
            [
              148.840955740331,
              -35.7465927131968
            ],
            [
              148.839726409954,
              -35.7455239542539
            ],
            [
              148.838631411269,
              -35.7442359519512
            ],
            [
              148.837172703716,
              -35.7431520689297
            ],
            [
              148.835792627495,
              -35.7419215342952
            ],
            [
              148.835306615046,
              -35.7411388225529
            ],
            [
              148.834721683615,
              -35.7405339292409
            ],
            [
              148.83410729479,
              -35.7383097792395
            ],
            [
              148.833129478663,
              -35.7364684200338
            ],
            [
              148.832900608745,
              -35.7350033489138
            ],
            [
              148.831489571564,
              -35.7340518051281
            ],
            [
              148.830157599599,
              -35.7321725936361
            ],
            [
              148.829535235694,
              -35.7301649823554
            ],
            [
              148.829207643806,
              -35.7283890645874
            ],
            [
              148.828993252417,
              -35.7277025204078
            ],
            [
              148.827863989035,
              -35.7261666571488
            ],
            [
              148.825883399816,
              -35.7252730824171
            ],
            [
              148.824983355439,
              -35.7250450872063
            ],
            [
              148.823576281626,
              -35.7242121932869
            ],
            [
              148.8231457821,
              -35.7232362346857
            ],
            [
              148.823104730161,
              -35.7225980234373
            ],
            [
              148.822669269194,
              -35.7217572495682
            ],
            [
              148.82249568682,
              -35.7209696405636
            ],
            [
              148.820684862452,
              -35.7195134332295
            ],
            [
              148.818749998899,
              -35.7187163172004
            ],
            [
              148.817278315661,
              -35.7189961329142
            ],
            [
              148.816018771747,
              -35.7194801040429
            ],
            [
              148.814201075904,
              -35.7198678021019
            ],
            [
              148.813310316811,
              -35.7198677409379
            ],
            [
              148.8127760554,
              -35.7197516770689
            ],
            [
              148.811927540707,
              -35.7190613449194
            ],
            [
              148.811510616757,
              -35.7182448065865
            ],
            [
              148.810386092649,
              -35.718043241176
            ],
            [
              148.808559422281,
              -35.7172137016793
            ],
            [
              148.807852030666,
              -35.7162053240934
            ],
            [
              148.807315809495,
              -35.7155524897498
            ],
            [
              148.80641222882,
              -35.7148906875888
            ],
            [
              148.805275123448,
              -35.7140109803191
            ],
            [
              148.804148023725,
              -35.7140179086259
            ],
            [
              148.803141850169,
              -35.713321217178
            ],
            [
              148.802409101561,
              -35.7126284390085
            ],
            [
              148.801795743278,
              -35.7120976310002
            ],
            [
              148.800912211799,
              -35.7117267784658
            ],
            [
              148.800139489036,
              -35.7114363425466
            ],
            [
              148.799465185531,
              -35.710936112163
            ],
            [
              148.798983048069,
              -35.710468850854
            ],
            [
              148.798053780642,
              -35.7102800054186
            ],
            [
              148.796960676047,
              -35.709656297828
            ],
            [
              148.796283628519,
              -35.7093509329309
            ],
            [
              148.79653251818,
              -35.708809965097
            ],
            [
              148.796160199936,
              -35.7079439936307
            ],
            [
              148.795373923018,
              -35.7074142965339
            ],
            [
              148.794270799596,
              -35.7064477439653
            ],
            [
              148.793773338181,
              -35.7061923199747
            ],
            [
              148.79320729544,
              -35.7057383615754
            ],
            [
              148.793316270721,
              -35.705132377643
            ],
            [
              148.792799468031,
              -35.7045884755988
            ],
            [
              148.792100840433,
              -35.7041391212071
            ],
            [
              148.791479563328,
              -35.7037773751253
            ],
            [
              148.791098898642,
              -35.7034242461434
            ],
            [
              148.791111882199,
              -35.7028725285021
            ],
            [
              148.790624009888,
              -35.7023556950638
            ],
            [
              148.790317180904,
              -35.7016709728463
            ],
            [
              148.79012173767,
              -35.701027314672
            ],
            [
              148.78964357819,
              -35.7002658866828
            ],
            [
              148.789276288068,
              -35.699605733001
            ],
            [
              148.788895486543,
              -35.698769720799
            ],
            [
              148.788443319049,
              -35.6978061285279
            ],
            [
              148.788730342144,
              -35.697180869618
            ],
            [
              148.789360757901,
              -35.6964928310017
            ],
            [
              148.789628618271,
              -35.695864935878
            ],
            [
              148.790141729309,
              -35.6952688966878
            ],
            [
              148.790436370412,
              -35.694716341712
            ],
            [
              148.791398364354,
              -35.6933199790189
            ],
            [
              148.791153403133,
              -35.6927431610615
            ],
            [
              148.79116994145,
              -35.6922086245048
            ],
            [
              148.791527328901,
              -35.6917396006718
            ],
            [
              148.791346447965,
              -35.6912781718973
            ],
            [
              148.791168589854,
              -35.690835343503
            ],
            [
              148.791327122261,
              -35.6901269180609
            ],
            [
              148.791376644113,
              -35.6896451427876
            ],
            [
              148.792371255681,
              -35.6893249445128
            ],
            [
              148.792615478593,
              -35.6888172923421
            ],
            [
              148.792915076274,
              -35.6880316163709
            ],
            [
              148.793026977447,
              -35.687438384589
            ],
            [
              148.793249263603,
              -35.6867884038077
            ],
            [
              148.793695688868,
              -35.6861409275776
            ],
            [
              148.794112839188,
              -35.6857093002963
            ],
            [
              148.794572849092,
              -35.685107767027
            ],
            [
              148.795476919655,
              -35.6841349490126
            ],
            [
              148.795683690712,
              -35.6835974157122
            ],
            [
              148.796571043381,
              -35.68265608868
            ],
            [
              148.797142718727,
              -35.6814476798846
            ],
            [
              148.797502830394,
              -35.6804253126828
            ],
            [
              148.797670142908,
              -35.6796617977225
            ],
            [
              148.797530245389,
              -35.679186908215
            ],
            [
              148.797976712587,
              -35.6783862744632
            ],
            [
              148.798154269786,
              -35.6776214490594
            ],
            [
              148.798244601862,
              -35.677104804061
            ],
            [
              148.798389440454,
              -35.6761467076866
            ],
            [
              148.798084738919,
              -35.6753976023282
            ],
            [
              148.798011676615,
              -35.674123216216
            ],
            [
              148.797697825989,
              -35.6732481731321
            ],
            [
              148.797294409746,
              -35.6724512958795
            ],
            [
              148.797171369979,
              -35.6716817982306
            ],
            [
              148.797339154855,
              -35.6709433060583
            ],
            [
              148.797452604986,
              -35.6699821429145
            ],
            [
              148.797533056728,
              -35.6687744096705
            ],
            [
              148.797955207063,
              -35.6679587653845
            ],
            [
              148.798521713109,
              -35.6669781320132
            ],
            [
              148.798449199207,
              -35.6665949838986
            ],
            [
              148.797378603142,
              -35.6659297408631
            ],
            [
              148.796740494494,
              -35.6652713587097
            ],
            [
              148.796336692785,
              -35.6648317646166
            ],
            [
              148.796423169879,
              -35.6642386328427
            ],
            [
              148.794835393826,
              -35.663497839046
            ],
            [
              148.794316346603,
              -35.6628059026957
            ],
            [
              148.793819637168,
              -35.6620944606073
            ],
            [
              148.792627776367,
              -35.6610568557336
            ],
            [
              148.79167680143,
              -35.6600954745703
            ],
            [
              148.790555449075,
              -35.6593191731341
            ],
            [
              148.789786799515,
              -35.6597550803634
            ],
            [
              148.787593223625,
              -35.6605887833484
            ],
            [
              148.787000006216,
              -35.6604390150154
            ],
            [
              148.78634840297,
              -35.6585207199627
            ],
            [
              148.786449111161,
              -35.6578823471435
            ],
            [
              148.786090584226,
              -35.6573918934214
            ],
            [
              148.785231821364,
              -35.657117837799
            ],
            [
              148.784224991888,
              -35.6568464680387
            ],
            [
              148.783343892701,
              -35.6562905731458
            ],
            [
              148.782666966309,
              -35.6561138804264
            ],
            [
              148.781723191404,
              -35.6558168761091
            ],
            [
              148.780961674167,
              -35.6559788247263
            ],
            [
              148.779923284986,
              -35.655976289706
            ],
            [
              148.778280401036,
              -35.6559452968344
            ],
            [
              148.777614894631,
              -35.6558316149817
            ],
            [
              148.776380109554,
              -35.6557973275311
            ],
            [
              148.775324595026,
              -35.6558158798313
            ],
            [
              148.774668784602,
              -35.6556258027356
            ],
            [
              148.773503519381,
              -35.6555008205065
            ],
            [
              148.773081366819,
              -35.6550937435555
            ],
            [
              148.772512535714,
              -35.654259151972
            ],
            [
              148.772205549918,
              -35.6536898808384
            ],
            [
              148.773070944198,
              -35.651971316784
            ],
            [
              148.772957903247,
              -35.6507715995085
            ],
            [
              148.77282891486,
              -35.6500458128861
            ],
            [
              148.771762448812,
              -35.6497385170963
            ],
            [
              148.770188931096,
              -35.6498730591561
            ],
            [
              148.769564384736,
              -35.6495337816911
            ],
            [
              148.768444299438,
              -35.6486246327975
            ],
            [
              148.767964185593,
              -35.647971834336
            ],
            [
              148.767499714979,
              -35.6474119372083
            ],
            [
              148.768111324942,
              -35.6468961537393
            ],
            [
              148.769125174892,
              -35.6458723851992
            ],
            [
              148.770433824933,
              -35.6462612677842
            ],
            [
              148.771362293775,
              -35.6458571537544
            ],
            [
              148.771747312527,
              -35.6448590627266
            ],
            [
              148.77141825858,
              -35.6433537728029
            ],
            [
              148.77170967305,
              -35.6423767178909
            ],
            [
              148.77195980091,
              -35.6412345760821
            ],
            [
              148.771229793362,
              -35.6406601964177
            ],
            [
              148.770858811738,
              -35.6400329799719
            ],
            [
              148.775668722229,
              -35.6365705461672
            ],
            [
              148.77623025446,
              -35.6364538249947
            ],
            [
              148.780380728831,
              -35.6330017169984
            ],
            [
              148.781708041537,
              -35.6308266491831
            ],
            [
              148.782367979384,
              -35.6302550465074
            ],
            [
              148.782962531322,
              -35.6298689300296
            ],
            [
              148.783443762267,
              -35.6285098606852
            ],
            [
              148.78309678866,
              -35.6273856990395
            ],
            [
              148.782361735534,
              -35.6261963222233
            ],
            [
              148.780698828302,
              -35.6259890028256
            ],
            [
              148.780433862064,
              -35.6249926231771
            ],
            [
              148.779622847597,
              -35.6237384229151
            ],
            [
              148.779490973317,
              -35.6226149677586
            ],
            [
              148.779839751595,
              -35.6217264441613
            ],
            [
              148.78062366399,
              -35.620336286861
            ],
            [
              148.780337872068,
              -35.6183015221996
            ],
            [
              148.780389537874,
              -35.6176208987031
            ],
            [
              148.779590051993,
              -35.6161963236976
            ],
            [
              148.779065581111,
              -35.6147984478058
            ],
            [
              148.778176057648,
              -35.6134273659506
            ],
            [
              148.776265731067,
              -35.6116647314429
            ],
            [
              148.774866832926,
              -35.6107126621757
            ],
            [
              148.773721259275,
              -35.6100604946154
            ],
            [
              148.772667341921,
              -35.6094417005491
            ],
            [
              148.771626432981,
              -35.6081509709735
            ],
            [
              148.771015508365,
              -35.6071511102137
            ],
            [
              148.770620645925,
              -35.6063344502872
            ],
            [
              148.769771710918,
              -35.6053602524877
            ],
            [
              148.768896979226,
              -35.6042614483331
            ],
            [
              148.768435225923,
              -35.6033053417567
            ],
            [
              148.769046298263,
              -35.6027515017566
            ],
            [
              148.769587400762,
              -35.6026302955857
            ],
            [
              148.770964127324,
              -35.602061147228
            ],
            [
              148.772164171753,
              -35.6013976643487
            ],
            [
              148.77253249981,
              -35.6003419653238
            ],
            [
              148.773306278675,
              -35.599486467818
            ],
            [
              148.773615883266,
              -35.5985641695968
            ],
            [
              148.774519409904,
              -35.5979989260461
            ],
            [
              148.775592565399,
              -35.5975699802872
            ],
            [
              148.776623657334,
              -35.5973400974807
            ],
            [
              148.778337141575,
              -35.5966280051805
            ],
            [
              148.780256538185,
              -35.5960598273144
            ],
            [
              148.783192843612,
              -35.5954059504799
            ],
            [
              148.783956861243,
              -35.5934271864563
            ],
            [
              148.785655003153,
              -35.5920846815431
            ],
            [
              148.787493934332,
              -35.5906163814718
            ],
            [
              148.788310113928,
              -35.5891293431517
            ],
            [
              148.788774639578,
              -35.5883394608538
            ],
            [
              148.78863342058,
              -35.5878162211384
            ],
            [
              148.788478268749,
              -35.5873463520534
            ],
            [
              148.788211461339,
              -35.5864050660739
            ],
            [
              148.787798147645,
              -35.5861055122664
            ],
            [
              148.787230735111,
              -35.5850962225795
            ],
            [
              148.787068639486,
              -35.5845540212385
            ],
            [
              148.78659880245,
              -35.5836316797553
            ],
            [
              148.786125597204,
              -35.5824735805445
            ],
            [
              148.784976057619,
              -35.5819868653505
            ],
            [
              148.783927568997,
              -35.5816232458678
            ],
            [
              148.782557452527,
              -35.5812527747114
            ],
            [
              148.78220040484,
              -35.5802960607088
            ],
            [
              148.782149022767,
              -35.5792369250827
            ],
            [
              148.781525719382,
              -35.5785867569148
            ],
            [
              148.7806258849,
              -35.5778380080531
            ],
            [
              148.780344672106,
              -35.5772535893476
            ],
            [
              148.779634965557,
              -35.5764889568977
            ],
            [
              148.777076662138,
              -35.573502422533
            ],
            [
              148.775194908803,
              -35.5708626525149
            ],
            [
              148.773624445069,
              -35.5692599514659
            ],
            [
              148.773127951634,
              -35.5682179736491
            ],
            [
              148.772941279097,
              -35.5677975669538
            ],
            [
              148.778525756624,
              -35.5635309844088
            ],
            [
              148.777950448163,
              -35.5585193593356
            ],
            [
              148.777386766249,
              -35.5571180510442
            ],
            [
              148.776872534132,
              -35.5564137804151
            ],
            [
              148.776122840447,
              -35.555073920489
            ],
            [
              148.775423590563,
              -35.5544808391963
            ],
            [
              148.775228507171,
              -35.553153496984
            ],
            [
              148.774683341517,
              -35.5519473641702
            ],
            [
              148.774096076802,
              -35.550598092446
            ],
            [
              148.773239702563,
              -35.5488748027229
            ],
            [
              148.771404813762,
              -35.5473454791055
            ],
            [
              148.769998807709,
              -35.5455800426513
            ],
            [
              148.769674154733,
              -35.5443866715442
            ],
            [
              148.769408520795,
              -35.543692120737
            ],
            [
              148.769659931293,
              -35.5426223792146
            ],
            [
              148.769841251551,
              -35.5419997043089
            ],
            [
              148.769929097773,
              -35.540346697065
            ],
            [
              148.769798758799,
              -35.5381400307188
            ],
            [
              148.769996205285,
              -35.5369923788987
            ],
            [
              148.7702821456,
              -35.5360535047624
            ],
            [
              148.77121852493,
              -35.5344485137804
            ],
            [
              148.771692895972,
              -35.5331353997112
            ],
            [
              148.772197173066,
              -35.5313190391984
            ],
            [
              148.772250044219,
              -35.5298517182282
            ],
            [
              148.77193289111,
              -35.5293662723409
            ],
            [
              148.771494554639,
              -35.5289111050136
            ],
            [
              148.770959867286,
              -35.5282147933894
            ],
            [
              148.769616994511,
              -35.526663043037
            ],
            [
              148.76797364964,
              -35.5249793007692
            ],
            [
              148.767666063919,
              -35.5234589991686
            ],
            [
              148.768009299364,
              -35.5215841463312
            ],
            [
              148.767498921936,
              -35.5201838381225
            ],
            [
              148.767251406106,
              -35.5187000416004
            ],
            [
              148.767167541786,
              -35.5168396053025
            ],
            [
              148.766901817269,
              -35.5153360519044
            ],
            [
              148.76705388822,
              -35.5144522802555
            ],
            [
              148.767247535963,
              -35.5134237701739
            ],
            [
              148.766993602973,
              -35.5120173027229
            ],
            [
              148.766051719686,
              -35.5109005931385
            ],
            [
              148.768321703429,
              -35.5082776412402
            ],
            [
              148.767836216255,
              -35.5070671131018
            ],
            [
              148.766913821504,
              -35.5065051839169
            ],
            [
              148.765189681375,
              -35.5052691719452
            ],
            [
              148.764361567417,
              -35.5031498231656
            ],
            [
              148.764258140397,
              -35.501403451058
            ],
            [
              148.764420676428,
              -35.4996349122297
            ],
            [
              148.764032192196,
              -35.497912022822
            ],
            [
              148.762946963034,
              -35.4965831873038
            ],
            [
              148.762791595256,
              -35.4954986095719
            ],
            [
              148.763707133385,
              -35.4935681940029
            ],
            [
              148.764524095338,
              -35.4918742298485
            ],
            [
              148.765186655178,
              -35.4908962062307
            ],
            [
              148.767008071838,
              -35.4897138643782
            ],
            [
              148.768766988825,
              -35.488781825644
            ],
            [
              148.769847181281,
              -35.4879268492985
            ],
            [
              148.770891029056,
              -35.4878614105029
            ],
            [
              148.77186486142,
              -35.487364197375
            ],
            [
              148.773187092196,
              -35.4866667514483
            ],
            [
              148.773851484458,
              -35.4864381105207
            ],
            [
              148.774382567047,
              -35.4861450544565
            ],
            [
              148.774481294009,
              -35.485633195974
            ],
            [
              148.77447430373,
              -35.4850228812725
            ],
            [
              148.773641309081,
              -35.4838012821029
            ],
            [
              148.7729957944,
              -35.4826349430129
            ],
            [
              148.771918977905,
              -35.4814534456786
            ],
            [
              148.77084317722,
              -35.4800602689634
            ],
            [
              148.770251465059,
              -35.478544636042
            ],
            [
              148.770452760487,
              -35.4770423511562
            ],
            [
              148.770563000087,
              -35.4756060643344
            ],
            [
              148.769336518394,
              -35.4743259773533
            ],
            [
              148.768164565241,
              -35.4724695317088
            ],
            [
              148.766847650856,
              -35.4711951034947
            ],
            [
              148.76686943685,
              -35.4704372653062
            ],
            [
              148.766847492345,
              -35.4689474844616
            ],
            [
              148.766743153121,
              -35.4671810157186
            ],
            [
              148.767153640667,
              -35.4654936117887
            ],
            [
              148.769018231715,
              -35.4649091617897
            ],
            [
              148.770214408137,
              -35.4638403804958
            ],
            [
              148.771685284107,
              -35.463476714104
            ],
            [
              148.772878231307,
              -35.4623907927917
            ],
            [
              148.772708789157,
              -35.4608909548877
            ],
            [
              148.772984334943,
              -35.4602755058953
            ],
            [
              148.773452612958,
              -35.459219560275
            ],
            [
              148.774679299261,
              -35.4576933841082
            ],
            [
              148.774909698339,
              -35.4560578074403
            ],
            [
              148.775986940091,
              -35.4548871532792
            ],
            [
              148.775113836399,
              -35.4540667215218
            ],
            [
              148.774618146909,
              -35.4528386858294
            ],
            [
              148.773756784878,
              -35.4516432534784
            ],
            [
              148.773015361352,
              -35.449497324363
            ],
            [
              148.773886910221,
              -35.4477065100028
            ],
            [
              148.774294910537,
              -35.4469682131184
            ],
            [
              148.774599433123,
              -35.4460833575056
            ],
            [
              148.774354995182,
              -35.4441166358014
            ],
            [
              148.774842094926,
              -35.4418345319371
            ],
            [
              148.777711619498,
              -35.4400417648767
            ],
            [
              148.778692099068,
              -35.4375550666013
            ],
            [
              148.780281752375,
              -35.4352138437723
            ],
            [
              148.781028927655,
              -35.4333395319846
            ],
            [
              148.783557072871,
              -35.4327273456612
            ],
            [
              148.784206825346,
              -35.4323735140925
            ],
            [
              148.785082236262,
              -35.4315706089508
            ],
            [
              148.785329315642,
              -35.430368428019
            ],
            [
              148.786211837568,
              -35.4290118382801
            ],
            [
              148.787349333207,
              -35.4275657927137
            ],
            [
              148.788335371576,
              -35.4269189898761
            ],
            [
              148.788918190319,
              -35.4264952256957
            ],
            [
              148.788571974451,
              -35.4259691539516
            ],
            [
              148.788336980629,
              -35.424838831955
            ],
            [
              148.787612981276,
              -35.4231982181434
            ],
            [
              148.788883880662,
              -35.4220907282418
            ],
            [
              148.788909030342,
              -35.421062987912
            ],
            [
              148.789325931149,
              -35.4196258721024
            ],
            [
              148.788928234769,
              -35.4180060804198
            ],
            [
              148.789719761106,
              -35.4170301737587
            ],
            [
              148.790159421658,
              -35.4156502290488
            ],
            [
              148.788768178564,
              -35.4147776704195
            ],
            [
              148.787212005383,
              -35.4141271790261
            ],
            [
              148.78628842074,
              -35.4127907836801
            ],
            [
              148.785779218107,
              -35.410681987876
            ],
            [
              148.785796046584,
              -35.4089108255371
            ],
            [
              148.787509251518,
              -35.4085595526993
            ],
            [
              148.788319933917,
              -35.4082214743741
            ],
            [
              148.790212890398,
              -35.4079162707294
            ],
            [
              148.792526331567,
              -35.4073914176346
            ],
            [
              148.795311881109,
              -35.4070987501511
            ],
            [
              148.7959780306,
              -35.4066370406146
            ],
            [
              148.796194880386,
              -35.4059778596987
            ],
            [
              148.796089947406,
              -35.4049511466018
            ],
            [
              148.796357961424,
              -35.4038518781015
            ],
            [
              148.795826370748,
              -35.4024629676556
            ],
            [
              148.79612813239,
              -35.4014712899719
            ],
            [
              148.795691456975,
              -35.400142379116
            ],
            [
              148.796071644651,
              -35.3985070091938
            ],
            [
              148.795817519729,
              -35.3964592000961
            ],
            [
              148.795855946878,
              -35.3944179861169
            ],
            [
              148.795688671155,
              -35.3930032730204
            ],
            [
              148.79672387862,
              -35.3917174535593
            ],
            [
              148.799411301255,
              -35.3902411632858
            ],
            [
              148.801148291461,
              -35.3897215808379
            ],
            [
              148.802101746284,
              -35.3893482860645
            ],
            [
              148.803611436379,
              -35.3888203742517
            ],
            [
              148.80476588258,
              -35.3870059717231
            ],
            [
              148.804788801277,
              -35.3851106180031
            ],
            [
              148.806061004526,
              -35.3840565137872
            ],
            [
              148.807872209049,
              -35.3829642086883
            ],
            [
              148.808660981433,
              -35.3824547762235
            ],
            [
              148.80871664782,
              -35.3815955604619
            ],
            [
              148.808633454102,
              -35.3806654588401
            ],
            [
              148.80786357603,
              -35.3799264826072
            ],
            [
              148.806924282275,
              -35.379296317121
            ],
            [
              148.805298895144,
              -35.3789143046025
            ],
            [
              148.804583145554,
              -35.3776860373368
            ],
            [
              148.804065756281,
              -35.376204071256
            ],
            [
              148.804165853596,
              -35.3752238550501
            ],
            [
              148.803908441824,
              -35.3740431619201
            ],
            [
              148.803927411658,
              -35.3723088694489
            ],
            [
              148.804287472134,
              -35.3703288812628
            ],
            [
              148.80423407408,
              -35.3693812178584
            ],
            [
              148.804432293649,
              -35.3683553650073
            ],
            [
              148.805014155136,
              -35.3674752886003
            ],
            [
              148.80572875765,
              -35.3661052449951
            ],
            [
              148.80569770426,
              -35.3651558035949
            ],
            [
              148.80491191451,
              -35.3646908634668
            ],
            [
              148.803286519702,
              -35.3631920713783
            ],
            [
              148.801489498298,
              -35.362610083381
            ],
            [
              148.800737021479,
              -35.36168482123
            ],
            [
              148.800789484352,
              -35.360281154202
            ],
            [
              148.79955448114,
              -35.3589719326682
            ],
            [
              148.796699911669,
              -35.3584141036176
            ],
            [
              148.79769181181,
              -35.3568189793556
            ],
            [
              148.798685353503,
              -35.355663079759
            ],
            [
              148.799245678131,
              -35.3542931815108
            ],
            [
              148.79939860361,
              -35.353388703705
            ],
            [
              148.79929596994,
              -35.3503704922912
            ],
            [
              148.798730428564,
              -35.3481499486671
            ],
            [
              148.796905459801,
              -35.3463913118401
            ],
            [
              148.796665778571,
              -35.3458645997882
            ],
            [
              148.796033267571,
              -35.3436503634162
            ],
            [
              148.795495274338,
              -35.3419322865666
            ],
            [
              148.793548009599,
              -35.3391223170096
            ],
            [
              148.79437343449,
              -35.3381583989186
            ],
            [
              148.795270717981,
              -35.3364877289005
            ],
            [
              148.797654638771,
              -35.3338280031982
            ],
            [
              148.798506270884,
              -35.3320899373571
            ],
            [
              148.800397433225,
              -35.3304818059504
            ],
            [
              148.801713446868,
              -35.3291749573748
            ],
            [
              148.802137516478,
              -35.3265614758156
            ],
            [
              148.80228733744,
              -35.3256242110327
            ],
            [
              148.802084710023,
              -35.3243451202285
            ],
            [
              148.801069729737,
              -35.3217715138635
            ],
            [
              148.802838409454,
              -35.3198197459152
            ],
            [
              148.803470796858,
              -35.3180607859605
            ],
            [
              148.803730115086,
              -35.3167682015752
            ],
            [
              148.805318728726,
              -35.3146961284376
            ],
            [
              148.806989300138,
              -35.311624711977
            ],
            [
              148.807337473723,
              -35.3109382237688
            ],
            [
              148.807799805259,
              -35.3104027911502
            ],
            [
              148.807961404878,
              -35.3097865953727
            ],
            [
              148.809672100009,
              -35.3081091134145
            ],
            [
              148.810134017208,
              -35.3074491700638
            ],
            [
              148.827824175637,
              -35.3063142861035
            ],
            [
              148.83905484269,
              -35.3079047328167
            ],
            [
              148.839036998295,
              -35.3079140178961
            ],
            [
              148.838937009307,
              -35.3079884872474
            ],
            [
              148.838797437777,
              -35.3081015405848
            ],
            [
              148.838782734833,
              -35.3082595197853
            ],
            [
              148.838793411662,
              -35.3083609567518
            ],
            [
              148.838878502332,
              -35.3085135855647
            ],
            [
              148.838913405903,
              -35.3085782271639
            ],
            [
              148.838980213556,
              -35.3086051803725
            ],
            [
              148.839156411354,
              -35.308722833349
            ],
            [
              148.83943258377,
              -35.3087714024129
            ],
            [
              148.839684416687,
              -35.3088971589717
            ],
            [
              148.839741089737,
              -35.3090183599701
            ],
            [
              148.839883266235,
              -35.3091476690488
            ],
            [
              148.839990317814,
              -35.3092904307724
            ],
            [
              148.840103158101,
              -35.3093245802106
            ],
            [
              148.840277427128,
              -35.3093497734188
            ],
            [
              148.840515270558,
              -35.3093821691644
            ],
            [
              148.840735571633,
              -35.3094145592841
            ],
            [
              148.840964462463,
              -35.3095115813801
            ],
            [
              148.841126615076,
              -35.3095565177261
            ],
            [
              148.841330330633,
              -35.309638270853
            ],
            [
              148.841616230206,
              -35.309738901304
            ],
            [
              148.841710406228,
              -35.3097820190036
            ],
            [
              148.84182417879,
              -35.3098754109666
            ],
            [
              148.842020104894,
              -35.3099984522997
            ],
            [
              148.84215459656,
              -35.3101331416069
            ],
            [
              148.842319895137,
              -35.3102301402061
            ],
            [
              148.842435919573,
              -35.3103028870988
            ],
            [
              148.842526657221,
              -35.3103998614657
            ],
            [
              148.84262380287,
              -35.3105578770477
            ],
            [
              148.842667410194,
              -35.3106485529695
            ],
            [
              148.842811971822,
              -35.310711434365
            ],
            [
              148.843016801009,
              -35.3107886968413
            ],
            [
              148.843229446012,
              -35.3108156933385
            ],
            [
              148.843392714188,
              -35.3108552408841
            ],
            [
              148.843509903957,
              -35.3109037508271
            ],
            [
              148.843607442716,
              -35.3109217339334
            ],
            [
              148.843761988754,
              -35.3109433254606
            ],
            [
              148.84387492843,
              -35.3109433608674
            ],
            [
              148.843968270048,
              -35.3108931222366
            ],
            [
              148.844117383219,
              -35.3108967590377
            ],
            [
              148.844276044961,
              -35.3110161945278
            ],
            [
              148.844369871443,
              -35.3111867744639
            ],
            [
              148.844413301097,
              -35.3113420794199
            ],
            [
              148.844451260525,
              -35.3114928942979
            ],
            [
              148.844452003807,
              -35.3116203600079
            ],
            [
              148.844416630006,
              -35.3117235771767
            ],
            [
              148.844373642419,
              -35.3118043512301
            ],
            [
              148.844319604409,
              -35.311915642449
            ],
            [
              148.844277610704,
              -35.312033219353
            ],
            [
              148.844277093416,
              -35.312219928343
            ],
            [
              148.844291071922,
              -35.3123195706985
            ],
            [
              148.844349028228,
              -35.3123770378304
            ],
            [
              148.844416902625,
              -35.3124165544772
            ],
            [
              148.844494581358,
              -35.3124794129486
            ],
            [
              148.844546058044,
              -35.3125009721926
            ],
            [
              148.844604099107,
              -35.3125279189288
            ],
            [
              148.844658954369,
              -35.312517164015
            ],
            [
              148.844798366813,
              -35.3124615535214
            ],
            [
              148.844904937745,
              -35.3123861837541
            ],
            [
              148.845007994973,
              -35.3123916005361
            ],
            [
              148.845085788685,
              -35.3124131680838
            ],
            [
              148.845164623908,
              -35.3124544832682
            ],
            [
              148.845244594656,
              -35.3124814366456
            ],
            [
              148.845296111456,
              -35.3124886325029
            ],
            [
              148.84540673166,
              -35.3125353430796
            ],
            [
              148.845505393047,
              -35.3125443488608
            ],
            [
              148.845631458329,
              -35.3125569534368
            ],
            [
              148.845750978601,
              -35.3125569893599
            ],
            [
              148.845850812028,
              -35.3125390659629
            ],
            [
              148.845896968711,
              -35.3125013790505
            ],
            [
              148.845950915541,
              -35.3124224024896
            ],
            [
              148.845952420623,
              -35.3122742923772
            ],
            [
              148.845906736701,
              -35.3121396335031
            ],
            [
              148.845838012966,
              -35.3120103525022
            ],
            [
              148.845819656023,
              -35.3119071187506
            ],
            [
              148.845819740043,
              -35.3118765993995
            ],
            [
              148.845795770485,
              -35.3118209382167
            ],
            [
              148.845796037662,
              -35.3117239941239
            ],
            [
              148.845905049093,
              -35.3115579624143
            ],
            [
              148.846000646714,
              -35.3114843847417
            ],
            [
              148.846124852862,
              -35.311374908883
            ],
            [
              148.846245860932,
              -35.3112322202843
            ],
            [
              148.846435851712,
              -35.3111245585173
            ],
            [
              148.846598468674,
              -35.3110025266281
            ],
            [
              148.846747909784,
              -35.3108867748999
            ],
            [
              148.846817117623,
              -35.3108401176703
            ],
            [
              148.846992920005,
              -35.3107073177643
            ],
            [
              148.847177498051,
              -35.3105736217135
            ],
            [
              148.847333440363,
              -35.3104856978774
            ],
            [
              148.847477345896,
              -35.3103887936329
            ],
            [
              148.84759822718,
              -35.3102909843669
            ],
            [
              148.847658661587,
              -35.3102443246222
            ],
            [
              148.847745367225,
              -35.3102138291176
            ],
            [
              148.847877082658,
              -35.3101635977895
            ],
            [
              148.848052711167,
              -35.310093631031
            ],
            [
              148.84819877413,
              -35.3100092938017
            ],
            [
              148.848367991534,
              -35.309877386871
            ],
            [
              148.848516354385,
              -35.3097535536541
            ],
            [
              148.848610783942,
              -35.3097051069523
            ],
            [
              148.848817163442,
              -35.3096162963577
            ],
            [
              148.849032351501,
              -35.3095140241098
            ],
            [
              148.849232066454,
              -35.3094566288742
            ],
            [
              148.849426439409,
              -35.3093471690134
            ],
            [
              148.849554967078,
              -35.3092583365004
            ],
            [
              148.849747015844,
              -35.3091973478748
            ],
            [
              148.849945642432,
              -35.309136360163
            ],
            [
              148.850122402501,
              -35.3090520287141
            ],
            [
              148.850246582969,
              -35.3089488319489
            ],
            [
              148.850439755467,
              -35.3088770714613
            ],
            [
              148.850684364391,
              -35.308841228577
            ],
            [
              148.850907344782,
              -35.3086940722577
            ],
            [
              148.851062076468,
              -35.3086456388971
            ],
            [
              148.851262807513,
              -35.3086169650057
            ],
            [
              148.851661038794,
              -35.3085371740801
            ],
            [
              148.851792884291,
              -35.3084366711613
            ],
            [
              148.851997018281,
              -35.3083649107003
            ],
            [
              148.852291338429,
              -35.3081899427045
            ],
            [
              148.852555796727,
              -35.308111013841
            ],
            [
              148.852704915167,
              -35.3081110491961
            ],
            [
              148.852904743898,
              -35.3080087666398
            ],
            [
              148.853047460334,
              -35.3079423750318
            ],
            [
              148.853261305845,
              -35.3079289600515
            ],
            [
              148.853420368606,
              -35.3079002731693
            ],
            [
              148.853604630298,
              -35.3078787726499
            ],
            [
              148.85371078808,
              -35.3079533016207
            ],
            [
              148.853883847758,
              -35.3080215612035
            ],
            [
              148.854020691477,
              -35.3081023808672
            ],
            [
              148.854082922111,
              -35.3082029299736
            ],
            [
              148.854149533413,
              -35.3083061741752
            ],
            [
              148.854284179582,
              -35.3083887870366
            ],
            [
              148.854400313588,
              -35.3084229239146
            ],
            [
              148.854662354811,
              -35.3084283684147
            ],
            [
              148.854836782731,
              -35.3083942970412
            ],
            [
              148.855013403529,
              -35.3083602251262
            ],
            [
              148.855151558133,
              -35.3083602552969
            ],
            [
              148.8553609206,
              -35.3083836395307
            ],
            [
              148.85553729582,
              -35.308442922377
            ],
            [
              148.855643548278,
              -35.3084824413567
            ],
            [
              148.855762531272,
              -35.3086844359658
            ],
            [
              148.855836774928,
              -35.3088047354593
            ],
            [
              148.85584969245,
              -35.308896297681
            ],
            [
              148.85581879449,
              -35.308970794739
            ],
            [
              148.855811984727,
              -35.3090587615435
            ],
            [
              148.855887528083,
              -35.3091018647286
            ],
            [
              148.855859880118,
              -35.3091916227516
            ],
            [
              148.855854307892,
              -35.309225731504
            ],
            [
              148.855857350019,
              -35.3093199849591
            ],
            [
              148.855949316967,
              -35.3093720677347
            ],
            [
              148.856005142532,
              -35.3094079844644
            ],
            [
              148.856036751856,
              -35.3094798026472
            ],
            [
              148.856069472188,
              -35.3095462350934
            ],
            [
              148.856141839542,
              -35.3095462500001
            ],
            [
              148.856324814448,
              -35.3095983514165
            ],
            [
              148.856451017954,
              -35.3095570864517
            ],
            [
              148.856525602001,
              -35.3095481256174
            ],
            [
              148.856580459706,
              -35.3095355703356
            ],
            [
              148.85668450773,
              -35.3095804737574
            ],
            [
              148.856671260046,
              -35.3096145814217
            ],
            [
              148.856741282205,
              -35.3096729417623
            ],
            [
              148.85682007316,
              -35.3097322023412
            ],
            [
              148.856918517002,
              -35.3098237813915
            ],
            [
              148.856923769331,
              -35.3099117513702
            ],
            [
              148.856880759938,
              -35.3100059945195
            ],
            [
              148.856774227206,
              -35.3100723983502
            ],
            [
              148.856693025482,
              -35.3100957206345
            ],
            [
              148.85660303397,
              -35.3101262215873
            ],
            [
              148.856578779745,
              -35.310176484378
            ],
            [
              148.856558797781,
              -35.3102698346418
            ],
            [
              148.856572903659,
              -35.3103263888505
            ],
            [
              148.856634090952,
              -35.3104089839748
            ],
            [
              148.856727217715,
              -35.3104377281891
            ],
            [
              148.856799426033,
              -35.3104987820566
            ],
            [
              148.856855192389,
              -35.3105580374299
            ],
            [
              148.85687262355,
              -35.3106011283183
            ],
            [
              148.856834993093,
              -35.3107348682081
            ],
            [
              148.856792102513,
              -35.310783332032
            ],
            [
              148.856666965153,
              -35.3108353697198
            ],
            [
              148.856536397167,
              -35.3108676577161
            ],
            [
              148.856394742471,
              -35.3109466208366
            ],
            [
              148.856352870576,
              -35.3110247060728
            ],
            [
              148.856352621158,
              -35.3111198556698
            ],
            [
              148.856392913673,
              -35.311225786261
            ],
            [
              148.856476054209,
              -35.3112994093747
            ],
            [
              148.85656907174,
              -35.3113703420026
            ],
            [
              148.856644574593,
              -35.3114296026702
            ],
            [
              148.856722252257,
              -35.3114960440024
            ],
            [
              148.856817451584,
              -35.3115714650402
            ],
            [
              148.856841419304,
              -35.3116307138805
            ],
            [
              148.856874073143,
              -35.3117231772284
            ],
            [
              148.856989940778,
              -35.3118614370703
            ],
            [
              148.85712365469,
              -35.3118848036391
            ],
            [
              148.857260605099,
              -35.311927917232
            ],
            [
              148.857344711554,
              -35.3120527061547
            ],
            [
              148.857443186439,
              -35.3121335135289
            ],
            [
              148.857493339833,
              -35.3122430353809
            ],
            [
              148.857510671207,
              -35.3123247243796
            ],
            [
              148.857482845439,
              -35.3124827031098
            ],
            [
              148.857416820088,
              -35.3125724534076
            ],
            [
              148.85727414137,
              -35.3126226931428
            ],
            [
              148.857177647569,
              -35.3126226736788
            ],
            [
              148.857029768023,
              -35.3125651941959
            ],
            [
              148.856922317673,
              -35.3125615825217
            ],
            [
              148.856880660044,
              -35.3125579833869
            ],
            [
              148.856791850485,
              -35.3125543746513
            ],
            [
              148.856698575775,
              -35.3125812839174
            ],
            [
              148.856638150272,
              -35.3126261539174
            ],
            [
              148.856610698851,
              -35.3126405106267
            ],
            [
              148.856503225886,
              -35.3126458737509
            ],
            [
              148.856390340801,
              -35.3126243070729
            ],
            [
              148.856301532274,
              -35.3126206979617
            ],
            [
              148.856163174811,
              -35.3126951728318
            ],
            [
              148.856083020707,
              -35.3127364472325
            ],
            [
              148.856076204851,
              -35.312826209963
            ],
            [
              148.856157229706,
              -35.312871109346
            ],
            [
              148.85622065386,
              -35.3129375471517
            ],
            [
              148.856271910526,
              -35.3130443777077
            ],
            [
              148.856318796818,
              -35.3131449231059
            ],
            [
              148.856313088115,
              -35.3132310951379
            ],
            [
              148.856399558477,
              -35.3132903569877
            ],
            [
              148.856526485384,
              -35.3133936119122
            ],
            [
              148.856613046311,
              -35.3134187633825
            ],
            [
              148.856644789006,
              -35.3134403139724
            ],
            [
              148.856842950293,
              -35.3135588427831
            ],
            [
              148.856958029984,
              -35.3135804095589
            ],
            [
              148.857189182921,
              -35.3136630392613
            ],
            [
              148.857292250941,
              -35.3136657533603
            ],
            [
              148.857416022943,
              -35.3137178411696
            ],
            [
              148.857492700793,
              -35.3137483763879
            ],
            [
              148.857582556208,
              -35.3137717329519
            ],
            [
              148.857699744909,
              -35.3138256138171
            ],
            [
              148.857789497548,
              -35.3138884664163
            ],
            [
              148.857844151056,
              -35.313954902888
            ],
            [
              148.857864833066,
              -35.3140132535612
            ],
            [
              148.857837190995,
              -35.3141012160078
            ],
            [
              148.857837088108,
              -35.3141407121995
            ],
            [
              148.857762462316,
              -35.3141640360546
            ],
            [
              148.857608903727,
              -35.3141801633079
            ],
            [
              148.857520013917,
              -35.3142070752616
            ],
            [
              148.857368508564,
              -35.3142770601438
            ],
            [
              148.857257677272,
              -35.3143075581856
            ],
            [
              148.857182922969,
              -35.3143802519288
            ],
            [
              148.857149768358,
              -35.3144789848591
            ],
            [
              148.857142873905,
              -35.3145992668091
            ],
            [
              148.857163406492,
              -35.3147150668522
            ],
            [
              148.85716317143,
              -35.3148048303712
            ],
            [
              148.857152139939,
              -35.3148299625614
            ],
            [
              148.857082940161,
              -35.3148748305601
            ],
            [
              148.857061903132,
              -35.3149520225524
            ],
            [
              148.857061695175,
              -35.3150319129021
            ],
            [
              148.857108715556,
              -35.3150821896761
            ],
            [
              148.857108475324,
              -35.3151737491356
            ],
            [
              148.857057653942,
              -35.3153191565531
            ],
            [
              148.857029979392,
              -35.3154187888344
            ],
            [
              148.857020958001,
              -35.3155139360849
            ],
            [
              148.857015197816,
              -35.3156198562058
            ],
            [
              148.857045599065,
              -35.315735657904
            ],
            [
              148.857090397968,
              -35.3157967061274
            ],
            [
              148.85716376948,
              -35.3158344225819
            ],
            [
              148.857197701379,
              -35.315857767688
            ],
            [
              148.857290764202,
              -35.3159134403851
            ],
            [
              148.857364276755,
              -35.315897297532
            ],
            [
              148.857472770976,
              -35.315922452998
            ],
            [
              148.8575812418,
              -35.3159565844431
            ],
            [
              148.857687390546,
              -35.3160400863687
            ],
            [
              148.857793696917,
              -35.316063445943
            ],
            [
              148.857877007783,
              -35.3160742335017
            ],
            [
              148.858005222352,
              -35.3161065744649
            ],
            [
              148.858129144027,
              -35.316103007191
            ],
            [
              148.858288202418,
              -35.3160814954346
            ],
            [
              148.858372787784,
              -35.3160240625771
            ],
            [
              148.858479338412,
              -35.3159531691615
            ],
            [
              148.858619839069,
              -35.3158993381554
            ],
            [
              148.8587514499,
              -35.3158903870365
            ],
            [
              148.858869884051,
              -35.3158886136072
            ],
            [
              148.858961916167,
              -35.3159191506331
            ],
            [
              148.859046235581,
              -35.3159640487067
            ],
            [
              148.859177503762,
              -35.3160863257978
            ],
            [
              148.859193702338,
              -35.3161839972338
            ],
            [
              148.859228499991,
              -35.3162971063243
            ],
            [
              148.85920081367,
              -35.3164021250234
            ],
            [
              148.859143512689,
              -35.3165098305082
            ],
            [
              148.859050968605,
              -35.3166767744434
            ],
            [
              148.859020001113,
              -35.3167782013492
            ],
            [
              148.858987971859,
              -35.3168661638748
            ],
            [
              148.85897782878,
              -35.3169720838196
            ],
            [
              148.858956786589,
              -35.3170519699741
            ],
            [
              148.858956591117,
              -35.3171273713231
            ],
            [
              148.859014453717,
              -35.317226122151
            ],
            [
              148.859074579602,
              -35.3172979443546
            ],
            [
              148.859145681152,
              -35.3173661781814
            ],
            [
              148.859251759572,
              -35.3174784027463
            ],
            [
              148.859332619002,
              -35.3175897250332
            ],
            [
              148.859380636893,
              -35.3176794972227
            ],
            [
              148.859414284778,
              -35.3178132519981
            ],
            [
              148.859420539311,
              -35.3179389221397
            ],
            [
              148.859475966929,
              -35.3181319244971
            ],
            [
              148.859527037949,
              -35.3183132567183
            ],
            [
              148.859595707673,
              -35.3184739470153
            ],
            [
              148.859699541939,
              -35.3186068157184
            ],
            [
              148.859778330899,
              -35.3186714599399
            ],
            [
              148.859875772682,
              -35.3187316195422
            ],
            [
              148.860046629948,
              -35.3188142326807
            ],
            [
              148.860238337248,
              -35.318891464364
            ],
            [
              148.860354456559,
              -35.3189381619534
            ],
            [
              148.860519900721,
              -35.318993844043
            ],
            [
              148.86066887167,
              -35.3190593979864
            ],
            [
              148.860832108874,
              -35.3191204651397
            ],
            [
              148.860921607128,
              -35.3192856463682
            ],
            [
              148.860990462423,
              -35.3193754216012
            ],
            [
              148.860990147165,
              -35.3194983979759
            ],
            [
              148.860915249719,
              -35.319625850179
            ],
            [
              148.86087215712,
              -35.3197524097117
            ],
            [
              148.860864235578,
              -35.3198475573232
            ],
            [
              148.860869377973,
              -35.3199804089548
            ],
            [
              148.860924952964,
              -35.3201177572408
            ],
            [
              148.861008115977,
              -35.3201877875674
            ],
            [
              148.861112258336,
              -35.3202021674607
            ],
            [
              148.861216437779,
              -35.3202021843007
            ],
            [
              148.861404946388,
              -35.3202453031508
            ],
            [
              148.861534348523,
              -35.3202453243612
            ],
            [
              148.861568260546,
              -35.3202776450893
            ],
            [
              148.861667810646,
              -35.3203728116618
            ],
            [
              148.861669674734,
              -35.3205011735788
            ],
            [
              148.861678062659,
              -35.3206519788532
            ],
            [
              148.861767694675,
              -35.3207659932648
            ],
            [
              148.861804879162,
              -35.3208054956454
            ],
            [
              148.861950597696,
              -35.320857582175
            ],
            [
              148.862126058571,
              -35.3208576108466
            ],
            [
              148.862232381371,
              -35.3208773762059
            ],
            [
              148.862384923384,
              -35.320834313431
            ],
            [
              148.862538653457,
              -35.3207553455737
            ],
            [
              148.862683575428,
              -35.3206898415847
            ],
            [
              148.8627384434,
              -35.320675487405
            ],
            [
              148.862917193901,
              -35.3206755156248
            ],
            [
              148.86305869088,
              -35.320662970678
            ],
            [
              148.863304344959,
              -35.3206594175434
            ],
            [
              148.863509493121,
              -35.3206289284204
            ],
            [
              148.863715686208,
              -35.3206181872329
            ],
            [
              148.863910885741,
              -35.3206182163929
            ],
            [
              148.864044666249,
              -35.320621826725
            ],
            [
              148.864213537468,
              -35.3206254411385
            ],
            [
              148.864303456527,
              -35.3206272493273
            ],
            [
              148.86447991004,
              -35.3206685658873
            ],
            [
              148.864653176958,
              -35.3206685904768
            ],
            [
              148.864703613608,
              -35.3206721884557
            ],
            [
              148.864777350137,
              -35.3205680728614
            ],
            [
              148.864867745631,
              -35.3203804784463
            ],
            [
              148.864895500999,
              -35.3202458366452
            ],
            [
              148.864954207473,
              -35.3200133567329
            ],
            [
              148.865017212367,
              -35.3198158847554
            ],
            [
              148.865081234544,
              -35.3196498309307
            ],
            [
              148.865190395001,
              -35.3194128688699
            ],
            [
              148.8653223792,
              -35.3192575961524
            ],
            [
              148.865521163558,
              -35.3191391343551
            ],
            [
              148.865694567324,
              -35.3190835035244
            ],
            [
              148.865848173179,
              -35.3190512087128
            ],
            [
              148.865984168304,
              -35.3190449433781
            ],
            [
              148.866162716149,
              -35.3191248560442
            ],
            [
              148.866345741137,
              -35.3191679652991
            ],
            [
              148.866528862144,
              -35.3191733741358
            ],
            [
              148.86676479438,
              -35.3191087741638
            ],
            [
              148.866905404024,
              -35.319010948595
            ],
            [
              148.867091133516,
              -35.3188493959031
            ],
            [
              148.867256055456,
              -35.3186761712261
            ],
            [
              148.867373950485,
              -35.3184517758966
            ],
            [
              148.867515856012,
              -35.3182731627596
            ],
            [
              148.867562293079,
              -35.3181205697474
            ],
            [
              148.867583456074,
              -35.3179886193324
            ],
            [
              148.867611273259,
              -35.317827047088
            ],
            [
              148.867648951724,
              -35.3176681695223
            ],
            [
              148.867676839498,
              -35.3174778732109
            ],
            [
              148.867725577236,
              -35.3172812964729
            ],
            [
              148.867882892545,
              -35.3170784477101
            ],
            [
              148.868030219658,
              -35.3169231730321
            ],
            [
              148.868198236379,
              -35.3168262468157
            ],
            [
              148.868378342819,
              -35.3167185503644
            ],
            [
              148.868502431311,
              -35.3166476503181
            ],
            [
              148.868681444079,
              -35.3165381573399
            ],
            [
              148.86882639045,
              -35.3164573854429
            ],
            [
              148.869031512032,
              -35.3164322733051
            ],
            [
              148.869203701109,
              -35.3164215194825
            ],
            [
              148.869372528941,
              -35.3164394898631
            ],
            [
              148.8696424956,
              -35.3163542411702
            ],
            [
              148.869812688906,
              -35.3162626982171
            ],
            [
              148.869912617596,
              -35.3162052589674
            ],
            [
              148.869971916694,
              -35.3161711551755
            ],
            [
              148.870102591615,
              -35.3160994015439
            ],
            [
              148.870157780777,
              -35.31594945612
            ],
            [
              148.870196443369,
              -35.3158345620653
            ],
            [
              148.870253693479,
              -35.3157412129189
            ],
            [
              148.870352707102,
              -35.3156092691771
            ],
            [
              148.870407663152,
              -35.3155572106641
            ],
            [
              148.870519775799,
              -35.3154495047553
            ],
            [
              148.870643961909,
              -35.315337311577
            ],
            [
              148.870751653161,
              -35.3152439668392
            ],
            [
              148.870931764909,
              -35.3151308798986
            ],
            [
              148.871131583526,
              -35.3150303624903
            ],
            [
              148.871356432343,
              -35.3150079405116
            ],
            [
              148.871516550423,
              -35.3149989777511
            ],
            [
              148.871663342282,
              -35.3150591318469
            ],
            [
              148.871695077177,
              -35.3150860634008
            ],
            [
              148.871829738536,
              -35.3151740426111
            ],
            [
              148.871941408747,
              -35.3152476583271
            ],
            [
              148.872054248755,
              -35.3152907541458
            ],
            [
              148.872272446689,
              -35.3152979524546
            ],
            [
              148.87244021964,
              -35.3152979645942
            ],
            [
              148.872614763632,
              -35.3152189862975
            ],
            [
              148.872721142738,
              -35.3152136077156
            ],
            [
              148.872852673815,
              -35.3152369562598
            ],
            [
              148.872945781123,
              -35.3152782545841
            ],
            [
              148.873121182023,
              -35.3152980147368
            ],
            [
              148.873193546674,
              -35.3153016102053
            ],
            [
              148.873358091202,
              -35.3152764875928
            ],
            [
              148.873457011053,
              -35.3151813453373
            ],
            [
              148.873598713126,
              -35.3150790235979
            ],
            [
              148.873692173452,
              -35.3149740056067
            ],
            [
              148.873734097633,
              -35.3148680870106
            ],
            [
              148.873785873172,
              -35.3147693505894
            ],
            [
              148.873834341883,
              -35.3146777947538
            ],
            [
              148.873924438256,
              -35.3146032961424
            ],
            [
              148.874042957181,
              -35.3145656028823
            ],
            [
              148.874140609396,
              -35.3145404749844
            ],
            [
              148.874225044441,
              -35.3145404803075
            ],
            [
              148.874320331589,
              -35.314587162912
            ],
            [
              148.874335592839,
              -35.3146248647096
            ],
            [
              148.874422138442,
              -35.3146589801339
            ],
            [
              148.874596532734,
              -35.3146410380181
            ],
            [
              148.874774195183,
              -35.3146320720426
            ],
            [
              148.874961795244,
              -35.3145943810956
            ],
            [
              148.875137289474,
              -35.3145746424116
            ],
            [
              148.875337820374,
              -35.3146321021226
            ],
            [
              148.875458346863,
              -35.3146716045888
            ],
            [
              148.875667468649,
              -35.3148053635482
            ],
            [
              148.875730837196,
              -35.3149023113654
            ],
            [
              148.87580403849,
              -35.3150145201158
            ],
            [
              148.87590152864,
              -35.3150576116043
            ],
            [
              148.876042834576,
              -35.3151204526989
            ],
            [
              148.87617314127,
              -35.3151976554141
            ],
            [
              148.876389890774,
              -35.3153529567757
            ],
            [
              148.876549651396,
              -35.3154947900084
            ],
            [
              148.876674463082,
              -35.3155773784949
            ],
            [
              148.876804758086,
              -35.3156599664561
            ],
            [
              148.87691973268,
              -35.3157290888208
            ],
            [
              148.877028254335,
              -35.3157452505159
            ],
            [
              148.877154320804,
              -35.3157614128214
            ],
            [
              148.877326451338,
              -35.3157739864045
            ],
            [
              148.877413017017,
              -35.3158009186013
            ],
            [
              148.877530204444,
              -35.3158619616055
            ],
            [
              148.877550971786,
              -35.3158906874018
            ],
            [
              148.877559697549,
              -35.3159104352258
            ],
            [
              148.877677677833,
              -35.3161078887643
            ],
            [
              148.877726808691,
              -35.3161914019746
            ],
            [
              148.877812090991,
              -35.3162973264789
            ],
            [
              148.877897401728,
              -35.3163915810068
            ],
            [
              148.877992544731,
              -35.3165010953553
            ],
            [
              148.878073547112,
              -35.3165621374234
            ],
            [
              148.878159978577,
              -35.3166465178585
            ],
            [
              148.878222290289,
              -35.3167282050864
            ],
            [
              148.878270404589,
              -35.3167856551486
            ],
            [
              148.87828442805,
              -35.3168843960231
            ],
            [
              148.878314895272,
              -35.3169849323661
            ],
            [
              148.878317967732,
              -35.3170773893127
            ],
            [
              148.87823545769,
              -35.3171904896902
            ],
            [
              148.878141083199,
              -35.3172192112908
            ],
            [
              148.878057769082,
              -35.3172084369237
            ],
            [
              148.877940488735,
              -35.3171850954091
            ],
            [
              148.877835149956,
              -35.3172138158216
            ],
            [
              148.877654005065,
              -35.3173017788752
            ],
            [
              148.877429205331,
              -35.317301771775
            ],
            [
              148.877229507775,
              -35.3173520316706
            ],
            [
              148.87705296247,
              -35.3173502304853
            ],
            [
              148.87690048302,
              -35.3173726654672
            ],
            [
              148.876793961676,
              -35.3174372907491
            ],
            [
              148.876693899243,
              -35.3175521844248
            ],
            [
              148.8766825429,
              -35.3177164518431
            ],
            [
              148.876779944322,
              -35.3177990392735
            ],
            [
              148.877003512773,
              -35.3178564962629
            ],
            [
              148.877161286073,
              -35.3179139513884
            ],
            [
              148.877411142889,
              -35.3179839760524
            ],
            [
              148.877544838703,
              -35.3180216814719
            ],
            [
              148.877624824648,
              -35.3180495108256
            ],
            [
              148.877728941739,
              -35.3180746483193
            ],
            [
              148.877791379085,
              -35.3181033749308
            ],
            [
              148.877918500037,
              -35.3181392843395
            ],
            [
              148.877983131898,
              -35.318168011014
            ],
            [
              148.878126599408,
              -35.3182470075126
            ],
            [
              148.878163551686,
              -35.3183879373399
            ],
            [
              148.878201733632,
              -35.3184723164094
            ],
            [
              148.878256276195,
              -35.3185943967508
            ],
            [
              148.878332755642,
              -35.3187146829015
            ],
            [
              148.878372087438,
              -35.3187766210705
            ],
            [
              148.878477159094,
              -35.3188627967907
            ],
            [
              148.87857030732,
              -35.3188897285653
            ],
            [
              148.878809366834,
              -35.3188897345052
            ],
            [
              148.87896398445,
              -35.3188915331534
            ],
            [
              148.879151567442,
              -35.3188646082989
            ],
            [
              148.879263497038,
              -35.3188322953116
            ],
            [
              148.87941603806,
              -35.3187838254551
            ],
            [
              148.879589365189,
              -35.3187568998058
            ],
            [
              148.879720957373,
              -35.3187569017654
            ],
            [
              148.87984821769,
              -35.3187335653158
            ],
            [
              148.879976524489,
              -35.3187317717497
            ],
            [
              148.880108117712,
              -35.3187317732718
            ],
            [
              148.880250583419,
              -35.318771271231
            ],
            [
              148.880377639034,
              -35.3188359028139
            ],
            [
              148.880522220469,
              -35.3189095104386
            ],
            [
              148.88061957612,
              -35.3190136375462
            ],
            [
              148.880680821006,
              -35.3190845513487
            ],
            [
              148.880715641642,
              -35.3192012450709
            ],
            [
              148.880703449558,
              -35.3192568980549
            ],
            [
              148.880711980461,
              -35.3193610241384
            ],
            [
              148.880729165289,
              -35.319516315565
            ],
            [
              148.880742120087,
              -35.3196042849312
            ],
            [
              148.880807679188,
              -35.3197066158015
            ],
            [
              148.880962183639,
              -35.3197577825331
            ],
            [
              148.881077323821,
              -35.3197595779249
            ],
            [
              148.881156176606,
              -35.3198044606128
            ],
            [
              148.881270112621,
              -35.3198529334517
            ],
            [
              148.881386175103,
              -35.3199301302123
            ],
            [
              148.881491305671,
              -35.3199929651978
            ],
            [
              148.881613938218,
              -35.3200746500725
            ],
            [
              148.881725611178,
              -35.3201536430662
            ],
            [
              148.881850447931,
              -35.3202308397991
            ],
            [
              148.88197974537,
              -35.3202757208843
            ],
            [
              148.882107960038,
              -35.3203152166981
            ],
            [
              148.882157299126,
              -35.320318807339
            ],
            [
              148.882239497091,
              -35.32034034969
            ],
            [
              148.882346911917,
              -35.3203636882059
            ],
            [
              148.882485970789,
              -35.3204561439182
            ],
            [
              148.882528586299,
              -35.3205225687354
            ],
            [
              148.882504287034,
              -35.3205979710148
            ],
            [
              148.882447208972,
              -35.3206213099527
            ],
            [
              148.882395579868,
              -35.3206590110817
            ],
            [
              148.882312182464,
              -35.3206823496421
            ],
            [
              148.882227650432,
              -35.3207218468737
            ],
            [
              148.882151889461,
              -35.3207622406259
            ],
            [
              148.882114363942,
              -35.3208663669994
            ],
            [
              148.882079827981,
              -35.3211006508133
            ],
            [
              148.882078188056,
              -35.3213358314875
            ],
            [
              148.882077879609,
              -35.3214695797071
            ],
            [
              148.882074187866,
              -35.32164372153
            ],
            [
              148.882083811841,
              -35.3217505404382
            ],
            [
              148.882115331957,
              -35.3218726194288
            ],
            [
              148.882146944146,
              -35.3219552016906
            ],
            [
              148.88231785138,
              -35.3220288072755
            ],
            [
              148.882428601032,
              -35.3220341928949
            ],
            [
              148.882585421388,
              -35.3220341918099
            ],
            [
              148.882818954636,
              -35.322057528091
            ],
            [
              148.883038234368,
              -35.3220790692465
            ],
            [
              148.883131462055,
              -35.3220736825104
            ],
            [
              148.883217025387,
              -35.3220629094539
            ],
            [
              148.88340111244,
              -35.3221284341429
            ],
            [
              148.883551127769,
              -35.3222271718892
            ],
            [
              148.883598020137,
              -35.3223420690872
            ],
            [
              148.883634996593,
              -35.3224776117433
            ],
            [
              148.883643140495,
              -35.3227522892773
            ],
            [
              148.883664591037,
              -35.3229632337899
            ],
            [
              148.883687117914,
              -35.3231831552104
            ],
            [
              148.883697801113,
              -35.3233070288529
            ],
            [
              148.883732428617,
              -35.3235107919065
            ],
            [
              148.883794663624,
              -35.3236310745365
            ],
            [
              148.883794602072,
              -35.3236580033862
            ],
            [
              148.883887593423,
              -35.3237567422794
            ],
            [
              148.884077122992,
              -35.3238420138469
            ],
            [
              148.884267775844,
              -35.3239156161865
            ],
            [
              148.884439761934,
              -35.3239999904773
            ],
            [
              148.884611619041,
              -35.324140915175
            ],
            [
              148.884773572166,
              -35.3242971001418
            ],
            [
              148.884908089519,
              -35.3244613649543
            ],
            [
              148.885105100908,
              -35.3246337054033
            ],
            [
              148.885257167278,
              -35.3247979692545
            ],
            [
              148.885377518039,
              -35.3249236344808
            ],
            [
              148.885528600503,
              -35.3250385273607
            ],
            [
              148.885696251793,
              -35.3251013567786
            ],
            [
              148.885860767451,
              -35.3250959654356
            ],
            [
              148.885984705907,
              -35.3250905750728
            ],
            [
              148.886217422929,
              -35.3249936213738
            ],
            [
              148.88635244883,
              -35.3249343722504
            ],
            [
              148.886494076253,
              -35.3248661461567
            ],
            [
              148.886763000002,
              -35.3247611120199
            ],
            [
              148.886892607488,
              -35.3246731375183
            ],
            [
              148.887106815361,
              -35.3245151434497
            ],
            [
              148.887307849337,
              -35.3243634337533
            ],
            [
              148.887494558107,
              -35.3242413464094
            ],
            [
              148.887618751769,
              -35.324121056423
            ],
            [
              148.887771461024,
              -35.3239998674684
            ],
            [
              148.887924164267,
              -35.323881372198
            ],
            [
              148.888080182808,
              -35.3237512060022
            ],
            [
              148.888227193494,
              -35.3237260645994
            ],
            [
              148.888310559822,
              -35.3237170829343
            ],
            [
              148.888480492624,
              -35.3237404127977
            ],
            [
              148.888572370679,
              -35.3238490218374
            ],
            [
              148.888672820801,
              -35.3240482910577
            ],
            [
              148.888745864358,
              -35.3242430742101
            ],
            [
              148.888810213172,
              -35.324402850562
            ],
            [
              148.88884832714,
              -35.3245240293771
            ],
            [
              148.888894108387,
              -35.3246496960816
            ],
            [
              148.88899571912,
              -35.3248211381881
            ],
            [
              148.889071099383,
              -35.3249521886411
            ],
            [
              148.889199081328,
              -35.3251011894483
            ],
            [
              148.889325952609,
              -35.3252564722159
            ],
            [
              148.889441883482,
              -35.3254000869528
            ],
            [
              148.8894778971,
              -35.3254799748501
            ],
            [
              148.889581713597,
              -35.325646928357
            ],
            [
              148.88968126267,
              -35.3257600242651
            ],
            [
              148.889785196806,
              -35.3258740170617
            ],
            [
              148.889840921619,
              -35.3259673675322
            ],
            [
              148.889926253343,
              -35.3260625115495
            ],
            [
              148.889980947767,
              -35.3261262402076
            ],
            [
              148.889985164116,
              -35.3262034364374
            ],
            [
              148.889923475031,
              -35.3263273150033
            ],
            [
              148.889828923823,
              -35.326433242211
            ],
            [
              148.889724595281,
              -35.3264969817862
            ],
            [
              148.889596220643,
              -35.3265239198573
            ],
            [
              148.889459083983,
              -35.3265454719886
            ],
            [
              148.889359275688,
              -35.326549068827
            ],
            [
              148.889251797817,
              -35.3265490756668
            ],
            [
              148.889141046254,
              -35.326541901493
            ],
            [
              148.889002876851,
              -35.3265347284183
            ],
            [
              148.888908515792,
              -35.326554482645
            ],
            [
              148.888788762985,
              -35.3266496392551
            ],
            [
              148.88875799053,
              -35.3266783651426
            ],
            [
              148.888688726109,
              -35.3267555665778
            ],
            [
              148.88864896656,
              -35.3268803405328
            ],
            [
              148.888611422592,
              -35.3269952396339
            ],
            [
              148.888566241136,
              -35.3270921877633
            ],
            [
              148.888504566972,
              -35.3272079858715
            ],
            [
              148.888444070468,
              -35.3272869812496
            ],
            [
              148.888361608464,
              -35.3273803404162
            ],
            [
              148.888225491171,
              -35.3274360018281
            ],
            [
              148.888137801754,
              -35.3274144629542
            ],
            [
              148.888056764223,
              -35.3273606092723
            ],
            [
              148.888000028201,
              -35.327229557291
            ],
            [
              148.888019059391,
              -35.327056311933
            ],
            [
              148.887999739408,
              -35.3268678086199
            ],
            [
              148.888014367934,
              -35.3267017451159
            ],
            [
              148.888044328771,
              -35.3265455545786
            ],
            [
              148.888098418167,
              -35.3263884651142
            ],
            [
              148.888119648108,
              -35.3262125267589
            ],
            [
              148.888060701564,
              -35.3260895536756
            ],
            [
              148.888030270749,
              -35.3259656816406
            ],
            [
              148.887998718783,
              -35.3258525805815
            ],
            [
              148.887877324919,
              -35.3257008863974
            ],
            [
              148.887732877566,
              -35.325559066918
            ],
            [
              148.887604733469,
              -35.3254836717587
            ],
            [
              148.887542308308,
              -35.3254450766251
            ],
            [
              148.887456802437,
              -35.3254289231247
            ],
            [
              148.88738431789,
              -35.3254747061347
            ],
            [
              148.887350005937,
              -35.3256147387157
            ],
            [
              148.887280578934,
              -35.325763749839
            ],
            [
              148.8872757147,
              -35.3259764909158
            ],
            [
              148.887275326851,
              -35.3261497344823
            ],
            [
              148.88731780417,
              -35.3262807877342
            ],
            [
              148.887410697857,
              -35.3264262003059
            ],
            [
              148.887471853957,
              -35.3265419927617
            ],
            [
              148.887519891518,
              -35.3266389352763
            ],
            [
              148.887551320439,
              -35.3268067920175
            ],
            [
              148.887559880341,
              -35.3269019412468
            ],
            [
              148.887547423186,
              -35.3270778786307
            ],
            [
              148.887508777496,
              -35.3271936763157
            ],
            [
              148.887469038253,
              -35.3273085760109
            ],
            [
              148.887438076423,
              -35.3274216798012
            ],
            [
              148.887389614144,
              -35.3275141386303
            ],
            [
              148.887234717788,
              -35.3276290433668
            ],
            [
              148.88711737637,
              -35.3276254582851
            ],
            [
              148.886968161344,
              -35.3276523935452
            ],
            [
              148.886905599296,
              -35.327673939648
            ],
            [
              148.88686379869,
              -35.3277295956088
            ],
            [
              148.886863522116,
              -35.3278525715905
            ],
            [
              148.886915866336,
              -35.3279854200174
            ],
            [
              148.886980262988,
              -35.3281236526116
            ],
            [
              148.887008509703,
              -35.3282430378026
            ],
            [
              148.887073886124,
              -35.3284333338285
            ],
            [
              148.8871921581,
              -35.3286279218635
            ],
            [
              148.887198500187,
              -35.3287801366272
            ],
            [
              148.887213106369,
              -35.3287852113625
            ],
            [
              148.887373855491,
              -35.3289006269187
            ],
            [
              148.887553314142,
              -35.3290258724483
            ],
            [
              148.887724032768,
              -35.32917626811
            ],
            [
              148.887905816327,
              -35.3293598446377
            ],
            [
              148.888068802408,
              -35.3294923074034
            ],
            [
              148.88821977123,
              -35.3296597982757
            ],
            [
              148.888247512444,
              -35.3297799996844
            ],
            [
              148.888289617376,
              -35.3299333766001
            ],
            [
              148.888298789724,
              -35.3301092645107
            ],
            [
              148.888333337137,
              -35.3303272766709
            ],
            [
              148.888351254568,
              -35.3304798107897
            ],
            [
              148.888410023059,
              -35.3307139235508
            ],
            [
              148.88839729602,
              -35.3309302483127
            ],
            [
              148.888348218056,
              -35.3311134472211
            ],
            [
              148.888303440014,
              -35.3312508640775
            ],
            [
              148.888252185504,
              -35.3314448386966
            ],
            [
              148.888225104969,
              -35.3316324755797
            ],
            [
              148.888201373448,
              -35.3318443365612
            ],
            [
              148.888170974003,
              -35.3320230063611
            ],
            [
              148.888162537806,
              -35.3321899592928
            ],
            [
              148.888147502213,
              -35.3323560290506
            ],
            [
              148.888117031819,
              -35.3325014911366
            ],
            [
              148.888115066561,
              -35.33261009233
            ],
            [
              148.888206549175,
              -35.332719380077
            ],
            [
              148.88826179147,
              -35.3328467002519
            ],
            [
              148.888439910871,
              -35.3328552736897
            ],
            [
              148.888614642802,
              -35.332822570015
            ],
            [
              148.888743203907,
              -35.3327917650749
            ],
            [
              148.888899122767,
              -35.3327016642407
            ],
            [
              148.889053971792,
              -35.3326259250922
            ],
            [
              148.889161546649,
              -35.3325493948422
            ],
            [
              148.889307511288,
              -35.3324323905452
            ],
            [
              148.889420568512,
              -35.3323495655205
            ],
            [
              148.889563408713,
              -35.3323133427624
            ],
            [
              148.889774515081,
              -35.332325430134
            ],
            [
              148.88985053911,
              -35.3324024419195
            ],
            [
              148.889838656768,
              -35.3324993980478
            ],
            [
              148.889743203297,
              -35.3325884662639
            ],
            [
              148.889720345209,
              -35.3326944217938
            ],
            [
              148.889707385638,
              -35.3328021500147
            ],
            [
              148.889679076425,
              -35.3329287609991
            ],
            [
              148.889696887405,
              -35.3330310343324
            ],
            [
              148.889679538409,
              -35.3331423633784
            ],
            [
              148.889658916506,
              -35.3332653661307
            ],
            [
              148.889607427242,
              -35.3333498467873
            ],
            [
              148.889606560817,
              -35.3334575481809
            ],
            [
              148.889558450649,
              -35.3335788188384
            ],
            [
              148.889461828674,
              -35.3336364768496
            ],
            [
              148.889396156083,
              -35.3337712492825
            ],
            [
              148.889304000962,
              -35.333861206797
            ],
            [
              148.889212977489,
              -35.3339664193847
            ],
            [
              148.889213244584,
              -35.3340902720076
            ],
            [
              148.889387166895,
              -35.3341903978478
            ],
            [
              148.889511493913,
              -35.3342340940417
            ],
            [
              148.889667642877,
              -35.3342498959162
            ],
            [
              148.889806167117,
              -35.3342495815665
            ],
            [
              148.890025967209,
              -35.3342122863609
            ],
            [
              148.890128129578,
              -35.3341743604937
            ],
            [
              148.890222635139,
              -35.3341544009995
            ],
            [
              148.890375470488,
              -35.3341630289214
            ],
            [
              148.890519495079,
              -35.3341644965906
            ],
            [
              148.890614233376,
              -35.3342513383654
            ],
            [
              148.890745236838,
              -35.3343318149457
            ],
            [
              148.890892638336,
              -35.3343691751518
            ],
            [
              148.89089277207,
              -35.3344302039616
            ],
            [
              148.890798533735,
              -35.3345731195299
            ],
            [
              148.890698773512,
              -35.3347043798853
            ],
            [
              148.890610926622,
              -35.3347530439925
            ],
            [
              148.890518697935,
              -35.3348088986739
            ],
            [
              148.89046931406,
              -35.334850295062
            ],
            [
              148.890385933485,
              -35.3349303615681
            ],
            [
              148.890310104795,
              -35.3349448930441
            ],
            [
              148.890181548691,
              -35.3349792895029
            ],
            [
              148.890024383941,
              -35.3350029804201
            ],
            [
              148.889904649426,
              -35.3350499213525
            ],
            [
              148.889757476675,
              -35.3351184645748
            ],
            [
              148.889655336013,
              -35.3351671603897
            ],
            [
              148.8895763372,
              -35.3352409336687
            ],
            [
              148.889534740075,
              -35.3353244942191
            ],
            [
              148.889517471671,
              -35.3354735167475
            ],
            [
              148.889536387682,
              -35.335577583056
            ],
            [
              148.889587261134,
              -35.3357165798243
            ],
            [
              148.889611673532,
              -35.3358206331974
            ],
            [
              148.88960954463,
              -35.3358529475847
            ],
            [
              148.889637354132,
              -35.3360027663106
            ],
            [
              148.889682741657,
              -35.3361462617944
            ],
            [
              148.889742408024,
              -35.3362834432343
            ],
            [
              148.889770309149,
              -35.3364754430839
            ],
            [
              148.889766086631,
              -35.3365562267274
            ],
            [
              148.889715748443,
              -35.3366649378798
            ],
            [
              148.889676328021,
              -35.3367386215254
            ],
            [
              148.889628116285,
              -35.3368141194705
            ],
            [
              148.889577766778,
              -35.3369183429259
            ],
            [
              148.889573701053,
              -35.3370718226076
            ],
            [
              148.889598230342,
              -35.3372297261357
            ],
            [
              148.889611701141,
              -35.3373580367472
            ],
            [
              148.889598659706,
              -35.3374280704939
            ],
            [
              148.88959978621,
              -35.3374406328318
            ],
            [
              148.889682356674,
              -35.3374925004262
            ],
            [
              148.88980343911,
              -35.3375586409616
            ],
            [
              148.88992889044,
              -35.3376113090961
            ],
            [
              148.890064103439,
              -35.3376020272391
            ],
            [
              148.890191566871,
              -35.3375685314435
            ],
            [
              148.890340989103,
              -35.3375215224739
            ],
            [
              148.890427727891,
              -35.3374674757032
            ],
            [
              148.890534217403,
              -35.3373954345753
            ],
            [
              148.890613047252,
              -35.3372435799969
            ],
            [
              148.890648057592,
              -35.3371645207163
            ],
            [
              148.890650996818,
              -35.3369993757279
            ],
            [
              148.89072758381,
              -35.3368277811023
            ],
            [
              148.890820746684,
              -35.3366947406527
            ],
            [
              148.890879916585,
              -35.3366030614168
            ],
            [
              148.890878670473,
              -35.336535752844
            ],
            [
              148.890822404126,
              -35.3364461313164
            ],
            [
              148.890794819974,
              -35.3364013196146
            ],
            [
              148.890840634391,
              -35.3362351792216
            ],
            [
              148.89087783887,
              -35.3361543203464
            ],
            [
              148.891010618861,
              -35.3360391394337
            ],
            [
              148.891146817372,
              -35.3359795951035
            ],
            [
              148.891260975332,
              -35.3358958685277
            ],
            [
              148.891416767279,
              -35.3357465295811
            ],
            [
              148.891517670906,
              -35.3356350104912
            ],
            [
              148.891599877621,
              -35.3355208413818
            ],
            [
              148.891655637748,
              -35.3353789106697
            ],
            [
              148.891735588238,
              -35.3352387198623
            ],
            [
              148.891773734873,
              -35.3350869568544
            ],
            [
              148.891782208079,
              -35.334939748587
            ],
            [
              148.891778738831,
              -35.3348616744877
            ],
            [
              148.891778455531,
              -35.3347324364582
            ],
            [
              148.891800136792,
              -35.3345923779107
            ],
            [
              148.891826277349,
              -35.334480132077
            ],
            [
              148.891853609089,
              -35.3344100655145
            ],
            [
              148.891936777513,
              -35.3342339667359
            ],
            [
              148.89200688887,
              -35.3341198253368
            ],
            [
              148.892095783121,
              -35.3340478230514
            ],
            [
              148.89219682852,
              -35.3340027169245
            ],
            [
              148.892296892916,
              -35.3340114636552
            ],
            [
              148.892342027537,
              -35.3340382851492
            ],
            [
              148.89243565408,
              -35.3341188456884
            ],
            [
              148.892511729168,
              -35.3342173951717
            ],
            [
              148.892550422846,
              -35.3343151335402
            ],
            [
              148.892589092058,
              -35.3344012046742
            ],
            [
              148.892582763653,
              -35.3345232780957
            ],
            [
              148.892576402843,
              -35.3346300936263
            ],
            [
              148.892564601716,
              -35.3347629503045
            ],
            [
              148.89254503719,
              -35.3348653089909
            ],
            [
              148.892537544965,
              -35.3349577673373
            ],
            [
              148.89260038045,
              -35.3350348080188
            ],
            [
              148.892719168393,
              -35.3350578713454
            ],
            [
              148.892796122513,
              -35.3350558997822
            ],
            [
              148.892913696336,
              -35.335026910464
            ],
            [
              148.89303116268,
              -35.3349494573683
            ],
            [
              148.893130977522,
              -35.3348442223596
            ],
            [
              148.89322315621,
              -35.3347668262389
            ],
            [
              148.893354962694,
              -35.3347108795624
            ],
            [
              148.893476901518,
              -35.3346675194484
            ],
            [
              148.893621947323,
              -35.3346330820042
            ],
            [
              148.893723059944,
              -35.3346184903381
            ],
            [
              148.893870403563,
              -35.334628920891
            ],
            [
              148.894085934756,
              -35.3346499655026
            ],
            [
              148.894204802414,
              -35.3347089259383
            ],
            [
              148.894283002743,
              -35.3347733658239
            ],
            [
              148.894337089355,
              -35.3348701708205
            ],
            [
              148.89470424657,
              -35.3350783110444
            ]
          ]
        ]
      },
      "properties": {
        "OBJECTID": 50,
        "DISTRICT_CODE": 12,
        "DISTRICT_NAME": "COTTER RIVER",
        "DISTRICT_SHORT": "COTT",
        "ID": 5,
        "LAST_UPDATE_DATE": "Mon, 17 May 1993 00:00:00 GMT",
        "GlobalID": "faaf0f1f-e4f8-424e-afbe-55df33729b0e"
      }
    }
}